CustomerID,FeedbackDate,ProductCategory,SubCategory,Channel,Region,Rating,FeedbackTitle,Feedback,Sentiment,ResponseDays,Resolved,Agent,Priority
C1171,2025-05-30,home,furniture,email,south,5,Good,Excellent product,positive,11,no,Chris,high
C1274,2025-05-05,beauty,skin,mobile app,south,1,Good,poor quality,negative,10,no,Bob,high
C1063,2025-09-07,grocery,food,email,west,4,Average,Great support,positive,8,no,Chris,high
C1085,2025-11-24,grocery,beverage,social media,west,2,Good,app crash,negative,8,no,Chris,medium
C1249,2025-09-22,grocery,food,social media,west,3,Review,average experience,neutral,3,no,Alice,high
C1177,2025-07-20,electronics,laptop,mobile app,east,1,No Title,bad packaging,negative,4,yes,Deepa,high
C1077,2025-09-15,electronics,mobile,website,south,2,Good,support not helpful,negative,12,no,Bob,medium
C1168,2025-09-09,electronics,laptop,social media,south,5,Good,Great support,positive,4,yes,Bob,high
C1091,2025-06-24,fashion,women,email,east,2,Average,app crash,negative,1,no,Bob,medium
C1182,2026-03-03,fashion,women,mobile app,north,4,Average,Great support,positive,11,yes,Bob,high
C1123,2025-09-18,electronics,mobile,email,west,1,Review,poor quality,negative,3,no,Alice,low
C1232,2025-10-05,fashion,women,survey,south,5,Good,Excellent product,positive,12,no,Alice,high
C1245,2026-03-26,grocery,food,mobile app,south,2,Good,poor quality,negative,8,yes,Esha,medium
C1245,2025-10-11,grocery,beverage,mobile app,east,4,Good,Highly recommend,positive,6,yes,Alice,high
C1280,2026-03-28,electronics,laptop,website,south,2,No Title,bad packaging,negative,15,yes,Chris,high
C1124,2026-03-21,home,kitchen,email,south,2,No Title,late delivery,negative,14,yes,Bob,low
C1276,2025-02-06,electronics,laptop,mobile app,south,1,Average,app crash,negative,14,no,Deepa,low
C1027,2025-03-08,beauty,hair,mobile app,east,1,Average,app crash,negative,5,yes,Esha,medium
C1080,2025-08-16,electronics,laptop,email,north,3,Good,acceptable,neutral,14,no,Bob,low
C1249,2025-12-13,grocery,beverage,survey,west,5,Review,Highly recommend,positive,5,no,Chris,low
C1034,2025-01-15,home,kitchen,mobile app,east,3,No Title,acceptable,neutral,8,no,Alice,low
C1094,2026-01-02,home,furniture,survey,south,1,No Title,support not helpful,negative,2,no,Deepa,medium
C1003,2025-03-21,fashion,men,survey,south,2,Average,poor quality,negative,3,no,Chris,medium
C1209,2025-03-18,fashion,women,website,south,1,Review,poor quality,negative,12,yes,Esha,high
C1085,2025-11-01,fashion,men,survey,west,3,No Title,average experience,neutral,6,yes,Bob,high
C1122,2025-04-16,home,kitchen,website,south,5,Review,Great support,positive,5,yes,Deepa,high
C1203,2025-08-30,beauty,hair,website,east,5,Bad,Fast delivery,positive,1,no,Esha,high
C1257,2026-04-18,electronics,laptop,website,south,5,Good,Highly recommend,positive,12,yes,Bob,low
C1039,2025-02-10,beauty,hair,survey,west,4,Average,Loved it,positive,6,yes,Alice,high
C1074,2026-01-17,beauty,hair,website,north,2,No Title,No Feedback,negative,11,yes,Esha,medium
C1290,2025-11-15,fashion,men,survey,north,5,Bad,Excellent product,positive,2,no,Chris,high
C1162,2025-03-03,home,kitchen,email,north,4,Review,Excellent product,positive,15,no,Alice,high
C1239,2025-04-02,grocery,beverage,website,south,1,No Title,app crash,negative,4,yes,Deepa,medium
C1136,2025-02-05,beauty,skin,survey,east,3,Bad,okay product,neutral,3,yes,Esha,medium
C1202,2025-01-01,home,kitchen,survey,south,4,Average,Great support,positive,8,yes,Deepa,high
C1067,2025-07-23,beauty,hair,website,north,2,Good,poor quality,negative,6,no,Alice,high
C1082,2025-10-05,home,furniture,email,south,2,Review,support not helpful,negative,10,no,Deepa,medium
C1117,2025-06-10,electronics,laptop,website,south,2,No Title,No Feedback,negative,12,yes,Deepa,high
C1015,2025-12-04,grocery,beverage,email,west,3,Review,okay product,neutral,3,yes,Deepa,medium
C1211,2025-10-18,beauty,hair,mobile app,west,3,No Title,nothing special,neutral,15,no,Chris,medium
C1090,2026-05-13,home,furniture,email,south,1,Bad,late delivery,negative,8,no,Deepa,high
C1126,2025-10-27,beauty,skin,website,east,4,Review,Fast delivery,positive,15,yes,Deepa,high
C1212,2025-07-16,home,kitchen,social media,south,3,Bad,okay product,neutral,5,no,Deepa,medium
C1228,2025-06-14,electronics,mobile,mobile app,south,5,Average,No Feedback,positive,14,yes,Esha,low
C1143,2026-04-25,fashion,men,social media,north,1,No Title,support not helpful,negative,3,yes,Deepa,medium
C1006,2026-04-12,grocery,food,survey,west,1,No Title,app crash,negative,15,no,Chris,high
C1064,2025-02-20,electronics,laptop,email,west,5,Good,No Feedback,positive,1,no,Chris,medium
C1242,2025-01-01,grocery,food,website,south,5,Good,Great support,positive,2,yes,Alice,medium
C1042,2025-06-24,beauty,skin,social media,west,3,Average,average experience,neutral,9,yes,Chris,high
C1114,2025-06-24,fashion,women,website,south,5,Good,Highly recommend,positive,5,no,Alice,medium
C1022,2026-04-26,beauty,hair,website,south,5,Average,Loved it,positive,5,yes,Esha,high
C1239,2026-03-22,fashion,women,email,west,2,Good,support not helpful,negative,1,no,Esha,high
C1165,2025-04-18,electronics,mobile,website,south,3,Good,No Feedback,neutral,4,yes,Deepa,low
C1145,2026-01-12,beauty,skin,website,west,5,Bad,Great support,positive,8,yes,Chris,medium
C1050,2026-04-16,electronics,laptop,social media,east,5,No Title,No Feedback,positive,5,no,Alice,low
C1006,2025-11-19,beauty,hair,website,south,3,Review,acceptable,neutral,3,no,Chris,high
C1268,2025-03-02,fashion,men,website,south,2,No Title,poor quality,negative,8,yes,Alice,medium
C1137,2025-11-18,home,furniture,survey,north,1,Good,app crash,negative,10,no,Esha,medium
C1211,2026-04-30,home,furniture,website,south,4,Bad,Highly recommend,positive,3,yes,Bob,high
C1068,2025-04-30,electronics,laptop,mobile app,west,5,Bad,Excellent product,positive,5,no,Deepa,high
C1197,2025-01-20,beauty,skin,website,south,2,Good,late delivery,negative,15,no,Bob,high
C1298,2026-01-17,grocery,beverage,email,south,5,Average,No Feedback,positive,8,yes,Chris,low
C1083,2025-04-24,beauty,skin,social media,east,1,Average,app crash,negative,2,yes,Alice,medium
C1146,2025-05-06,beauty,hair,social media,south,3,Good,okay product,neutral,1,no,Bob,medium
C1285,2025-02-03,home,kitchen,email,south,5,Review,No Feedback,positive,11,no,Deepa,medium
C1263,2025-11-15,home,furniture,mobile app,east,2,Average,late delivery,negative,3,no,Chris,low
C1199,2025-02-17,fashion,women,website,south,1,No Title,poor quality,negative,10,yes,Alice,high
C1010,2026-04-19,electronics,mobile,mobile app,west,5,Good,Excellent product,positive,8,yes,Esha,high
C1090,2025-04-06,home,kitchen,website,east,4,Review,No Feedback,positive,11,no,Chris,high
C1185,2025-09-18,home,kitchen,survey,west,2,Good,poor quality,negative,9,yes,Alice,low
C1071,2025-04-04,home,furniture,social media,east,3,No Title,acceptable,neutral,13,yes,Alice,medium
C1280,2025-11-14,fashion,women,survey,north,4,Good,Fast delivery,positive,14,no,Alice,low
C1120,2025-02-20,electronics,laptop,website,north,1,Review,late delivery,negative,1,no,Alice,high
C1252,2025-06-13,electronics,mobile,mobile app,east,2,Average,bad packaging,negative,9,yes,Deepa,low
C1279,2026-04-14,fashion,men,website,east,2,Average,poor quality,negative,4,yes,Bob,high
C1200,2025-03-09,fashion,women,mobile app,west,4,Review,Highly recommend,positive,12,no,Chris,high
C1042,2026-01-24,fashion,women,mobile app,north,1,No Title,bad packaging,negative,7,yes,Alice,high
C1199,2026-04-08,home,furniture,website,south,2,No Title,bad packaging,negative,12,no,Alice,high
C1191,2025-09-01,fashion,women,email,east,5,Average,Great support,positive,7,yes,Esha,high
C1236,2026-02-09,electronics,laptop,social media,north,1,No Title,late delivery,negative,14,yes,Chris,low
C1043,2025-02-23,fashion,men,website,north,2,Good,late delivery,negative,12,yes,Esha,high
C1005,2025-12-08,home,furniture,mobile app,east,5,Good,No Feedback,positive,1,yes,Alice,high
C1211,2025-12-29,grocery,food,social media,south,4,Average,Great support,positive,11,no,Alice,medium
C1025,2025-01-19,beauty,skin,website,south,1,Review,bad packaging,negative,11,yes,Deepa,high
C1089,2026-01-23,electronics,laptop,social media,west,3,Average,okay product,neutral,6,no,Esha,high
C1115,2026-04-19,fashion,women,survey,west,5,Review,Great support,positive,14,no,Deepa,medium
C1037,2025-08-01,grocery,food,survey,north,2,Good,support not helpful,negative,15,no,Esha,medium
C1183,2025-03-13,home,kitchen,email,south,2,Good,support not helpful,negative,1,no,Deepa,low
C1282,2025-05-24,fashion,women,mobile app,south,4,Review,Highly recommend,positive,9,no,Alice,high
C1146,2025-12-20,electronics,mobile,survey,east,4,Review,Excellent product,positive,7,no,Alice,medium
C1298,2025-03-18,fashion,men,mobile app,south,4,No Title,Great support,positive,13,yes,Chris,medium
C1082,2026-04-16,grocery,food,survey,south,3,Good,okay product,neutral,12,yes,Bob,high
C1299,2026-04-08,home,kitchen,website,north,5,Average,Fast delivery,positive,9,yes,Esha,medium
C1035,2025-01-22,fashion,women,survey,south,3,Bad,works fine,neutral,5,no,Bob,low
C1068,2026-01-08,grocery,food,social media,north,1,Bad,late delivery,negative,13,no,Bob,low
C1117,2025-09-02,home,kitchen,website,south,3,Bad,average experience,neutral,5,no,Alice,medium
C1045,2025-11-12,beauty,skin,social media,west,4,Bad,No Feedback,positive,11,yes,Alice,medium
C1161,2026-03-18,electronics,mobile,email,south,1,No Title,app crash,negative,13,no,Deepa,low
C1268,2026-04-20,home,furniture,website,west,2,Good,support not helpful,negative,1,yes,Alice,high
C1280,2025-01-09,beauty,hair,website,south,1,Good,support not helpful,negative,5,yes,Bob,medium
C1156,2025-04-07,fashion,men,website,south,4,Average,Loved it,positive,13,yes,Alice,high
C1130,2025-12-21,home,furniture,website,west,2,Good,bad packaging,negative,2,no,Chris,high
C1148,2025-05-28,beauty,skin,website,south,3,Review,average experience,neutral,1,no,Alice,low
C1130,2025-09-23,beauty,skin,website,east,2,Review,app crash,negative,5,yes,Deepa,high
C1007,2025-11-10,home,furniture,website,west,4,Average,Excellent product,positive,6,no,Deepa,high
C1076,2025-03-02,grocery,food,website,south,3,Average,acceptable,neutral,14,no,Esha,high
C1091,2025-05-12,home,furniture,website,south,1,No Title,poor quality,negative,5,no,Bob,low
C1280,2026-05-03,electronics,laptop,email,east,1,Bad,late delivery,negative,14,yes,Bob,high
C1121,2025-02-24,beauty,hair,website,west,4,Good,Fast delivery,positive,12,no,Deepa,high
C1047,2025-05-16,beauty,hair,mobile app,south,5,No Title,Highly recommend,positive,5,yes,Esha,medium
C1287,2026-02-04,fashion,women,mobile app,west,4,Good,Great support,positive,6,no,Chris,low
C1273,2026-03-16,fashion,men,social media,south,3,No Title,okay product,neutral,5,no,Deepa,medium
C1081,2026-04-26,electronics,mobile,email,west,4,Review,Fast delivery,positive,6,yes,Deepa,high
C1161,2026-02-12,beauty,skin,website,south,1,Good,support not helpful,negative,14,yes,Deepa,low
C1016,2025-02-13,beauty,hair,email,south,4,Average,Excellent product,positive,12,yes,Deepa,medium
C1029,2026-03-29,home,kitchen,survey,south,3,Bad,works fine,neutral,2,no,Chris,medium
C1138,2025-02-08,home,kitchen,mobile app,north,4,Average,Highly recommend,positive,10,yes,Deepa,medium
C1128,2025-10-02,home,kitchen,website,south,4,Review,Loved it,positive,9,yes,Chris,high
C1267,2026-04-01,grocery,food,survey,west,3,Good,nothing special,neutral,7,yes,Esha,low
C1263,2025-10-18,beauty,hair,website,north,5,Bad,late delivery,positive,15,yes,Alice,low
C1161,2025-02-25,electronics,mobile,email,north,5,Good,Fast delivery,positive,15,yes,Esha,high
C1202,2026-03-16,beauty,hair,mobile app,west,5,Review,Loved it,positive,3,no,Deepa,high
C1020,2025-12-20,beauty,hair,website,south,4,Review,Excellent product,positive,8,yes,Esha,high
C1015,2025-10-26,fashion,men,survey,south,5,Review,Highly recommend,positive,11,no,Esha,medium
C1142,2026-01-04,beauty,skin,social media,south,1,Bad,late delivery,negative,15,no,Bob,high
C1006,2025-09-22,home,kitchen,mobile app,west,2,Bad,bad packaging,negative,7,no,Bob,high
C1115,2025-08-29,home,furniture,email,west,4,Average,Highly recommend,positive,1,no,Esha,low
C1176,2025-06-18,electronics,laptop,website,north,5,Good,Loved it,positive,5,no,Esha,high
C1157,2026-02-26,fashion,men,mobile app,south,1,Average,bad packaging,negative,10,no,Alice,low
C1040,2025-11-28,grocery,beverage,social media,east,5,Average,Loved it,positive,8,no,Esha,high
C1027,2025-02-23,electronics,mobile,mobile app,north,1,Good,app crash,negative,13,no,Bob,high
C1028,2026-02-05,beauty,skin,mobile app,east,1,Good,app crash,negative,5,yes,Esha,medium
C1287,2025-02-25,electronics,laptop,website,east,3,Review,okay product,neutral,7,no,Esha,low
C1229,2026-01-02,home,furniture,social media,east,5,Review,Fast delivery,positive,5,no,Alice,high
C1189,2025-07-01,electronics,mobile,social media,east,2,Average,poor quality,negative,10,no,Bob,high
C1245,2026-02-04,grocery,food,website,north,1,Good,app crash,negative,4,yes,Deepa,low
C1084,2025-08-22,home,furniture,website,north,1,Bad,late delivery,negative,1,no,Chris,low
C1069,2026-05-04,electronics,mobile,survey,south,2,No Title,poor quality,negative,14,yes,Chris,medium
C1105,2025-07-15,home,kitchen,survey,north,1,Average,bad packaging,negative,12,yes,Bob,low
C1136,2025-10-22,fashion,men,social media,south,3,No Title,okay product,neutral,14,no,Deepa,high
C1086,2025-02-16,fashion,women,website,west,5,Average,No Feedback,positive,8,no,Bob,medium
C1271,2025-07-24,grocery,beverage,mobile app,south,1,Bad,support not helpful,negative,8,no,Bob,low
C1263,2025-02-14,fashion,men,website,south,2,Review,support not helpful,negative,6,yes,Bob,medium
C1070,2026-01-01,electronics,laptop,website,east,3,Bad,works fine,neutral,5,no,Alice,medium
C1253,2025-09-14,electronics,laptop,website,east,4,No Title,Excellent product,positive,3,yes,Deepa,high
C1083,2025-02-02,home,kitchen,mobile app,south,4,No Title,Great support,positive,15,yes,Deepa,medium
C1091,2026-02-11,grocery,food,mobile app,south,3,Review,works fine,neutral,10,no,Chris,high
C1093,2025-10-07,fashion,women,social media,south,3,No Title,works fine,neutral,12,yes,Deepa,medium
C1098,2025-04-22,grocery,food,email,south,4,Bad,Excellent product,positive,15,no,Bob,low
C1045,2025-08-15,fashion,men,website,east,5,Good,Excellent product,positive,15,yes,Chris,medium
C1134,2026-04-01,beauty,skin,email,south,5,Good,Highly recommend,positive,5,no,Bob,low
C1220,2025-05-11,grocery,beverage,website,south,4,Review,Excellent product,positive,5,no,Alice,high
C1129,2025-02-05,home,furniture,survey,south,1,Bad,poor quality,negative,3,no,Chris,medium
C1179,2025-10-19,grocery,food,website,south,2,Good,app crash,negative,9,no,Chris,high
C1293,2025-04-01,fashion,women,website,east,4,Average,Loved it,positive,15,yes,Bob,high
C1011,2025-09-15,fashion,women,email,south,4,No Title,Great support,positive,8,no,Bob,high
C1226,2025-09-19,electronics,mobile,website,south,1,Bad,bad packaging,negative,10,yes,Esha,high
C1190,2026-03-01,electronics,laptop,website,east,4,No Title,Great support,positive,2,yes,Esha,high
C1052,2025-09-27,electronics,laptop,mobile app,east,1,No Title,app crash,negative,14,no,Chris,low
C1098,2025-01-19,home,furniture,social media,south,1,Review,No Feedback,negative,12,no,Bob,high
C1271,2025-12-01,grocery,beverage,website,east,1,Bad,late delivery,negative,14,no,Alice,high
C1159,2025-03-15,electronics,mobile,social media,north,2,Bad,poor quality,negative,7,yes,Chris,high
C1057,2025-05-14,beauty,skin,email,east,4,Review,Great support,positive,13,yes,Deepa,medium
C1243,2025-06-19,fashion,men,mobile app,south,4,No Title,Highly recommend,positive,12,no,Chris,low
C1082,2025-12-15,home,furniture,mobile app,west,3,Review,okay product,neutral,8,yes,Alice,low
C1101,2026-04-10,beauty,skin,email,south,2,No Title,app crash,negative,12,yes,Esha,high
C1024,2025-03-05,fashion,women,website,west,5,Bad,No Feedback,positive,11,no,Chris,high
C1224,2025-06-23,fashion,men,survey,west,2,Bad,app crash,negative,13,no,Chris,high
C1100,2026-03-11,home,furniture,mobile app,south,5,Average,No Feedback,positive,5,no,Chris,high
C1098,2025-06-14,home,kitchen,website,east,2,Bad,poor quality,negative,6,yes,Deepa,low
C1127,2025-06-20,grocery,food,email,south,2,Average,late delivery,negative,14,yes,Esha,low
C1142,2026-03-28,electronics,laptop,survey,west,2,No Title,No Feedback,negative,14,no,Esha,high
C1242,2025-05-14,home,kitchen,website,west,3,Review,okay product,neutral,14,yes,Chris,low
C1034,2026-02-07,beauty,skin,website,north,1,No Title,app crash,negative,7,yes,Bob,high
C1144,2025-12-22,fashion,men,website,south,5,Bad,Excellent product,positive,13,no,Esha,high
C1000,2025-08-18,electronics,mobile,email,west,2,Good,support not helpful,negative,11,yes,Alice,low
C1076,2025-01-17,beauty,hair,mobile app,south,4,No Title,Highly recommend,positive,12,no,Esha,medium
C1008,2026-02-08,grocery,beverage,website,west,1,Bad,support not helpful,negative,13,no,Bob,high
C1253,2025-04-28,beauty,skin,website,south,1,Good,bad packaging,negative,10,no,Alice,high
C1099,2025-04-01,fashion,men,survey,south,4,Review,No Feedback,positive,7,yes,Esha,low
C1294,2025-10-02,beauty,skin,website,north,2,Good,support not helpful,negative,10,yes,Deepa,high
C1020,2025-03-23,fashion,men,social media,south,5,No Title,Great support,positive,11,no,Chris,high
C1246,2025-07-03,fashion,women,mobile app,south,3,Bad,late delivery,neutral,13,no,Alice,high
C1167,2026-04-26,home,kitchen,website,west,5,Good,Great support,positive,3,no,Deepa,medium
C1193,2025-03-13,grocery,beverage,website,east,4,Good,Great support,positive,13,no,Alice,high
C1155,2025-06-09,electronics,laptop,email,south,4,Review,Fast delivery,positive,1,yes,Bob,low
C1095,2025-05-05,home,furniture,website,south,5,No Title,Fast delivery,positive,11,yes,Chris,high
C1019,2026-01-17,fashion,women,social media,east,5,Good,Fast delivery,positive,4,yes,Esha,high
C1216,2025-02-11,grocery,food,website,south,1,Average,No Feedback,negative,9,yes,Bob,low
C1293,2025-01-10,fashion,men,survey,south,1,Good,late delivery,negative,13,no,Bob,low
C1081,2025-02-28,fashion,men,email,south,3,No Title,nothing special,neutral,13,yes,Deepa,low
C1156,2025-08-20,grocery,food,survey,west,5,Bad,Great support,positive,6,no,Chris,medium
C1291,2025-07-24,home,furniture,website,south,3,Review,acceptable,neutral,8,yes,Bob,high
C1171,2025-07-24,fashion,men,website,south,2,Good,bad packaging,negative,5,no,Alice,low
C1252,2025-06-18,fashion,women,survey,south,1,Average,bad packaging,negative,11,yes,Deepa,medium
C1134,2025-08-04,fashion,women,survey,south,1,Good,support not helpful,negative,6,yes,Alice,medium
C1197,2025-04-21,electronics,laptop,website,south,3,Good,works fine,neutral,6,yes,Alice,medium
C1092,2025-04-06,beauty,hair,website,west,4,Good,Highly recommend,positive,14,yes,Alice,low
C1003,2025-03-05,home,kitchen,website,east,4,Bad,Loved it,positive,11,no,Deepa,high
C1009,2026-02-15,electronics,laptop,website,north,2,Review,support not helpful,negative,15,yes,Deepa,medium
C1023,2025-07-31,home,kitchen,website,south,5,Review,Loved it,positive,14,no,Bob,low
C1013,2026-01-05,beauty,hair,social media,south,3,Bad,acceptable,neutral,7,no,Chris,high
C1054,2025-03-21,home,furniture,website,north,1,Good,bad packaging,negative,5,no,Bob,high
C1115,2026-03-11,grocery,beverage,email,west,2,Bad,bad packaging,negative,1,no,Alice,high
C1191,2025-05-16,home,kitchen,social media,east,3,Good,works fine,neutral,10,no,Bob,high
C1043,2025-03-21,home,furniture,survey,west,3,Good,average experience,neutral,6,yes,Bob,medium
C1275,2025-01-18,beauty,hair,mobile app,south,3,No Title,average experience,neutral,9,yes,Esha,low
C1235,2025-07-04,beauty,hair,email,south,1,Average,support not helpful,negative,13,no,Deepa,low
C1214,2025-07-06,home,furniture,survey,west,1,Good,bad packaging,negative,6,no,Deepa,high
C1195,2026-03-16,home,furniture,mobile app,west,2,Average,bad packaging,negative,2,yes,Chris,low
C1130,2026-05-01,beauty,hair,website,north,5,Review,late delivery,positive,13,yes,Bob,medium
C1100,2025-04-16,electronics,laptop,survey,south,5,Good,Highly recommend,positive,4,yes,Esha,low
C1189,2025-04-10,electronics,mobile,email,south,4,Bad,Excellent product,positive,4,yes,Chris,high
C1127,2025-08-02,fashion,men,survey,south,3,Bad,average experience,neutral,6,yes,Bob,high
C1220,2026-03-28,grocery,beverage,email,north,4,Good,Great support,positive,4,no,Chris,low
C1175,2025-02-14,beauty,hair,social media,west,3,Good,acceptable,neutral,4,yes,Esha,high
C1086,2026-01-10,beauty,hair,website,south,5,Review,Great support,positive,13,no,Esha,high
C1052,2026-01-07,home,furniture,email,south,1,Review,poor quality,negative,3,no,Chris,high
C1071,2025-01-11,fashion,men,email,west,2,Good,bad packaging,negative,12,no,Alice,medium
C1234,2026-05-02,beauty,hair,survey,south,4,Average,No Feedback,positive,11,no,Bob,medium
C1035,2025-01-13,home,kitchen,social media,east,5,Bad,Loved it,positive,11,yes,Chris,low
C1086,2025-11-01,electronics,laptop,website,north,2,Good,support not helpful,negative,4,yes,Esha,low
C1233,2025-03-31,beauty,skin,survey,south,4,Good,Highly recommend,positive,11,yes,Bob,high
C1067,2025-11-22,fashion,men,website,east,4,Bad,Excellent product,positive,6,no,Esha,high
C1111,2025-10-30,fashion,men,website,south,1,Average,poor quality,negative,10,no,Chris,high
C1120,2025-02-04,grocery,beverage,email,south,2,Average,late delivery,negative,11,no,Alice,high
C1237,2025-12-29,fashion,men,website,west,2,Bad,app crash,negative,13,yes,Chris,medium
C1194,2025-03-21,electronics,laptop,email,south,3,Bad,works fine,neutral,11,no,Alice,high
C1188,2025-10-09,electronics,mobile,email,south,2,Bad,app crash,negative,8,no,Chris,medium
C1179,2025-03-02,grocery,beverage,social media,east,3,Bad,okay product,neutral,7,yes,Bob,high
C1246,2026-01-06,grocery,beverage,website,west,1,No Title,bad packaging,negative,4,no,Esha,medium
C1219,2026-03-08,beauty,hair,website,south,3,Review,nothing special,neutral,12,no,Esha,low
C1109,2025-06-03,grocery,beverage,mobile app,east,1,Average,app crash,negative,9,yes,Chris,low
C1228,2025-02-02,fashion,women,survey,south,5,Good,Highly recommend,positive,6,yes,Bob,high
C1191,2026-01-12,electronics,laptop,website,south,5,Average,Loved it,positive,6,no,Chris,low
C1058,2025-01-13,beauty,skin,email,south,5,Bad,Fast delivery,positive,7,no,Esha,medium
C1269,2025-11-07,fashion,women,mobile app,south,3,Bad,average experience,neutral,8,no,Deepa,medium
C1184,2026-03-29,home,furniture,social media,north,2,Bad,bad packaging,negative,11,no,Deepa,high
C1290,2025-10-14,fashion,men,website,east,2,Good,poor quality,negative,13,yes,Deepa,low
C1049,2025-12-31,home,furniture,website,south,5,Review,Highly recommend,positive,11,no,Bob,high
C1099,2025-01-16,fashion,women,survey,east,1,No Title,support not helpful,negative,8,yes,Esha,medium
C1049,2025-06-11,home,kitchen,mobile app,east,3,Bad,average experience,neutral,7,no,Alice,high
C1016,2025-11-30,grocery,food,email,west,3,No Title,No Feedback,neutral,12,no,Alice,high
C1201,2025-01-24,beauty,hair,website,south,5,Average,Excellent product,positive,5,no,Bob,high
C1107,2026-03-22,beauty,skin,email,north,3,No Title,nothing special,neutral,3,no,Chris,low
C1133,2025-08-22,grocery,beverage,website,north,3,Bad,average experience,neutral,3,yes,Deepa,low
C1244,2025-05-21,electronics,mobile,website,west,4,Good,Loved it,positive,4,no,Deepa,medium
C1221,2025-10-09,beauty,skin,survey,west,1,Bad,support not helpful,negative,5,yes,Bob,high
C1202,2025-12-28,beauty,hair,mobile app,west,5,Bad,Highly recommend,positive,11,yes,Alice,medium
C1255,2025-07-29,grocery,food,website,south,2,Bad,poor quality,negative,3,no,Deepa,low
C1207,2025-05-27,grocery,food,mobile app,south,4,Bad,Loved it,positive,6,yes,Alice,high
C1121,2025-04-15,electronics,mobile,social media,south,4,Average,Great support,positive,9,yes,Esha,high
C1003,2025-02-24,electronics,mobile,social media,west,3,Average,No Feedback,neutral,14,yes,Bob,high
C1033,2025-09-07,electronics,laptop,survey,east,5,Good,Excellent product,positive,12,no,Deepa,low
C1300,2025-10-19,home,kitchen,email,west,5,Bad,Great support,positive,12,no,Chris,medium
C1149,2025-01-08,electronics,mobile,social media,south,4,Bad,Highly recommend,positive,15,no,Alice,high
C1109,2026-05-02,electronics,mobile,mobile app,south,2,Bad,app crash,negative,11,no,Chris,medium
C1266,2025-03-20,beauty,skin,website,south,1,Average,support not helpful,negative,13,yes,Esha,medium
C1194,2026-04-01,fashion,men,website,west,1,Review,late delivery,negative,7,no,Esha,high
C1097,2025-03-04,home,kitchen,website,west,2,No Title,support not helpful,negative,1,no,Esha,high
C1051,2025-04-22,fashion,women,survey,south,3,Bad,nothing special,neutral,8,no,Deepa,high
C1288,2025-03-13,fashion,men,survey,west,2,Average,late delivery,negative,10,no,Esha,high
C1266,2026-01-23,fashion,women,website,west,2,Average,No Feedback,negative,6,yes,Alice,low
C1249,2025-09-02,grocery,food,email,south,1,No Title,support not helpful,negative,1,yes,Alice,high
C1255,2026-01-10,home,furniture,survey,south,4,Good,Highly recommend,positive,15,yes,Esha,high
C1090,2026-02-25,home,furniture,website,south,4,Review,Highly recommend,positive,5,no,Bob,high
C1246,2026-05-06,fashion,women,mobile app,south,2,Bad,poor quality,negative,1,yes,Esha,high
C1182,2025-02-20,fashion,women,website,south,1,Bad,support not helpful,negative,14,no,Bob,high
C1099,2025-02-24,beauty,skin,website,west,2,Good,app crash,negative,15,no,Alice,high
C1196,2026-02-24,fashion,women,survey,north,3,No Title,acceptable,neutral,4,no,Bob,high
C1176,2026-02-13,beauty,hair,survey,east,5,Bad,Great support,positive,6,no,Chris,high
C1072,2025-02-04,grocery,food,social media,west,3,Review,average experience,neutral,6,no,Alice,high
C1298,2025-07-24,home,furniture,social media,north,5,No Title,Loved it,positive,5,no,Alice,high
C1091,2025-04-02,grocery,food,website,south,5,Review,Fast delivery,positive,7,yes,Chris,medium
C1026,2025-01-17,beauty,hair,email,west,5,Bad,Fast delivery,positive,6,no,Esha,high
C1240,2026-04-27,home,kitchen,website,east,5,No Title,Highly recommend,positive,15,no,Bob,low
C1076,2025-10-04,electronics,laptop,website,south,5,Bad,No Feedback,positive,13,no,Alice,high
C1221,2026-01-05,electronics,laptop,email,east,4,Bad,Great support,positive,11,yes,Bob,medium
C1192,2025-04-21,fashion,men,social media,north,3,Good,acceptable,neutral,8,yes,Alice,medium
C1008,2026-05-07,fashion,men,email,south,4,Review,No Feedback,positive,5,yes,Esha,high
C1099,2025-10-11,home,furniture,survey,south,3,Average,okay product,neutral,10,no,Bob,high
C1105,2025-08-09,home,furniture,website,south,3,Good,No Feedback,neutral,10,yes,Alice,high
C1269,2025-09-21,electronics,laptop,social media,north,1,Good,support not helpful,negative,5,no,Bob,high
C1153,2025-04-01,fashion,women,survey,south,3,Bad,acceptable,neutral,2,no,Esha,medium
C1142,2025-09-22,grocery,beverage,social media,south,4,Bad,Excellent product,positive,3,yes,Esha,low
C1204,2026-01-20,beauty,skin,social media,south,1,Average,late delivery,negative,14,yes,Alice,low
C1158,2026-04-02,beauty,skin,survey,east,4,Review,No Feedback,positive,11,yes,Esha,high
C1061,2025-04-23,beauty,hair,survey,east,4,Bad,Excellent product,positive,7,yes,Alice,medium
C1269,2026-04-26,electronics,mobile,website,south,3,Good,okay product,neutral,4,no,Alice,high
C1139,2025-05-15,fashion,men,email,west,1,Average,bad packaging,negative,2,yes,Chris,high
C1082,2025-03-21,grocery,food,email,south,1,Review,No Feedback,negative,8,yes,Esha,high
C1241,2026-04-06,fashion,women,website,north,2,No Title,support not helpful,negative,10,no,Esha,low
C1095,2026-05-04,beauty,hair,mobile app,east,3,No Title,works fine,neutral,7,no,Alice,medium
C1219,2025-02-22,grocery,beverage,social media,west,1,No Title,app crash,negative,14,no,Bob,medium
C1275,2025-11-24,grocery,food,survey,west,5,Bad,Highly recommend,positive,15,no,Chris,low
C1114,2025-07-31,grocery,beverage,website,south,4,Review,Excellent product,positive,13,no,Esha,medium
C1235,2025-11-05,grocery,beverage,email,north,3,Average,nothing special,neutral,13,no,Deepa,high
C1085,2025-02-17,electronics,laptop,website,north,1,Review,app crash,negative,7,no,Alice,medium
C1260,2025-01-12,home,furniture,social media,south,2,Review,No Feedback,negative,3,no,Deepa,high
C1035,2025-02-08,beauty,skin,social media,north,5,Good,Great support,positive,10,no,Bob,low
C1055,2025-01-21,beauty,hair,survey,south,4,Bad,Excellent product,positive,8,no,Esha,medium
C1179,2025-10-15,home,furniture,website,south,4,Bad,Excellent product,positive,2,yes,Alice,high
C1210,2025-07-05,fashion,women,mobile app,east,5,Bad,Loved it,positive,7,yes,Alice,high
C1091,2025-08-20,electronics,mobile,social media,south,4,Good,Fast delivery,positive,13,no,Bob,high
C1259,2025-01-25,beauty,skin,website,north,3,No Title,acceptable,neutral,13,no,Chris,high
C1253,2025-04-26,fashion,men,survey,north,2,Average,support not helpful,negative,9,no,Deepa,high
C1097,2025-02-14,beauty,skin,email,north,1,Good,late delivery,negative,9,no,Chris,medium
C1211,2025-11-22,electronics,laptop,website,east,2,Review,app crash,negative,1,yes,Bob,medium
C1232,2025-04-14,grocery,beverage,mobile app,south,4,Bad,Highly recommend,positive,12,no,Bob,high
C1034,2025-06-04,home,kitchen,social media,south,1,Good,bad packaging,negative,14,no,Chris,high
C1015,2025-07-02,beauty,hair,social media,west,2,Average,bad packaging,negative,4,yes,Deepa,low
C1158,2025-05-13,beauty,skin,website,north,5,Average,Loved it,positive,5,yes,Bob,high
C1219,2025-09-01,home,kitchen,website,south,1,Bad,app crash,negative,8,yes,Chris,high
C1210,2026-02-12,electronics,mobile,survey,east,2,No Title,support not helpful,negative,2,no,Bob,high
C1225,2026-02-04,electronics,laptop,website,south,4,Good,Fast delivery,positive,3,yes,Alice,high
C1164,2025-06-01,beauty,skin,website,south,4,Review,Loved it,positive,12,no,Alice,low
C1067,2025-04-24,beauty,hair,website,south,4,Good,Great support,positive,8,yes,Chris,medium
C1072,2025-10-12,grocery,food,website,north,1,No Title,app crash,negative,4,no,Bob,medium
C1011,2025-02-21,beauty,skin,website,west,4,Average,Loved it,positive,7,yes,Bob,medium
C1253,2025-07-01,fashion,women,mobile app,south,4,No Title,Excellent product,positive,3,yes,Esha,low
C1268,2026-01-18,fashion,men,website,west,3,No Title,nothing special,neutral,8,yes,Chris,high
C1245,2025-10-21,fashion,men,mobile app,south,4,Good,Fast delivery,positive,6,yes,Alice,medium
C1013,2025-12-01,grocery,food,survey,south,2,Average,poor quality,negative,5,no,Bob,medium
C1272,2025-07-07,home,kitchen,survey,east,5,Review,Loved it,positive,2,yes,Chris,high
C1119,2025-10-18,grocery,beverage,social media,west,5,Bad,Fast delivery,positive,5,yes,Esha,high
C1042,2025-05-26,beauty,hair,social media,south,5,Average,Great support,positive,5,yes,Alice,high
C1067,2026-05-12,home,furniture,website,south,2,Review,app crash,negative,10,yes,Alice,medium
C1214,2025-10-23,home,furniture,mobile app,north,2,Good,poor quality,negative,1,no,Chris,high
C1227,2025-08-20,grocery,beverage,mobile app,east,1,No Title,poor quality,negative,11,no,Alice,high
C1142,2025-07-13,grocery,food,survey,north,4,No Title,Loved it,positive,6,no,Bob,low
C1214,2025-10-18,electronics,laptop,website,north,2,Bad,app crash,negative,10,yes,Deepa,high
C1021,2025-12-26,electronics,laptop,survey,north,2,Average,app crash,negative,1,yes,Alice,high
C1228,2025-02-20,electronics,mobile,social media,west,5,Review,Loved it,positive,7,no,Esha,medium
C1175,2026-02-10,grocery,food,survey,east,5,Bad,Great support,positive,11,yes,Deepa,high
C1074,2025-01-28,home,kitchen,website,south,4,No Title,Fast delivery,positive,12,no,Alice,high
C1077,2026-02-02,fashion,women,mobile app,west,3,Bad,okay product,neutral,11,yes,Alice,high
C1261,2025-06-08,electronics,mobile,website,east,5,No Title,Excellent product,positive,11,yes,Esha,high
C1020,2025-10-18,grocery,beverage,survey,south,1,Average,bad packaging,negative,2,no,Deepa,high
C1299,2026-01-18,grocery,food,website,west,1,No Title,app crash,negative,2,no,Deepa,medium
C1230,2026-01-25,electronics,mobile,website,west,4,No Title,Excellent product,positive,3,no,Deepa,high
C1154,2025-09-02,beauty,hair,website,north,3,Review,okay product,neutral,13,no,Chris,low
C1139,2025-07-25,grocery,beverage,email,south,3,No Title,No Feedback,neutral,11,no,Bob,high
C1146,2025-04-04,electronics,mobile,website,north,4,Good,Highly recommend,positive,2,yes,Esha,medium
C1062,2025-03-08,electronics,laptop,email,north,3,Average,nothing special,neutral,5,no,Bob,high
C1272,2025-01-20,fashion,men,mobile app,south,2,Bad,app crash,negative,8,yes,Deepa,medium
C1235,2025-08-14,grocery,food,email,west,3,Good,nothing special,neutral,2,yes,Alice,medium
C1265,2026-01-18,grocery,food,social media,east,4,Bad,Highly recommend,positive,15,no,Alice,low
C1109,2025-12-24,fashion,men,survey,west,3,Review,nothing special,neutral,1,no,Esha,low
C1273,2025-03-03,home,furniture,mobile app,south,3,Good,acceptable,neutral,11,yes,Chris,high
C1069,2025-01-11,fashion,men,mobile app,south,5,Average,Excellent product,positive,3,no,Esha,medium
C1241,2025-08-01,home,kitchen,website,east,4,Good,Loved it,positive,12,yes,Chris,low
C1201,2025-05-10,beauty,skin,social media,south,3,Good,late delivery,neutral,10,no,Bob,high
C1029,2025-10-30,grocery,food,survey,east,4,Average,Great support,positive,5,no,Alice,medium
C1055,2025-08-02,grocery,food,social media,east,1,Review,No Feedback,negative,3,no,Esha,high
C1126,2025-03-05,grocery,beverage,mobile app,north,2,Good,bad packaging,negative,13,yes,Alice,high
C1148,2026-01-15,beauty,hair,survey,east,3,Average,average experience,neutral,13,no,Chris,high
C1036,2025-06-15,grocery,food,website,east,5,No Title,Excellent product,positive,4,no,Esha,low
C1142,2026-03-10,home,kitchen,survey,west,1,Average,No Feedback,negative,13,yes,Esha,low
C1064,2025-08-20,home,kitchen,mobile app,west,4,Review,No Feedback,positive,4,yes,Chris,low
C1061,2025-11-29,grocery,beverage,website,south,4,Review,Highly recommend,positive,10,no,Chris,low
C1071,2025-03-27,home,kitchen,website,south,4,No Title,Highly recommend,positive,1,no,Chris,high
C1060,2026-02-28,grocery,beverage,website,east,4,No Title,Fast delivery,positive,5,no,Bob,medium
C1098,2025-06-21,grocery,food,email,south,4,Review,Great support,positive,11,yes,Deepa,medium
C1111,2026-04-25,electronics,laptop,website,south,3,No Title,works fine,neutral,5,no,Chris,medium
C1065,2025-05-14,grocery,food,social media,west,1,Bad,app crash,negative,7,yes,Bob,medium
C1013,2025-01-21,fashion,men,website,north,5,Average,Excellent product,positive,8,no,Deepa,low
C1229,2025-05-07,electronics,mobile,mobile app,east,4,Review,Loved it,positive,2,no,Esha,low
C1001,2026-04-01,home,furniture,mobile app,south,2,No Title,bad packaging,negative,14,yes,Deepa,low
C1083,2026-01-03,beauty,skin,social media,east,3,Bad,works fine,neutral,15,yes,Chris,high
C1139,2025-08-11,beauty,hair,social media,north,1,No Title,bad packaging,negative,14,yes,Bob,medium
C1140,2025-10-13,grocery,beverage,website,east,5,Good,Fast delivery,positive,4,no,Esha,medium
C1144,2025-11-05,fashion,men,website,south,4,Good,Highly recommend,positive,2,no,Deepa,medium
C1116,2025-03-30,beauty,hair,mobile app,north,2,Good,bad packaging,negative,15,no,Esha,medium
C1240,2025-11-30,electronics,mobile,website,east,4,No Title,Excellent product,positive,7,no,Bob,high
C1288,2026-02-27,beauty,skin,email,west,5,Bad,Loved it,positive,10,yes,Chris,low
C1244,2025-05-09,home,furniture,social media,north,1,No Title,app crash,negative,15,yes,Esha,high
C1142,2025-11-04,beauty,skin,website,north,5,Good,Highly recommend,positive,2,yes,Alice,low
C1292,2026-01-10,electronics,laptop,website,east,5,Review,No Feedback,positive,12,no,Deepa,high
C1042,2026-03-11,electronics,mobile,social media,south,5,Review,Highly recommend,positive,8,no,Esha,low
C1113,2025-11-08,fashion,men,survey,north,3,Good,okay product,neutral,8,yes,Chris,high
C1202,2025-01-24,fashion,women,social media,west,5,Review,Loved it,positive,8,yes,Bob,low
C1255,2025-06-26,beauty,skin,email,east,3,Review,okay product,neutral,3,yes,Alice,high
C1216,2025-12-10,beauty,skin,survey,north,1,Review,bad packaging,negative,11,yes,Chris,medium
C1114,2025-12-05,home,kitchen,email,south,4,Average,Loved it,positive,12,yes,Bob,high
C1099,2025-05-05,beauty,hair,social media,east,1,Bad,bad packaging,negative,12,yes,Deepa,high
C1004,2025-07-29,home,furniture,social media,north,4,Bad,Highly recommend,positive,15,no,Deepa,low
C1162,2026-04-07,home,furniture,email,west,4,Average,Fast delivery,positive,6,yes,Esha,low
C1203,2026-01-01,fashion,men,website,north,4,Bad,Excellent product,positive,15,no,Deepa,low
C1180,2025-11-29,fashion,women,mobile app,east,1,No Title,support not helpful,negative,6,no,Alice,medium
C1167,2025-10-13,beauty,hair,social media,east,4,Average,Great support,positive,10,yes,Esha,high
C1003,2025-05-10,beauty,skin,website,south,2,Average,bad packaging,negative,12,yes,Alice,low
C1101,2026-02-26,beauty,skin,survey,east,5,Average,Fast delivery,positive,6,no,Alice,low
C1256,2025-11-27,beauty,skin,website,east,1,Average,bad packaging,negative,6,no,Chris,high
C1242,2025-09-23,beauty,hair,social media,east,3,Good,average experience,neutral,11,no,Chris,low
C1066,2025-05-29,fashion,men,social media,west,1,No Title,late delivery,negative,15,no,Esha,medium
C1120,2025-11-04,grocery,beverage,website,north,4,Good,Highly recommend,positive,14,no,Esha,high
C1073,2025-01-27,fashion,men,email,north,2,Good,bad packaging,negative,7,yes,Chris,medium
C1139,2025-11-05,beauty,hair,website,east,5,Good,Fast delivery,positive,3,yes,Alice,low
C1191,2025-03-22,electronics,laptop,website,south,2,Bad,support not helpful,negative,11,no,Alice,medium
C1118,2026-04-29,fashion,men,mobile app,west,1,Average,support not helpful,negative,7,no,Bob,medium
C1250,2025-08-25,electronics,laptop,social media,west,4,Bad,No Feedback,positive,5,yes,Bob,high
C1297,2026-01-12,fashion,men,email,west,2,Bad,poor quality,negative,1,no,Deepa,medium
C1128,2025-05-15,electronics,mobile,website,north,5,Review,Excellent product,positive,12,no,Chris,low
C1145,2025-03-05,fashion,men,website,south,4,No Title,Great support,positive,3,yes,Deepa,medium
C1163,2025-03-21,fashion,women,mobile app,south,2,No Title,bad packaging,negative,6,no,Chris,high
C1256,2025-01-31,grocery,food,survey,north,4,Review,Excellent product,positive,10,no,Chris,low
C1204,2025-11-22,home,kitchen,mobile app,west,3,Good,average experience,neutral,6,no,Bob,high
C1072,2025-01-17,fashion,men,email,north,3,Bad,works fine,neutral,5,no,Deepa,medium
C1261,2026-02-27,beauty,hair,website,east,5,Bad,Excellent product,positive,15,no,Esha,high
C1088,2025-07-27,home,furniture,email,east,1,Bad,late delivery,negative,4,yes,Deepa,high
C1277,2025-02-03,electronics,mobile,email,north,2,Review,bad packaging,negative,4,yes,Bob,low
C1060,2025-03-15,fashion,women,mobile app,north,4,No Title,Loved it,positive,3,yes,Deepa,medium
C1296,2025-12-29,electronics,mobile,email,north,1,Bad,late delivery,negative,8,no,Alice,high
C1160,2025-09-13,grocery,food,survey,south,5,Good,No Feedback,positive,13,yes,Alice,high
C1233,2025-10-08,beauty,skin,email,north,4,Bad,Highly recommend,positive,1,yes,Esha,low
C1078,2025-11-02,fashion,women,email,south,2,Average,bad packaging,negative,12,no,Alice,high
C1267,2026-02-08,home,kitchen,survey,west,4,No Title,No Feedback,positive,9,no,Bob,high
C1211,2025-05-08,electronics,mobile,survey,west,3,Good,okay product,neutral,15,no,Deepa,high
C1120,2025-10-15,grocery,beverage,survey,south,3,Good,nothing special,neutral,14,yes,Alice,high
C1068,2026-03-21,fashion,women,email,west,4,Average,Highly recommend,positive,7,yes,Alice,high
C1055,2025-06-26,grocery,food,email,east,2,Review,bad packaging,negative,10,no,Bob,high
C1179,2025-03-21,beauty,skin,survey,south,2,Review,bad packaging,negative,8,no,Esha,low
C1203,2025-02-28,grocery,food,website,south,3,Review,nothing special,neutral,13,no,Esha,low
C1175,2026-02-04,fashion,women,mobile app,south,1,Review,late delivery,negative,2,no,Alice,medium
C1176,2025-01-16,grocery,food,website,east,1,Average,app crash,negative,15,yes,Bob,low
C1028,2025-04-15,beauty,skin,website,south,3,Bad,acceptable,neutral,1,no,Deepa,high
C1184,2025-01-06,fashion,women,website,south,5,Bad,No Feedback,positive,14,yes,Bob,high
C1145,2025-08-18,home,kitchen,website,south,1,Good,app crash,negative,11,yes,Esha,low
C1105,2025-11-12,home,furniture,website,south,4,No Title,Excellent product,positive,10,yes,Chris,low
C1141,2025-11-28,fashion,women,social media,east,2,Good,support not helpful,negative,8,no,Bob,high
C1042,2025-12-11,electronics,laptop,website,south,1,Review,late delivery,negative,11,yes,Deepa,low
C1054,2026-03-04,beauty,skin,email,north,3,Review,nothing special,neutral,6,no,Deepa,high
C1122,2026-01-23,fashion,men,email,west,2,Bad,poor quality,negative,3,yes,Chris,high
C1300,2025-06-19,fashion,women,website,south,4,Bad,Loved it,positive,12,no,Esha,high
C1127,2025-10-31,home,kitchen,website,north,4,Review,No Feedback,positive,6,no,Esha,high
C1183,2025-05-06,electronics,mobile,website,north,4,Review,Highly recommend,positive,8,no,Esha,medium
C1019,2026-01-23,fashion,women,mobile app,south,4,Review,Great support,positive,5,no,Bob,medium
C1135,2025-07-17,home,kitchen,email,south,1,No Title,bad packaging,negative,7,yes,Chris,medium
C1075,2025-10-14,fashion,men,website,north,4,No Title,Loved it,positive,6,no,Esha,medium
C1070,2025-11-19,fashion,women,website,south,1,Review,support not helpful,negative,11,no,Bob,medium
C1061,2025-01-30,grocery,food,website,south,4,Good,Fast delivery,positive,1,no,Deepa,medium
C1165,2025-04-14,fashion,women,social media,north,1,Good,app crash,negative,3,no,Esha,high
C1196,2026-04-02,beauty,skin,mobile app,south,1,Review,bad packaging,negative,11,no,Esha,high
C1049,2025-07-30,grocery,beverage,survey,east,2,Good,app crash,negative,7,yes,Bob,high
C1039,2025-01-05,fashion,women,website,north,2,Average,poor quality,negative,6,no,Bob,low
C1283,2026-04-25,beauty,skin,social media,south,4,Good,Great support,positive,15,yes,Bob,high
C1129,2025-01-20,grocery,beverage,website,east,3,Average,works fine,neutral,4,no,Esha,high
C1281,2025-06-14,beauty,hair,website,west,3,Average,works fine,neutral,6,yes,Esha,low
C1290,2026-03-26,beauty,hair,website,north,3,No Title,No Feedback,neutral,14,yes,Chris,high
C1095,2025-11-01,home,kitchen,social media,south,4,Average,Highly recommend,positive,1,yes,Bob,low
C1123,2025-04-08,home,furniture,website,east,4,Review,Great support,positive,11,no,Deepa,medium
C1260,2025-03-08,grocery,food,mobile app,north,2,Review,bad packaging,negative,6,yes,Alice,high
C1034,2026-04-04,fashion,men,mobile app,west,1,Review,support not helpful,negative,12,yes,Esha,medium
C1032,2025-08-23,beauty,skin,survey,west,3,No Title,average experience,neutral,13,yes,Bob,high
C1113,2026-03-07,fashion,men,email,east,1,Review,No Feedback,negative,7,yes,Bob,medium
C1289,2025-04-11,beauty,skin,website,south,1,Bad,bad packaging,negative,8,yes,Chris,high
C1134,2026-04-03,electronics,laptop,website,west,4,Average,Excellent product,positive,13,yes,Chris,medium
C1231,2025-07-14,home,kitchen,email,south,3,Good,okay product,neutral,14,no,Alice,high
C1299,2026-02-14,beauty,skin,mobile app,west,4,Review,Highly recommend,positive,15,yes,Bob,high
C1103,2025-08-17,home,kitchen,mobile app,north,3,Good,acceptable,neutral,12,yes,Deepa,high
C1238,2025-02-04,beauty,hair,website,south,4,Review,Great support,positive,15,yes,Chris,low
C1255,2026-05-02,electronics,mobile,survey,east,4,Good,Fast delivery,positive,8,yes,Bob,medium
C1299,2025-12-27,grocery,food,website,south,4,No Title,No Feedback,positive,4,no,Alice,high
C1279,2025-11-23,home,furniture,survey,east,5,Review,Highly recommend,positive,4,yes,Bob,medium
C1270,2025-02-01,electronics,mobile,website,south,5,Review,Highly recommend,positive,5,yes,Esha,low
C1054,2025-03-06,grocery,beverage,mobile app,east,4,No Title,Great support,positive,2,no,Deepa,low
C1219,2026-05-13,electronics,laptop,survey,north,5,Average,Excellent product,positive,11,yes,Esha,medium
C1076,2025-02-26,beauty,hair,survey,east,2,Average,app crash,negative,1,yes,Esha,high
C1243,2025-02-11,beauty,skin,mobile app,south,1,Good,late delivery,negative,4,yes,Esha,medium
C1116,2025-07-29,fashion,men,survey,north,5,Good,Highly recommend,positive,15,yes,Esha,high
C1029,2026-02-11,home,furniture,website,west,2,Bad,No Feedback,negative,11,no,Esha,medium
C1144,2025-08-24,electronics,laptop,email,south,2,No Title,support not helpful,negative,15,yes,Chris,high
C1236,2025-06-06,fashion,men,email,east,4,Bad,Fast delivery,positive,13,yes,Esha,medium
C1297,2025-04-14,fashion,men,social media,south,2,Review,app crash,negative,3,yes,Deepa,low
C1152,2025-06-10,electronics,laptop,website,west,3,Average,average experience,neutral,4,no,Chris,high
C1193,2025-06-21,fashion,men,mobile app,south,4,Review,Great support,positive,14,yes,Alice,high
C1060,2025-09-01,fashion,women,website,north,3,No Title,No Feedback,neutral,10,no,Chris,low
C1092,2025-10-14,home,furniture,email,west,1,Review,app crash,negative,11,no,Chris,medium
C1287,2025-10-20,grocery,food,mobile app,south,1,No Title,No Feedback,negative,5,yes,Chris,high
C1268,2025-09-14,grocery,food,email,east,3,Average,works fine,neutral,1,no,Chris,low
C1023,2026-03-18,electronics,laptop,website,south,3,Average,okay product,neutral,12,no,Chris,low
C1079,2026-04-17,grocery,food,survey,east,1,Average,bad packaging,negative,14,yes,Bob,low
C1209,2026-03-06,beauty,skin,email,west,5,Bad,Excellent product,positive,11,yes,Alice,high
C1015,2025-01-28,beauty,skin,mobile app,west,4,Good,Fast delivery,positive,6,no,Esha,high
C1181,2026-02-21,home,kitchen,email,north,4,Review,Excellent product,positive,11,no,Bob,medium
C1107,2026-01-28,home,kitchen,social media,south,2,Bad,poor quality,negative,7,no,Chris,high
C1124,2025-01-28,fashion,men,survey,south,1,No Title,support not helpful,negative,3,no,Alice,low
C1240,2025-12-31,fashion,men,website,south,4,No Title,Loved it,positive,11,yes,Deepa,high
C1089,2025-08-28,fashion,men,mobile app,south,4,Bad,Highly recommend,positive,3,no,Alice,high
C1119,2026-04-11,grocery,food,social media,south,2,Review,poor quality,negative,3,no,Alice,medium
C1075,2026-05-01,electronics,mobile,website,south,2,Average,app crash,negative,3,no,Chris,medium
C1230,2025-10-03,grocery,food,survey,south,2,Bad,No Feedback,negative,14,no,Chris,high
C1178,2025-11-10,fashion,men,survey,east,3,Review,nothing special,neutral,10,yes,Chris,high
C1211,2025-10-24,home,furniture,mobile app,west,4,Good,Highly recommend,positive,3,yes,Deepa,high
C1148,2025-02-26,home,kitchen,social media,south,5,Bad,Excellent product,positive,12,no,Deepa,high
C1053,2025-11-30,grocery,beverage,website,south,1,No Title,app crash,negative,12,no,Chris,low
C1048,2025-09-14,grocery,food,mobile app,east,3,Bad,nothing special,neutral,14,yes,Bob,medium
C1109,2025-03-05,beauty,skin,email,west,4,Bad,Loved it,positive,8,no,Deepa,medium
C1048,2025-04-22,beauty,hair,mobile app,north,2,Review,app crash,negative,3,yes,Chris,high
C1081,2025-01-28,beauty,hair,website,east,4,No Title,Highly recommend,positive,5,yes,Deepa,medium
C1222,2025-11-05,fashion,women,survey,west,5,Review,Great support,positive,2,yes,Chris,high
C1184,2025-01-06,home,kitchen,social media,south,3,Average,okay product,neutral,9,no,Alice,low
C1078,2025-03-17,fashion,men,survey,west,3,Good,average experience,neutral,11,no,Deepa,medium
C1296,2025-08-10,grocery,food,website,north,2,No Title,support not helpful,negative,2,no,Alice,high
C1060,2025-05-08,grocery,beverage,website,west,2,Average,app crash,negative,11,yes,Bob,high
C1053,2025-08-10,beauty,hair,mobile app,south,4,No Title,Loved it,positive,11,no,Deepa,high
C1198,2025-05-22,beauty,hair,mobile app,east,5,Average,Highly recommend,positive,12,no,Esha,low
C1066,2025-06-25,home,furniture,survey,east,3,Review,No Feedback,neutral,10,yes,Chris,low
C1063,2025-11-05,home,kitchen,website,south,3,Good,average experience,neutral,4,no,Chris,high
C1058,2025-10-13,beauty,skin,mobile app,south,4,Average,Great support,positive,7,no,Alice,medium
C1228,2026-03-27,grocery,beverage,website,west,2,Review,support not helpful,negative,4,no,Bob,medium
C1172,2025-01-31,electronics,laptop,mobile app,south,3,Bad,works fine,neutral,13,no,Bob,low
C1200,2025-03-22,grocery,food,website,south,1,Average,bad packaging,negative,6,no,Deepa,high
C1075,2026-03-21,beauty,hair,mobile app,west,1,Average,late delivery,negative,13,yes,Alice,high
C1282,2025-11-28,fashion,men,mobile app,north,2,Average,bad packaging,negative,2,no,Bob,low
C1010,2026-03-05,home,kitchen,survey,north,5,Good,Great support,positive,8,no,Deepa,medium
C1266,2026-02-25,electronics,laptop,website,north,4,Good,Highly recommend,positive,15,no,Esha,high
C1194,2025-04-08,beauty,hair,email,west,1,No Title,late delivery,negative,5,no,Chris,high
C1019,2026-05-02,home,kitchen,email,south,3,Review,average experience,neutral,3,yes,Deepa,low
C1140,2025-03-13,electronics,mobile,email,north,4,Review,Loved it,positive,8,yes,Deepa,low
C1031,2025-05-21,home,kitchen,email,west,5,Bad,Loved it,positive,14,no,Alice,high
C1164,2025-12-18,grocery,food,website,east,1,Average,poor quality,negative,6,no,Alice,medium
C1026,2025-01-04,beauty,hair,mobile app,south,2,Review,app crash,negative,13,yes,Chris,high
C1042,2026-05-08,electronics,mobile,social media,east,1,Good,late delivery,negative,5,no,Alice,high
C1229,2025-09-03,electronics,mobile,social media,south,3,Review,average experience,neutral,5,yes,Bob,medium
C1129,2025-05-13,fashion,men,social media,south,1,Bad,bad packaging,negative,14,no,Esha,high
C1040,2025-12-05,electronics,mobile,survey,north,2,Bad,app crash,negative,13,no,Deepa,low
C1205,2025-05-28,grocery,food,social media,north,2,No Title,support not helpful,negative,10,no,Esha,high
C1202,2025-07-11,beauty,skin,website,south,2,Review,support not helpful,negative,10,yes,Bob,low
C1025,2025-01-01,electronics,mobile,social media,east,1,Average,app crash,negative,13,no,Alice,low
C1216,2025-11-30,grocery,food,website,east,4,Good,No Feedback,positive,15,yes,Bob,high
C1149,2025-07-23,beauty,hair,website,east,5,No Title,Loved it,positive,9,no,Deepa,low
C1161,2025-03-27,electronics,laptop,survey,south,4,No Title,Highly recommend,positive,3,yes,Chris,low
C1208,2025-06-27,electronics,laptop,website,south,3,No Title,okay product,neutral,15,no,Esha,low
C1089,2025-03-03,fashion,men,email,south,2,Good,poor quality,negative,1,yes,Esha,high
C1235,2025-07-15,beauty,skin,email,south,2,Bad,poor quality,negative,11,no,Alice,medium
C1237,2026-01-24,fashion,men,website,east,1,Bad,bad packaging,negative,11,no,Esha,high
C1020,2025-04-09,fashion,women,email,west,5,Average,Loved it,positive,9,yes,Bob,high
C1129,2025-03-30,fashion,men,survey,south,4,Review,Excellent product,positive,8,yes,Chris,high
C1121,2025-02-14,fashion,women,mobile app,south,4,No Title,Excellent product,positive,1,yes,Alice,high
C1158,2025-08-03,home,kitchen,mobile app,south,4,No Title,Highly recommend,positive,7,yes,Chris,medium
C1174,2025-09-19,home,furniture,mobile app,east,3,No Title,nothing special,neutral,1,no,Deepa,medium
C1236,2025-08-24,grocery,food,survey,east,2,Bad,poor quality,negative,14,no,Esha,medium
C1096,2025-01-04,beauty,hair,website,south,2,Good,app crash,negative,4,no,Deepa,medium
C1284,2025-01-19,beauty,hair,survey,south,5,Average,Excellent product,positive,10,yes,Deepa,medium
C1213,2025-07-28,grocery,beverage,website,south,2,Bad,poor quality,negative,3,no,Esha,low
C1046,2025-07-07,beauty,hair,website,east,4,Average,No Feedback,positive,11,no,Chris,high
C1087,2025-01-21,grocery,beverage,email,north,3,Average,acceptable,neutral,5,no,Esha,high
C1239,2026-02-17,grocery,beverage,social media,south,2,Average,No Feedback,negative,5,no,Esha,medium
C1031,2026-04-16,grocery,food,website,south,2,Average,app crash,negative,6,yes,Alice,high
C1014,2025-07-24,grocery,food,website,north,2,Average,late delivery,negative,5,yes,Esha,high
C1132,2025-01-18,home,furniture,email,west,1,Good,poor quality,negative,5,yes,Alice,medium
C1286,2025-12-25,grocery,food,email,north,3,Review,acceptable,neutral,15,yes,Chris,medium
C1245,2025-10-23,grocery,food,social media,south,4,Good,Fast delivery,positive,10,yes,Esha,high
C1042,2025-09-06,home,furniture,website,west,3,Bad,okay product,neutral,13,no,Chris,low
C1051,2025-02-15,grocery,beverage,website,north,1,Review,app crash,negative,3,no,Esha,medium
C1134,2025-11-04,beauty,hair,website,south,3,No Title,nothing special,neutral,2,yes,Alice,high
C1154,2025-03-03,fashion,women,survey,south,2,Good,app crash,negative,15,no,Chris,low
C1126,2025-07-25,fashion,men,social media,east,4,Average,Fast delivery,positive,1,no,Deepa,high
C1265,2025-03-30,home,furniture,mobile app,west,4,Review,Fast delivery,positive,11,no,Bob,low
C1210,2026-05-03,fashion,men,social media,north,5,Good,Fast delivery,positive,11,yes,Alice,high
C1152,2026-03-29,home,kitchen,social media,south,3,Good,nothing special,neutral,5,yes,Alice,medium
C1184,2026-02-16,electronics,laptop,social media,east,3,Review,acceptable,neutral,4,no,Chris,high
C1081,2026-04-21,beauty,skin,email,south,5,Average,Great support,positive,9,no,Deepa,high
C1120,2025-08-25,electronics,laptop,social media,south,1,No Title,No Feedback,negative,13,no,Deepa,medium
C1295,2025-01-02,grocery,food,social media,south,1,Average,poor quality,negative,3,yes,Deepa,low
C1080,2025-01-05,grocery,beverage,mobile app,south,5,Bad,Excellent product,positive,7,yes,Chris,high
C1182,2025-06-07,fashion,men,mobile app,south,5,Review,Excellent product,positive,15,yes,Bob,medium
C1281,2026-04-07,home,furniture,website,south,3,Bad,acceptable,neutral,2,no,Bob,medium
C1143,2026-04-14,electronics,laptop,email,north,5,No Title,Loved it,positive,15,yes,Chris,high
C1243,2026-05-14,beauty,hair,social media,north,3,Average,works fine,neutral,10,yes,Bob,high
C1044,2025-02-07,fashion,men,social media,east,2,Good,poor quality,negative,13,yes,Alice,high
C1031,2026-05-07,grocery,food,email,west,5,Good,Excellent product,positive,3,yes,Esha,medium
C1071,2025-04-09,fashion,women,survey,south,3,Review,acceptable,neutral,15,no,Chris,medium
C1252,2026-04-25,grocery,beverage,website,east,1,Bad,late delivery,negative,12,no,Chris,high
C1184,2026-01-18,beauty,hair,website,east,3,Bad,works fine,neutral,6,no,Bob,medium
C1073,2025-11-02,grocery,food,website,east,4,No Title,Loved it,positive,7,yes,Bob,high
C1017,2025-10-12,fashion,men,survey,east,2,Review,support not helpful,negative,8,yes,Bob,medium
C1282,2025-09-17,electronics,laptop,website,north,5,No Title,Highly recommend,positive,14,yes,Alice,low
C1088,2025-05-18,beauty,hair,mobile app,east,4,No Title,Fast delivery,positive,4,yes,Deepa,medium
C1228,2025-12-09,fashion,women,email,east,2,Review,support not helpful,negative,14,no,Alice,high
C1176,2025-11-10,grocery,food,survey,west,2,Review,poor quality,negative,1,yes,Alice,high
C1048,2025-02-27,fashion,women,email,north,5,Review,Excellent product,positive,15,no,Alice,high
C1060,2026-01-29,home,kitchen,email,north,2,No Title,late delivery,negative,6,yes,Chris,high
C1106,2025-02-07,grocery,beverage,website,south,1,Bad,late delivery,negative,11,no,Alice,low
C1232,2025-01-15,electronics,laptop,survey,north,5,Good,No Feedback,positive,11,yes,Deepa,low
C1264,2026-02-13,electronics,laptop,survey,south,5,Review,No Feedback,positive,13,yes,Esha,high
C1033,2026-05-06,grocery,beverage,website,west,5,Bad,Fast delivery,positive,15,no,Esha,medium
C1192,2025-11-02,grocery,food,survey,south,3,Good,average experience,neutral,14,no,Bob,medium
C1052,2026-03-09,fashion,women,website,east,2,Bad,poor quality,negative,2,yes,Chris,low
C1225,2025-10-13,fashion,men,mobile app,south,1,Review,late delivery,negative,9,no,Deepa,low
C1093,2025-03-08,fashion,men,email,south,1,Good,No Feedback,negative,4,yes,Esha,low
C1198,2025-11-07,fashion,women,website,east,4,No Title,Great support,positive,1,yes,Deepa,high
C1221,2026-03-08,grocery,food,website,west,4,Average,Fast delivery,positive,8,no,Deepa,high
C1204,2026-02-11,grocery,beverage,social media,west,4,Good,Great support,positive,4,no,Chris,high
C1115,2025-09-26,fashion,women,mobile app,south,3,Average,acceptable,neutral,12,yes,Alice,low
C1043,2026-04-06,beauty,skin,survey,north,3,Average,okay product,neutral,10,yes,Alice,low
C1261,2025-02-10,grocery,food,website,south,2,Good,support not helpful,negative,4,no,Esha,high
C1025,2025-02-25,fashion,women,email,east,2,Good,app crash,negative,12,yes,Alice,high
C1107,2025-09-02,grocery,food,survey,west,2,Bad,app crash,negative,7,yes,Bob,low
C1198,2025-02-14,beauty,hair,email,south,2,Average,poor quality,negative,12,no,Chris,low
C1164,2026-02-05,home,furniture,mobile app,north,5,Review,Loved it,positive,2,no,Bob,high
C1270,2025-01-23,beauty,skin,email,west,2,Average,bad packaging,negative,1,yes,Esha,high
C1082,2025-05-25,electronics,mobile,social media,south,1,No Title,app crash,negative,7,no,Chris,high
C1296,2025-01-23,fashion,men,survey,north,2,Good,support not helpful,negative,1,no,Alice,high
C1158,2025-07-14,beauty,skin,website,east,3,Good,okay product,neutral,2,yes,Esha,high
C1276,2026-01-07,home,kitchen,website,east,3,Good,nothing special,neutral,14,yes,Deepa,medium
C1046,2025-02-14,fashion,women,social media,east,3,No Title,nothing special,neutral,5,yes,Bob,high
C1041,2025-07-15,beauty,skin,email,south,2,No Title,poor quality,negative,2,no,Bob,high
C1064,2025-04-05,electronics,laptop,social media,north,2,Review,poor quality,negative,15,yes,Bob,low
C1209,2025-09-06,beauty,skin,social media,south,1,Bad,bad packaging,negative,3,no,Bob,high
C1137,2025-05-18,beauty,hair,website,north,2,Good,poor quality,negative,2,yes,Alice,medium
C1061,2025-09-06,grocery,food,mobile app,east,1,Bad,app crash,negative,3,no,Alice,high
C1249,2025-11-01,beauty,hair,mobile app,south,4,Good,No Feedback,positive,1,no,Alice,high
C1023,2025-04-03,electronics,mobile,mobile app,west,5,Good,Excellent product,positive,4,yes,Bob,high
C1224,2026-01-16,home,furniture,email,west,3,No Title,works fine,neutral,10,no,Deepa,high
C1285,2025-06-24,beauty,skin,email,west,2,Bad,support not helpful,negative,14,yes,Alice,low
C1251,2026-02-04,electronics,laptop,website,south,5,Bad,Highly recommend,positive,1,no,Esha,low
C1066,2026-03-13,electronics,laptop,email,west,2,Good,app crash,negative,2,yes,Bob,medium
C1171,2025-06-08,electronics,mobile,social media,east,4,Average,Highly recommend,positive,15,yes,Esha,high
C1101,2025-10-31,electronics,laptop,mobile app,north,5,No Title,Excellent product,positive,12,no,Deepa,low
C1115,2025-07-21,beauty,skin,website,south,3,No Title,average experience,neutral,2,no,Deepa,low
C1157,2025-06-06,fashion,women,website,north,3,Good,works fine,neutral,3,no,Chris,medium
C1059,2026-01-11,beauty,hair,mobile app,south,2,Good,support not helpful,negative,4,yes,Deepa,medium
C1034,2025-12-22,electronics,laptop,website,south,2,Good,app crash,negative,5,yes,Esha,medium
C1013,2025-06-06,grocery,beverage,social media,west,3,Bad,average experience,neutral,6,no,Bob,medium
C1212,2025-11-20,electronics,mobile,email,west,3,No Title,average experience,neutral,1,no,Chris,high
C1279,2025-05-23,home,furniture,social media,south,5,Review,Excellent product,positive,9,yes,Chris,low
C1264,2026-05-05,electronics,laptop,social media,east,5,No Title,Excellent product,positive,2,yes,Esha,medium
C1230,2026-04-06,home,kitchen,website,south,5,Review,Fast delivery,positive,4,no,Esha,high
C1031,2025-02-08,grocery,beverage,survey,west,4,No Title,No Feedback,positive,4,yes,Esha,medium
C1298,2025-04-04,fashion,women,survey,south,2,Bad,bad packaging,negative,11,yes,Alice,medium
C1108,2025-05-07,beauty,hair,website,south,3,Bad,No Feedback,neutral,6,no,Alice,high
C1093,2025-01-18,electronics,laptop,website,east,2,No Title,support not helpful,negative,14,no,Bob,low
C1269,2025-03-16,beauty,hair,social media,east,1,Average,late delivery,negative,4,yes,Alice,medium
C1066,2026-02-10,fashion,men,website,south,4,Good,Excellent product,positive,2,yes,Chris,high
C1137,2025-09-07,fashion,men,website,north,4,Good,Highly recommend,positive,10,yes,Chris,low
C1023,2025-12-09,fashion,women,email,west,5,Review,Excellent product,positive,1,yes,Deepa,medium
C1172,2025-10-22,fashion,men,mobile app,south,4,Bad,Excellent product,positive,6,no,Bob,low
C1103,2025-11-11,beauty,skin,website,east,4,No Title,Great support,positive,13,no,Chris,high
C1145,2025-12-22,grocery,beverage,website,south,3,Review,okay product,neutral,13,yes,Alice,high
C1118,2026-05-07,grocery,food,mobile app,west,1,No Title,late delivery,negative,15,no,Chris,medium
C1264,2025-05-03,grocery,food,email,south,3,Bad,No Feedback,neutral,9,yes,Alice,high
C1042,2026-03-12,fashion,men,social media,south,5,Review,Fast delivery,positive,9,no,Deepa,high
C1124,2025-06-26,fashion,men,website,west,1,Good,app crash,negative,12,no,Alice,high
C1239,2025-08-13,home,furniture,website,south,5,Bad,Fast delivery,positive,6,yes,Deepa,low
C1270,2025-03-16,grocery,food,website,south,2,Review,bad packaging,negative,12,no,Esha,low
C1074,2025-12-26,beauty,hair,survey,east,5,No Title,Highly recommend,positive,7,yes,Esha,high
C1179,2025-11-05,beauty,hair,email,west,3,Good,average experience,neutral,7,no,Chris,medium
C1152,2025-06-16,home,kitchen,mobile app,west,5,No Title,Highly recommend,positive,4,no,Deepa,high
C1153,2025-04-26,grocery,beverage,mobile app,west,2,Review,bad packaging,negative,3,no,Alice,medium
C1189,2025-07-20,electronics,laptop,social media,east,1,Bad,app crash,negative,15,yes,Bob,medium
C1084,2025-01-10,fashion,men,email,west,2,No Title,bad packaging,negative,14,yes,Esha,high
C1105,2026-05-11,electronics,mobile,email,north,2,Review,poor quality,negative,6,no,Deepa,high
C1128,2025-02-03,fashion,women,website,north,3,Bad,nothing special,neutral,2,yes,Alice,high
C1075,2025-09-15,electronics,laptop,mobile app,west,5,Good,Fast delivery,positive,4,no,Deepa,high
C1202,2025-06-07,electronics,mobile,website,east,5,Bad,Fast delivery,positive,13,yes,Bob,medium
C1051,2025-03-23,electronics,laptop,email,north,3,Average,okay product,neutral,6,no,Alice,high
C1042,2026-02-23,home,furniture,survey,north,1,Review,bad packaging,negative,6,yes,Deepa,high
C1065,2025-05-26,fashion,women,website,south,3,Bad,okay product,neutral,9,yes,Esha,low
C1233,2025-11-17,home,kitchen,survey,east,1,No Title,late delivery,negative,13,yes,Esha,medium
C1188,2025-04-02,grocery,food,website,south,5,Review,Loved it,positive,6,yes,Esha,high
C1049,2025-02-05,fashion,men,survey,west,2,No Title,late delivery,negative,4,yes,Deepa,high
C1240,2025-04-29,grocery,beverage,email,south,2,Average,poor quality,negative,3,yes,Deepa,low
C1132,2025-11-20,fashion,men,website,east,4,Average,Excellent product,positive,3,yes,Alice,high
C1185,2025-01-22,home,kitchen,email,east,2,No Title,app crash,negative,4,yes,Chris,low
C1228,2026-02-20,grocery,food,website,north,2,Average,late delivery,negative,10,no,Esha,low
C1092,2026-02-05,home,kitchen,website,east,1,Review,poor quality,negative,2,yes,Bob,medium
C1223,2025-06-29,electronics,laptop,website,north,2,Average,poor quality,negative,6,yes,Chris,high
C1106,2026-02-06,grocery,food,social media,north,2,Review,late delivery,negative,6,yes,Deepa,high
C1298,2025-03-15,home,kitchen,social media,south,2,Bad,app crash,negative,1,no,Chris,medium
C1048,2026-02-15,fashion,men,website,south,4,Bad,Loved it,positive,1,yes,Deepa,high
C1002,2025-03-29,fashion,women,survey,west,4,Good,No Feedback,positive,5,yes,Alice,medium
C1217,2025-10-13,electronics,laptop,survey,south,4,Average,Excellent product,positive,8,no,Deepa,low
C1231,2025-07-21,electronics,laptop,website,east,4,No Title,Great support,positive,6,no,Deepa,high
C1159,2025-03-26,electronics,mobile,survey,south,1,Review,late delivery,negative,9,yes,Esha,high
C1115,2025-03-22,grocery,beverage,website,west,3,Bad,nothing special,neutral,11,yes,Bob,medium
C1106,2026-04-19,fashion,men,social media,north,3,Good,average experience,neutral,14,yes,Chris,low
C1024,2025-02-28,home,furniture,social media,north,4,Good,Highly recommend,positive,11,yes,Deepa,high
C1231,2025-12-05,grocery,beverage,website,north,5,Review,Highly recommend,positive,3,yes,Chris,low
C1255,2025-09-01,home,kitchen,social media,north,4,Review,Fast delivery,positive,11,no,Alice,high
C1010,2025-10-02,grocery,food,website,south,2,Review,app crash,negative,13,no,Deepa,medium
C1293,2025-04-05,beauty,hair,mobile app,south,5,Average,Excellent product,positive,10,yes,Alice,medium
C1300,2026-02-14,grocery,beverage,survey,south,3,Good,No Feedback,neutral,7,no,Alice,high
C1027,2025-03-21,fashion,men,website,east,3,No Title,works fine,neutral,10,no,Deepa,high
C1055,2025-11-28,electronics,mobile,website,north,5,Good,Fast delivery,positive,7,no,Deepa,medium
C1277,2026-02-12,beauty,hair,mobile app,west,1,No Title,bad packaging,negative,1,no,Deepa,medium
C1179,2025-03-07,home,furniture,social media,south,5,Average,Great support,positive,10,yes,Chris,low
C1020,2026-04-05,grocery,beverage,mobile app,south,5,Review,Highly recommend,positive,6,no,Chris,low
C1006,2025-02-12,home,furniture,survey,north,5,Review,Excellent product,positive,14,no,Bob,high
C1282,2025-09-19,beauty,skin,email,east,3,Good,works fine,neutral,4,no,Bob,medium
C1071,2025-04-08,grocery,beverage,website,east,2,Bad,app crash,negative,5,no,Alice,high
C1050,2025-06-09,fashion,women,social media,south,1,Average,No Feedback,negative,4,no,Deepa,low
C1285,2025-06-14,electronics,mobile,survey,east,4,No Title,Great support,positive,3,yes,Bob,low
C1065,2025-10-11,fashion,women,survey,west,2,Bad,poor quality,negative,3,no,Deepa,high
C1265,2026-04-08,home,kitchen,survey,north,4,Average,Excellent product,positive,1,no,Alice,medium
C1070,2025-04-13,electronics,laptop,social media,north,4,Average,Excellent product,positive,14,yes,Deepa,high
C1269,2025-06-11,beauty,hair,email,north,5,Bad,Great support,positive,14,yes,Bob,low
C1001,2025-03-12,electronics,laptop,social media,south,5,Bad,Excellent product,positive,9,yes,Bob,high
C1274,2025-07-06,electronics,laptop,website,east,4,Average,Excellent product,positive,12,yes,Alice,low
C1131,2025-05-18,home,furniture,website,south,2,Good,bad packaging,negative,5,no,Chris,medium
C1117,2025-03-01,grocery,food,website,north,5,No Title,Great support,positive,6,no,Bob,high
C1204,2025-01-24,beauty,skin,website,west,5,Good,Great support,positive,7,no,Alice,medium
C1092,2025-01-26,electronics,laptop,email,north,3,Review,works fine,neutral,5,yes,Esha,high
C1248,2026-02-04,home,kitchen,survey,south,4,Review,No Feedback,positive,13,no,Esha,high
C1060,2026-04-12,electronics,laptop,survey,east,2,No Title,bad packaging,negative,13,no,Alice,high
C1210,2025-05-12,home,furniture,mobile app,west,3,Good,acceptable,neutral,14,no,Bob,high
C1112,2025-04-23,beauty,skin,mobile app,west,1,Good,app crash,negative,12,yes,Deepa,medium
C1095,2025-07-13,electronics,mobile,website,east,4,Bad,Fast delivery,positive,6,no,Chris,high
C1036,2025-02-19,home,furniture,website,north,3,Average,acceptable,neutral,9,no,Bob,high
C1261,2026-01-07,fashion,men,mobile app,south,2,Bad,poor quality,negative,10,yes,Esha,high
C1037,2025-11-14,home,furniture,website,south,1,Good,bad packaging,negative,2,no,Bob,high
C1082,2025-09-29,electronics,laptop,website,south,3,No Title,nothing special,neutral,4,no,Deepa,high
C1254,2025-09-09,beauty,skin,social media,south,5,No Title,Great support,positive,1,yes,Deepa,high
C1046,2025-05-03,home,kitchen,mobile app,west,4,Review,Excellent product,positive,9,no,Deepa,high
C1225,2025-09-06,grocery,beverage,website,south,2,No Title,late delivery,negative,2,yes,Deepa,high
C1131,2025-11-29,home,furniture,survey,south,3,Average,nothing special,neutral,13,no,Esha,medium
C1148,2025-03-05,electronics,laptop,website,north,4,Average,Great support,positive,2,yes,Bob,high
C1033,2026-03-21,fashion,women,social media,south,1,No Title,support not helpful,negative,8,no,Deepa,medium
C1041,2025-01-17,fashion,women,survey,east,5,Review,Great support,positive,13,yes,Chris,high
C1298,2025-11-17,grocery,food,survey,west,3,Average,acceptable,neutral,7,no,Alice,high
C1217,2026-02-21,beauty,hair,email,north,1,Review,bad packaging,negative,7,yes,Bob,low
C1292,2025-05-31,home,kitchen,website,north,1,Review,late delivery,negative,8,no,Esha,high
C1087,2026-02-26,grocery,beverage,social media,north,5,Average,Highly recommend,positive,14,no,Alice,high
C1014,2025-04-26,grocery,food,social media,south,1,No Title,app crash,negative,3,no,Bob,high
C1062,2025-11-13,home,kitchen,website,east,2,Review,support not helpful,negative,13,no,Chris,high
C1261,2025-07-29,electronics,mobile,social media,west,3,Review,works fine,neutral,1,yes,Chris,medium
C1152,2026-04-18,electronics,mobile,survey,north,4,No Title,Highly recommend,positive,9,yes,Chris,high
C1203,2025-08-30,fashion,men,email,west,3,No Title,nothing special,neutral,8,yes,Bob,high
C1139,2026-02-01,electronics,laptop,website,north,3,Bad,works fine,neutral,4,yes,Alice,high
C1279,2025-01-16,beauty,hair,email,west,5,Average,No Feedback,positive,14,no,Alice,low
C1216,2026-05-10,grocery,food,website,north,5,Bad,Excellent product,positive,11,no,Chris,high
C1122,2025-01-10,home,kitchen,mobile app,west,5,Good,Fast delivery,positive,13,no,Deepa,high
C1295,2025-04-23,electronics,mobile,website,east,1,Good,support not helpful,negative,9,no,Chris,low
C1134,2025-06-09,beauty,skin,mobile app,east,4,Bad,Fast delivery,positive,4,no,Alice,low
C1137,2025-04-06,electronics,mobile,website,south,5,Bad,Highly recommend,positive,4,no,Esha,high
C1228,2025-10-18,electronics,mobile,website,south,3,Good,works fine,neutral,1,no,Esha,medium
C1030,2025-09-18,beauty,hair,website,south,4,Good,Highly recommend,positive,11,no,Alice,medium
C1136,2026-02-22,home,furniture,social media,west,3,Good,average experience,neutral,7,yes,Deepa,high
C1111,2025-05-27,home,furniture,website,south,4,Average,Highly recommend,positive,7,no,Bob,low
C1036,2025-09-30,fashion,men,website,east,1,No Title,app crash,negative,1,yes,Alice,medium
C1280,2025-09-10,beauty,skin,social media,south,4,Review,No Feedback,positive,1,yes,Bob,high
C1000,2026-02-16,beauty,hair,website,east,4,Bad,Fast delivery,positive,13,no,Deepa,high
C1178,2025-11-29,home,kitchen,website,north,5,Bad,Excellent product,positive,12,no,Deepa,high
C1143,2025-09-22,grocery,beverage,website,north,3,Good,acceptable,neutral,15,no,Alice,high
C1078,2025-10-16,home,furniture,survey,north,3,Review,works fine,neutral,4,no,Alice,high
C1300,2025-10-11,beauty,skin,email,east,3,Good,okay product,neutral,1,no,Deepa,high
C1123,2025-09-09,grocery,food,mobile app,north,4,Good,Highly recommend,positive,6,yes,Esha,low
C1229,2025-08-27,electronics,mobile,website,north,1,Review,poor quality,negative,14,yes,Deepa,high
C1183,2026-02-27,fashion,women,email,south,5,Review,Fast delivery,positive,11,no,Alice,low
C1072,2025-07-17,fashion,men,survey,north,3,Bad,works fine,neutral,14,no,Chris,low
C1033,2025-10-21,fashion,women,social media,north,4,Review,Great support,positive,14,no,Esha,low
C1013,2025-07-10,electronics,laptop,email,north,1,Good,late delivery,negative,9,yes,Bob,high
C1211,2025-12-22,beauty,skin,social media,east,3,Review,No Feedback,neutral,6,yes,Alice,medium
C1194,2025-06-04,beauty,hair,mobile app,north,5,Review,Highly recommend,positive,11,no,Esha,low
C1251,2025-03-16,grocery,food,website,west,1,Average,support not helpful,negative,12,no,Chris,high
C1115,2025-05-07,home,furniture,email,south,3,Good,nothing special,neutral,5,no,Chris,high
C1125,2026-04-10,beauty,hair,website,west,1,No Title,support not helpful,negative,15,no,Bob,medium
C1086,2025-02-18,fashion,men,mobile app,south,2,Bad,poor quality,negative,11,yes,Esha,high
C1071,2026-02-24,beauty,hair,mobile app,south,2,No Title,support not helpful,negative,10,no,Chris,medium
C1057,2025-12-29,home,furniture,social media,north,1,Review,poor quality,negative,13,yes,Esha,high
C1159,2025-04-21,home,kitchen,email,south,1,Bad,late delivery,negative,8,no,Deepa,high
C1249,2026-02-15,fashion,women,email,south,4,Review,Fast delivery,positive,11,no,Bob,low
C1194,2025-09-08,home,kitchen,mobile app,north,3,Good,acceptable,neutral,8,no,Alice,high
C1283,2025-01-08,home,kitchen,mobile app,east,1,Average,late delivery,negative,13,yes,Deepa,low
C1013,2025-03-29,beauty,hair,mobile app,east,3,No Title,works fine,neutral,13,no,Deepa,high
C1123,2025-09-16,fashion,women,mobile app,south,4,Review,Loved it,positive,14,no,Alice,high
C1095,2025-03-11,beauty,skin,email,west,5,Review,Highly recommend,positive,2,no,Bob,high
C1144,2025-01-16,home,kitchen,website,north,2,No Title,app crash,negative,15,yes,Alice,medium
C1271,2026-03-21,fashion,men,website,east,2,Good,poor quality,negative,10,no,Deepa,high
C1256,2026-04-26,home,kitchen,website,west,3,Bad,No Feedback,neutral,11,yes,Deepa,medium
C1051,2025-04-18,grocery,food,mobile app,east,3,No Title,okay product,neutral,10,no,Bob,high
C1150,2025-11-27,home,furniture,survey,east,1,Good,late delivery,negative,6,yes,Bob,high
C1206,2025-04-05,grocery,beverage,mobile app,west,3,Average,acceptable,neutral,2,yes,Bob,low
C1083,2025-03-31,home,kitchen,social media,east,5,Average,Fast delivery,positive,10,yes,Deepa,high
C1049,2025-09-23,beauty,skin,email,south,5,Average,No Feedback,positive,4,no,Esha,high
C1235,2025-07-13,beauty,skin,email,north,2,No Title,poor quality,negative,2,yes,Esha,high
C1095,2026-03-04,home,furniture,website,south,5,Review,Great support,positive,11,no,Deepa,low
C1217,2025-09-29,electronics,laptop,survey,north,5,Good,Great support,positive,13,yes,Bob,medium
C1087,2025-05-09,electronics,laptop,website,north,2,Review,bad packaging,negative,5,yes,Chris,low
C1250,2026-02-16,home,furniture,website,east,3,Review,okay product,neutral,12,yes,Deepa,high
C1067,2025-03-14,electronics,laptop,website,south,3,Bad,average experience,neutral,2,yes,Deepa,high
C1022,2025-09-17,fashion,women,email,south,3,Review,acceptable,neutral,9,no,Deepa,low
C1166,2025-05-24,home,kitchen,website,east,4,Good,Great support,positive,11,no,Esha,medium
C1085,2025-07-30,electronics,mobile,email,east,2,Good,late delivery,negative,4,yes,Chris,low
C1022,2025-04-26,grocery,beverage,survey,south,5,Good,No Feedback,positive,7,no,Alice,high
C1115,2025-03-04,electronics,mobile,website,south,3,Average,nothing special,neutral,1,yes,Alice,high
C1247,2025-03-02,electronics,laptop,website,east,2,Review,support not helpful,negative,3,yes,Bob,medium
C1156,2026-04-03,grocery,food,website,west,2,Average,bad packaging,negative,14,no,Chris,high
C1205,2025-09-08,home,furniture,mobile app,south,2,No Title,poor quality,negative,11,no,Bob,high
C1037,2025-03-17,home,furniture,website,south,4,Review,Loved it,positive,14,yes,Esha,low
C1152,2025-05-04,electronics,mobile,social media,north,4,Bad,Great support,positive,15,yes,Bob,high
C1130,2025-05-30,electronics,mobile,website,south,1,Average,app crash,negative,14,no,Deepa,low
C1003,2025-05-07,electronics,mobile,email,east,4,No Title,Great support,positive,15,no,Esha,high
C1020,2026-05-15,fashion,men,social media,east,3,No Title,nothing special,neutral,7,yes,Esha,high
C1116,2026-03-07,beauty,hair,social media,east,2,Average,poor quality,negative,3,yes,Chris,low
C1164,2025-09-14,fashion,women,email,east,3,Bad,nothing special,neutral,13,no,Esha,medium
C1156,2025-03-28,grocery,beverage,survey,south,3,Bad,acceptable,neutral,13,no,Alice,medium
C1292,2025-01-31,grocery,food,mobile app,east,4,No Title,No Feedback,positive,9,yes,Esha,medium
C1139,2025-02-13,beauty,hair,website,east,2,No Title,bad packaging,negative,11,yes,Deepa,medium
C1000,2025-12-05,electronics,mobile,survey,west,1,Review,app crash,negative,7,yes,Bob,high
C1013,2025-06-10,home,kitchen,email,north,1,Average,support not helpful,negative,5,yes,Chris,high
C1118,2025-01-03,beauty,hair,email,west,2,Review,late delivery,negative,12,yes,Esha,high
C1072,2025-08-28,fashion,women,website,south,1,Bad,app crash,negative,4,no,Alice,medium
C1023,2025-02-21,home,furniture,survey,south,2,No Title,app crash,negative,8,no,Chris,high
C1147,2025-03-30,fashion,men,website,north,2,Review,support not helpful,negative,15,yes,Alice,high
C1150,2026-03-23,beauty,skin,website,south,1,Average,support not helpful,negative,3,yes,Deepa,high
C1157,2025-08-21,grocery,food,social media,west,3,No Title,acceptable,neutral,15,yes,Deepa,high
C1188,2026-03-19,fashion,men,survey,south,4,Bad,No Feedback,positive,6,no,Esha,high
C1023,2025-05-28,home,furniture,website,south,3,Good,average experience,neutral,15,no,Bob,high
C1065,2025-07-01,fashion,men,email,south,2,Average,late delivery,negative,13,yes,Deepa,high
C1144,2025-11-20,home,kitchen,website,south,4,Bad,Fast delivery,positive,9,yes,Alice,low
C1279,2025-09-25,grocery,beverage,website,south,1,Bad,support not helpful,negative,15,yes,Chris,high
C1087,2025-09-28,home,kitchen,website,south,2,Good,late delivery,negative,5,no,Bob,low
C1174,2026-01-30,grocery,food,survey,south,5,Review,Great support,positive,4,no,Esha,high
C1252,2026-03-20,beauty,hair,social media,south,1,No Title,late delivery,negative,11,no,Esha,high
C1249,2025-02-07,beauty,hair,website,east,1,Bad,bad packaging,negative,13,yes,Alice,low
C1196,2025-10-14,home,kitchen,website,west,3,Good,nothing special,neutral,5,no,Esha,medium
C1012,2025-07-12,home,kitchen,social media,south,5,Review,Fast delivery,positive,6,yes,Bob,low
C1089,2025-06-05,beauty,hair,mobile app,west,5,No Title,Excellent product,positive,5,yes,Alice,low
C1061,2025-12-21,fashion,women,website,south,5,Good,No Feedback,positive,1,yes,Alice,high
C1164,2025-01-29,home,furniture,email,west,5,No Title,Highly recommend,positive,7,yes,Chris,medium
C1270,2026-05-08,home,furniture,survey,south,1,No Title,support not helpful,negative,9,yes,Esha,high
C1190,2025-05-18,electronics,mobile,mobile app,south,2,No Title,poor quality,negative,7,no,Esha,low
C1010,2025-08-11,grocery,food,email,west,5,Good,Highly recommend,positive,3,yes,Chris,medium
C1206,2026-01-05,home,kitchen,social media,west,1,No Title,support not helpful,negative,2,yes,Alice,high
C1169,2025-04-04,electronics,mobile,survey,west,5,No Title,Fast delivery,positive,8,yes,Alice,high
C1197,2025-08-26,beauty,skin,mobile app,south,4,Good,Highly recommend,positive,15,no,Alice,high
C1146,2025-12-29,electronics,laptop,mobile app,west,3,No Title,average experience,neutral,1,yes,Deepa,low
C1169,2025-04-02,beauty,hair,website,north,3,Review,okay product,neutral,3,yes,Deepa,low
C1120,2025-05-26,grocery,food,website,north,3,Review,okay product,neutral,11,yes,Chris,high
C1286,2025-04-14,fashion,women,website,north,1,Good,bad packaging,negative,2,yes,Deepa,high
C1184,2025-03-22,fashion,women,email,south,3,Review,okay product,neutral,11,yes,Alice,low
C1026,2025-11-10,fashion,women,social media,east,5,Good,Fast delivery,positive,11,no,Esha,high
C1164,2025-08-14,home,kitchen,website,north,1,Average,bad packaging,negative,15,no,Chris,medium
C1116,2025-02-15,home,furniture,email,west,3,No Title,acceptable,neutral,10,no,Bob,high
C1106,2025-03-18,home,furniture,website,south,5,No Title,Excellent product,positive,6,yes,Chris,high
C1224,2025-10-13,beauty,hair,social media,east,3,Average,works fine,neutral,12,no,Esha,low
C1110,2025-05-18,home,kitchen,survey,south,5,Bad,Fast delivery,positive,10,yes,Esha,medium
C1023,2025-03-30,electronics,mobile,mobile app,south,1,No Title,late delivery,negative,2,yes,Alice,low
C1245,2025-07-07,grocery,food,website,south,2,Good,late delivery,negative,11,yes,Alice,medium
C1119,2025-03-25,grocery,beverage,website,north,1,Average,bad packaging,negative,11,no,Bob,high
C1296,2025-08-04,home,kitchen,email,south,4,No Title,Excellent product,positive,2,no,Deepa,low
C1107,2025-01-30,beauty,skin,website,south,4,Bad,Great support,positive,11,yes,Bob,high
C1121,2025-09-13,fashion,men,social media,north,1,Good,bad packaging,negative,4,no,Deepa,low
C1124,2025-05-19,grocery,beverage,mobile app,west,5,Bad,Highly recommend,positive,6,yes,Esha,medium
C1292,2025-11-27,beauty,hair,social media,south,1,Review,bad packaging,negative,12,yes,Alice,high
C1102,2025-11-19,grocery,beverage,email,north,1,No Title,poor quality,negative,2,no,Esha,high
C1212,2025-10-02,electronics,mobile,website,west,4,Review,Excellent product,positive,2,no,Alice,medium
C1258,2025-08-20,grocery,beverage,website,south,3,Review,average experience,neutral,7,yes,Esha,high
C1288,2025-02-19,grocery,food,website,east,5,Bad,Great support,positive,12,no,Deepa,medium
C1156,2026-02-07,home,kitchen,survey,north,3,Bad,average experience,neutral,12,yes,Alice,low
C1033,2026-03-12,fashion,women,email,north,1,Good,poor quality,negative,7,no,Chris,high
C1154,2026-04-12,grocery,food,website,south,3,No Title,nothing special,neutral,5,no,Esha,low
C1016,2026-03-25,electronics,laptop,social media,west,5,No Title,Excellent product,positive,5,no,Alice,medium
C1105,2025-04-17,grocery,beverage,website,west,5,Average,Highly recommend,positive,8,yes,Alice,medium
C1000,2025-03-03,electronics,laptop,social media,east,2,Average,support not helpful,negative,2,yes,Alice,high
C1225,2025-05-07,grocery,beverage,website,south,3,Review,average experience,neutral,3,yes,Alice,medium
C1294,2026-04-28,home,furniture,email,south,5,Good,Great support,positive,9,no,Deepa,high
C1213,2026-01-03,beauty,skin,website,north,5,Review,Fast delivery,positive,2,no,Chris,high
C1044,2025-05-21,home,furniture,survey,west,1,Review,No Feedback,negative,6,no,Chris,medium
C1244,2025-09-07,beauty,hair,mobile app,east,2,Bad,app crash,negative,1,yes,Chris,low
C1141,2025-12-27,home,kitchen,mobile app,south,1,Bad,app crash,negative,2,no,Bob,low
C1070,2026-02-07,beauty,skin,email,north,5,Average,Highly recommend,positive,7,yes,Alice,medium
C1252,2025-02-09,fashion,men,social media,south,2,Bad,poor quality,negative,14,yes,Alice,medium
C1098,2026-04-22,electronics,laptop,email,west,5,Bad,Highly recommend,positive,2,no,Esha,medium
C1251,2025-01-14,grocery,beverage,website,north,2,Review,bad packaging,negative,15,yes,Esha,low
C1229,2025-11-21,fashion,women,mobile app,south,5,Good,Loved it,positive,14,no,Alice,medium
C1200,2025-08-08,fashion,women,mobile app,east,2,Average,poor quality,negative,7,no,Esha,high
C1099,2025-06-23,home,furniture,mobile app,north,5,Good,Fast delivery,positive,8,yes,Alice,high
C1254,2025-10-16,electronics,mobile,email,north,1,No Title,app crash,negative,4,yes,Deepa,high
C1130,2026-04-15,electronics,laptop,website,west,3,Bad,okay product,neutral,9,yes,Esha,high
C1145,2025-03-25,beauty,hair,email,east,5,Bad,Great support,positive,14,yes,Alice,low
C1085,2025-05-08,fashion,men,website,east,1,Bad,app crash,negative,3,yes,Bob,medium
C1134,2026-01-13,fashion,men,website,west,3,Review,average experience,neutral,5,no,Alice,low
C1282,2025-05-25,grocery,food,website,east,2,Bad,bad packaging,negative,10,yes,Deepa,high
C1190,2026-02-08,fashion,men,survey,south,4,Bad,Great support,positive,14,no,Bob,high
C1050,2026-02-18,grocery,beverage,survey,south,3,Bad,average experience,neutral,10,no,Bob,high
C1297,2025-06-23,fashion,men,website,east,4,Good,No Feedback,positive,5,yes,Esha,high
C1154,2026-03-17,fashion,women,website,south,2,No Title,support not helpful,negative,13,no,Alice,medium
C1270,2026-04-05,electronics,laptop,survey,west,4,Review,Loved it,positive,10,yes,Chris,low
C1104,2025-12-16,beauty,skin,website,south,4,Bad,Great support,positive,4,yes,Esha,high
C1063,2025-03-06,grocery,food,social media,west,1,Review,late delivery,negative,15,yes,Chris,high
C1077,2025-05-09,electronics,mobile,email,east,2,Review,bad packaging,negative,3,yes,Chris,high
C1231,2025-08-01,grocery,beverage,email,south,4,Review,Excellent product,positive,11,no,Esha,low
C1010,2025-04-04,electronics,mobile,website,north,4,No Title,Great support,positive,15,yes,Chris,high
C1109,2026-01-06,home,furniture,website,west,3,Review,okay product,neutral,13,yes,Alice,high
C1235,2025-08-09,electronics,mobile,email,west,5,No Title,Highly recommend,positive,11,no,Deepa,high
C1073,2025-06-23,beauty,skin,website,north,1,Good,poor quality,negative,9,yes,Alice,medium
C1213,2025-01-20,beauty,hair,mobile app,south,4,Review,Great support,positive,12,no,Alice,medium
C1165,2025-11-30,home,kitchen,website,south,5,Bad,Fast delivery,positive,13,yes,Esha,high
C1162,2026-04-20,home,kitchen,website,south,5,Review,No Feedback,positive,12,yes,Deepa,high
C1291,2025-01-16,home,furniture,website,south,5,No Title,Fast delivery,positive,4,yes,Chris,low
C1180,2025-07-03,home,furniture,social media,south,2,Bad,poor quality,negative,11,yes,Bob,medium
C1194,2025-11-19,electronics,mobile,website,east,2,Good,app crash,negative,11,no,Alice,medium
C1251,2025-03-05,grocery,beverage,survey,north,3,Good,works fine,neutral,13,no,Alice,high
C1293,2025-03-15,grocery,beverage,website,north,2,Good,support not helpful,negative,8,no,Esha,high
C1060,2025-10-22,home,kitchen,survey,north,1,No Title,No Feedback,negative,14,no,Bob,low
C1238,2026-01-14,beauty,skin,email,west,2,Review,poor quality,negative,2,no,Bob,high
C1251,2026-03-26,electronics,mobile,website,south,2,Review,poor quality,negative,6,no,Chris,low
C1033,2025-04-02,grocery,food,email,south,2,Average,support not helpful,negative,12,no,Esha,high
C1059,2025-01-01,home,kitchen,website,west,1,No Title,support not helpful,negative,15,no,Deepa,high
C1036,2025-12-02,home,furniture,email,east,4,No Title,Excellent product,positive,8,yes,Alice,high
C1227,2025-07-31,grocery,beverage,website,west,3,No Title,average experience,neutral,15,no,Esha,low
C1276,2025-07-07,beauty,skin,social media,east,1,Average,bad packaging,negative,11,yes,Chris,high
C1074,2025-06-06,electronics,mobile,social media,north,3,No Title,No Feedback,neutral,10,yes,Bob,low
C1186,2025-06-13,fashion,women,website,south,3,No Title,nothing special,neutral,7,no,Esha,high
C1213,2026-02-15,grocery,food,website,east,1,Average,late delivery,negative,14,yes,Chris,high
C1207,2025-11-28,beauty,hair,email,west,2,Good,poor quality,negative,14,no,Deepa,low
C1256,2026-03-15,electronics,mobile,website,south,3,Average,acceptable,neutral,11,yes,Esha,high
C1233,2025-05-10,fashion,women,mobile app,south,5,No Title,Loved it,positive,6,yes,Deepa,medium
C1192,2025-07-30,fashion,men,website,south,1,Average,support not helpful,negative,5,no,Chris,high
C1223,2025-08-12,home,kitchen,website,north,2,Review,app crash,negative,5,yes,Alice,low
C1240,2025-06-25,beauty,hair,mobile app,east,4,Review,No Feedback,positive,6,yes,Bob,high
C1202,2025-10-22,beauty,hair,mobile app,south,1,Good,late delivery,negative,3,yes,Bob,medium
C1126,2025-12-22,electronics,laptop,social media,west,4,No Title,Highly recommend,positive,2,yes,Chris,low
C1281,2025-09-18,electronics,mobile,website,south,3,Bad,works fine,neutral,12,no,Deepa,medium
C1204,2025-02-11,fashion,men,survey,west,5,Review,No Feedback,positive,7,yes,Bob,low
C1063,2025-04-06,fashion,women,website,south,4,Good,Excellent product,positive,12,yes,Chris,medium
C1273,2025-09-23,beauty,skin,social media,north,2,Average,app crash,negative,14,yes,Deepa,medium
C1178,2025-02-25,fashion,women,website,south,5,Review,Loved it,positive,3,no,Alice,medium
C1057,2025-11-08,grocery,food,website,north,4,No Title,Excellent product,positive,2,yes,Alice,medium
C1028,2025-10-17,fashion,women,social media,north,4,No Title,Loved it,positive,13,no,Deepa,high
C1156,2025-09-23,electronics,laptop,website,west,1,Review,No Feedback,negative,14,no,Bob,high
C1101,2025-08-10,electronics,mobile,survey,east,2,Average,bad packaging,negative,14,no,Deepa,medium
C1012,2026-01-27,beauty,skin,survey,west,1,Review,poor quality,negative,10,no,Bob,medium
C1161,2026-05-16,electronics,laptop,email,south,2,Bad,late delivery,negative,6,no,Alice,high
C1149,2025-05-10,electronics,laptop,website,west,1,Average,bad packaging,negative,8,yes,Deepa,high
C1007,2025-11-08,fashion,men,mobile app,east,5,Average,Fast delivery,positive,5,yes,Alice,low
C1163,2026-01-11,home,furniture,mobile app,west,4,Good,Fast delivery,positive,14,no,Chris,medium
C1046,2025-11-10,beauty,hair,email,east,2,Bad,bad packaging,negative,6,yes,Esha,high
C1253,2025-09-04,electronics,laptop,survey,east,5,Average,Fast delivery,positive,10,yes,Deepa,low
C1018,2025-03-26,grocery,beverage,website,west,3,Bad,average experience,neutral,4,no,Esha,high
C1141,2025-12-29,fashion,women,website,south,5,Average,Great support,positive,15,no,Esha,high
C1199,2025-11-19,home,kitchen,social media,east,3,Good,works fine,neutral,10,yes,Alice,high
C1026,2025-08-06,home,furniture,social media,south,4,Good,Fast delivery,positive,10,no,Chris,low
C1105,2025-09-11,electronics,laptop,survey,south,2,Average,late delivery,negative,12,yes,Alice,medium
C1094,2025-05-25,home,kitchen,email,east,1,Review,poor quality,negative,8,yes,Alice,high
C1219,2026-04-19,grocery,beverage,social media,east,5,Review,Great support,positive,2,yes,Deepa,high
C1233,2025-09-11,fashion,men,website,west,2,Good,app crash,negative,1,no,Chris,high
C1116,2025-09-16,home,furniture,website,west,3,Average,No Feedback,neutral,14,no,Esha,low
C1139,2025-08-10,grocery,food,website,west,3,No Title,nothing special,neutral,13,yes,Esha,medium
C1021,2025-12-11,beauty,hair,website,west,3,Average,No Feedback,neutral,1,yes,Bob,medium
C1260,2025-05-13,fashion,men,website,west,1,Average,No Feedback,negative,4,no,Bob,high
C1256,2025-10-26,fashion,women,email,west,3,Review,acceptable,neutral,3,yes,Deepa,high
C1134,2025-11-17,electronics,laptop,social media,north,1,Review,late delivery,negative,10,no,Bob,medium
C1189,2025-06-24,fashion,women,social media,east,1,Average,poor quality,negative,1,no,Alice,low
C1082,2026-01-02,fashion,women,mobile app,north,1,Bad,late delivery,negative,8,no,Chris,medium
C1204,2025-06-11,fashion,men,mobile app,south,1,Good,bad packaging,negative,14,yes,Bob,high
C1074,2025-04-21,electronics,mobile,mobile app,north,4,Average,Highly recommend,positive,12,no,Bob,high
C1161,2026-03-27,fashion,men,email,south,1,Good,poor quality,negative,15,yes,Esha,high
C1006,2025-10-05,fashion,men,social media,east,2,No Title,late delivery,negative,11,yes,Chris,medium
C1055,2025-04-24,electronics,mobile,website,south,4,Good,Loved it,positive,15,yes,Alice,low
C1012,2025-04-24,fashion,women,website,south,2,Good,app crash,negative,15,yes,Chris,medium
C1121,2025-03-17,beauty,skin,website,east,2,Bad,bad packaging,negative,8,yes,Alice,high
C1137,2025-11-04,home,furniture,mobile app,west,4,Average,Excellent product,positive,2,yes,Alice,high
C1065,2025-04-28,beauty,hair,email,south,1,Review,bad packaging,negative,2,yes,Esha,low
C1014,2025-08-13,grocery,beverage,mobile app,east,3,Average,works fine,neutral,14,no,Deepa,medium
C1217,2026-01-28,beauty,hair,website,west,4,Bad,Highly recommend,positive,3,no,Esha,low
C1084,2025-06-20,beauty,hair,social media,north,5,Good,Fast delivery,positive,9,yes,Chris,high
C1023,2025-05-29,fashion,women,email,west,3,Review,works fine,neutral,9,yes,Esha,high
C1016,2026-04-03,grocery,beverage,mobile app,west,5,Bad,No Feedback,positive,3,no,Alice,medium
C1152,2026-03-11,grocery,food,email,north,4,Review,Loved it,positive,2,yes,Deepa,medium
C1074,2026-02-17,grocery,food,survey,west,2,Good,late delivery,negative,6,no,Bob,medium
C1242,2025-11-24,electronics,laptop,website,north,3,Good,okay product,neutral,11,yes,Bob,low
C1195,2025-11-08,fashion,women,survey,south,4,Review,No Feedback,positive,7,yes,Alice,medium
C1176,2025-06-23,beauty,skin,website,north,2,No Title,No Feedback,negative,11,no,Bob,medium
C1082,2025-08-15,electronics,laptop,email,south,2,Good,bad packaging,negative,1,no,Alice,high
C1061,2026-05-01,home,furniture,website,south,4,Average,Highly recommend,positive,8,yes,Bob,low
C1060,2025-12-12,grocery,food,email,south,5,No Title,Fast delivery,positive,15,yes,Bob,high
C1213,2025-05-13,grocery,food,mobile app,south,2,Average,bad packaging,negative,8,no,Chris,high
C1061,2025-02-06,fashion,women,website,north,2,Bad,No Feedback,negative,13,no,Esha,medium
C1163,2026-02-06,fashion,women,mobile app,south,1,No Title,support not helpful,negative,3,yes,Esha,high
C1103,2025-06-08,home,furniture,email,south,5,Bad,Highly recommend,positive,10,no,Bob,medium
C1147,2026-04-14,beauty,skin,mobile app,west,5,Review,Fast delivery,positive,1,no,Esha,high
C1174,2025-07-27,beauty,hair,website,south,1,Good,late delivery,negative,3,no,Alice,medium
C1253,2025-06-20,grocery,beverage,email,south,5,Good,Great support,positive,13,yes,Deepa,high
C1110,2025-04-17,grocery,food,website,east,2,Good,late delivery,negative,6,yes,Bob,low
C1262,2025-12-21,electronics,laptop,website,east,2,Bad,poor quality,negative,3,no,Alice,high
C1085,2025-02-27,home,furniture,social media,south,1,Review,app crash,negative,14,no,Bob,high
C1053,2025-01-30,grocery,beverage,mobile app,north,1,Good,support not helpful,negative,5,yes,Deepa,medium
C1056,2025-01-06,fashion,women,social media,south,5,No Title,Highly recommend,positive,3,no,Deepa,low
C1132,2026-05-12,electronics,mobile,survey,east,2,No Title,app crash,negative,6,no,Alice,medium
C1272,2025-03-05,electronics,laptop,mobile app,south,2,Bad,No Feedback,negative,1,no,Deepa,medium
C1072,2026-02-12,home,kitchen,email,south,4,Average,Loved it,positive,4,no,Bob,high
C1133,2025-01-30,home,kitchen,survey,east,2,Review,bad packaging,negative,8,yes,Deepa,low
C1161,2025-02-21,beauty,hair,survey,east,5,Good,Fast delivery,positive,6,no,Bob,high
C1088,2025-09-03,grocery,food,social media,west,3,No Title,nothing special,neutral,2,no,Deepa,low
C1145,2025-10-24,electronics,mobile,mobile app,south,3,Good,okay product,neutral,7,no,Alice,high
C1232,2025-04-18,fashion,women,mobile app,south,3,Review,nothing special,neutral,8,no,Bob,high
C1080,2026-02-06,beauty,skin,email,east,1,Good,support not helpful,negative,12,yes,Deepa,medium
C1014,2025-06-26,beauty,hair,website,north,1,Good,poor quality,negative,12,yes,Bob,high
C1101,2025-12-21,electronics,mobile,website,south,2,Good,late delivery,negative,13,yes,Deepa,medium
C1049,2025-03-06,fashion,women,website,east,3,Review,works fine,neutral,14,yes,Deepa,low
C1138,2025-03-13,fashion,men,website,south,3,Good,works fine,neutral,5,yes,Chris,high
C1225,2025-08-15,fashion,men,website,south,4,Bad,Highly recommend,positive,10,yes,Bob,medium
C1117,2026-01-10,home,furniture,website,west,4,Bad,Excellent product,positive,1,no,Chris,high
C1068,2025-06-30,fashion,men,website,south,4,No Title,Excellent product,positive,11,yes,Bob,high
C1011,2025-04-04,beauty,skin,mobile app,east,3,Good,okay product,neutral,13,yes,Deepa,low
C1175,2025-03-28,beauty,hair,website,north,5,Bad,Excellent product,positive,3,no,Chris,low
C1120,2026-04-24,fashion,men,social media,south,2,Average,poor quality,negative,4,yes,Alice,high
C1113,2025-06-03,fashion,men,mobile app,west,2,No Title,support not helpful,negative,6,yes,Deepa,high
C1222,2025-04-08,beauty,hair,mobile app,south,4,Good,Excellent product,positive,2,no,Deepa,high
C1004,2025-02-04,beauty,hair,email,south,2,Good,support not helpful,negative,7,no,Alice,medium
C1185,2025-10-23,electronics,laptop,email,west,2,Bad,app crash,negative,5,no,Esha,high
C1069,2025-02-16,beauty,hair,email,south,5,No Title,Excellent product,positive,12,yes,Alice,low
C1126,2025-02-06,fashion,men,website,south,5,Bad,Loved it,positive,4,yes,Deepa,high
C1108,2025-02-24,beauty,hair,email,south,3,Review,works fine,neutral,1,yes,Esha,medium
C1046,2025-06-10,home,kitchen,survey,north,2,Bad,poor quality,negative,14,yes,Chris,high
C1261,2025-09-26,grocery,food,social media,south,3,No Title,average experience,neutral,1,yes,Deepa,low
C1137,2025-11-07,home,furniture,survey,south,2,Average,app crash,negative,2,no,Bob,high
C1118,2025-09-07,home,furniture,survey,north,2,No Title,bad packaging,negative,10,no,Deepa,high
C1217,2025-02-03,grocery,food,website,south,3,Review,acceptable,neutral,12,yes,Esha,high
C1202,2025-10-10,fashion,men,social media,south,2,Average,bad packaging,negative,4,yes,Alice,high
C1189,2025-11-27,home,furniture,website,south,5,No Title,Great support,positive,1,yes,Bob,low
C1192,2026-04-03,home,furniture,website,north,1,Average,poor quality,negative,11,yes,Bob,low
C1030,2025-10-17,beauty,hair,email,south,1,No Title,bad packaging,negative,9,no,Deepa,low
C1277,2025-09-23,home,furniture,social media,east,5,No Title,Great support,positive,4,yes,Esha,low
C1183,2026-04-24,grocery,food,mobile app,east,2,Bad,late delivery,negative,8,no,Bob,high
C1116,2025-11-28,fashion,men,survey,south,3,Average,average experience,neutral,3,yes,Esha,medium
C1228,2026-04-05,fashion,women,social media,south,3,Good,No Feedback,neutral,10,no,Esha,high
C1167,2025-01-08,fashion,men,email,south,2,Good,bad packaging,negative,10,no,Alice,low
C1165,2025-11-15,electronics,mobile,survey,south,4,No Title,Great support,positive,2,no,Esha,high
C1118,2025-05-30,fashion,men,website,north,3,No Title,nothing special,neutral,3,yes,Deepa,medium
C1188,2025-12-09,beauty,hair,social media,east,2,Average,bad packaging,negative,12,yes,Chris,high
C1196,2025-09-16,fashion,women,social media,north,2,Review,support not helpful,negative,9,no,Bob,high
C1056,2026-03-18,home,kitchen,website,south,5,No Title,Excellent product,positive,15,no,Deepa,high
C1079,2025-12-17,electronics,mobile,mobile app,north,2,Review,poor quality,negative,12,no,Bob,medium
C1025,2026-04-03,grocery,beverage,email,east,5,Good,Loved it,positive,5,yes,Alice,high
C1053,2025-05-21,home,kitchen,mobile app,north,1,Review,app crash,negative,5,no,Bob,low
C1105,2025-07-21,home,kitchen,survey,east,5,Review,Fast delivery,positive,5,no,Bob,high
C1299,2025-12-09,grocery,beverage,website,south,1,No Title,poor quality,negative,9,no,Esha,low
C1236,2025-10-25,electronics,mobile,email,west,5,Good,Highly recommend,positive,8,no,Bob,high
C1031,2025-03-08,electronics,laptop,website,east,2,Bad,bad packaging,negative,1,no,Alice,high
C1196,2026-03-24,electronics,laptop,survey,south,2,Bad,No Feedback,negative,3,yes,Alice,medium
C1043,2025-11-03,electronics,mobile,mobile app,north,2,Bad,support not helpful,negative,3,no,Chris,high
C1163,2025-02-19,grocery,food,website,east,2,No Title,app crash,negative,2,yes,Esha,high
C1057,2025-03-14,electronics,laptop,website,east,5,Bad,Excellent product,positive,6,yes,Deepa,high
C1218,2025-04-15,beauty,skin,mobile app,south,3,Review,works fine,neutral,15,no,Alice,high
C1121,2025-11-10,home,kitchen,mobile app,east,5,Good,Great support,positive,1,no,Deepa,high
C1196,2025-03-09,electronics,laptop,mobile app,south,1,No Title,support not helpful,negative,13,yes,Bob,high
C1019,2025-07-13,grocery,beverage,website,north,4,No Title,Fast delivery,positive,4,no,Bob,high
C1205,2025-03-16,fashion,men,website,north,4,Review,Fast delivery,positive,4,yes,Chris,high
C1067,2025-06-15,fashion,men,mobile app,west,2,No Title,poor quality,negative,2,yes,Deepa,high
C1217,2025-07-02,grocery,food,email,west,5,Bad,Fast delivery,positive,1,no,Alice,high
C1044,2025-12-08,fashion,women,social media,south,5,Average,Loved it,positive,7,no,Chris,low
C1137,2025-11-12,beauty,hair,email,south,3,No Title,nothing special,neutral,15,yes,Chris,high
C1058,2025-04-03,electronics,mobile,website,south,4,Review,Loved it,positive,1,no,Deepa,high
C1045,2025-04-11,home,furniture,survey,east,5,No Title,Fast delivery,positive,9,no,Bob,medium
C1130,2026-05-15,electronics,mobile,website,north,5,Good,Great support,positive,4,no,Alice,high
C1004,2025-10-30,electronics,mobile,social media,south,3,Bad,acceptable,neutral,2,no,Bob,high
C1131,2025-12-18,beauty,skin,mobile app,west,3,Average,No Feedback,neutral,3,yes,Bob,high
C1165,2025-05-08,fashion,men,social media,east,2,No Title,late delivery,negative,3,yes,Alice,low
C1142,2025-04-27,fashion,men,social media,south,4,Average,Fast delivery,positive,8,no,Esha,medium
C1270,2025-03-23,beauty,hair,mobile app,south,5,Good,Loved it,positive,14,yes,Alice,medium
C1055,2025-11-01,home,kitchen,social media,south,5,No Title,Excellent product,positive,8,yes,Alice,low
C1227,2025-11-28,fashion,women,website,west,3,Bad,works fine,neutral,13,no,Chris,low
C1103,2025-05-12,home,kitchen,social media,north,5,Average,Great support,positive,5,yes,Bob,high
C1258,2025-07-10,grocery,food,social media,south,2,Review,app crash,negative,1,yes,Bob,medium
C1040,2025-01-08,grocery,beverage,mobile app,south,1,Bad,support not helpful,negative,5,yes,Bob,high
C1169,2025-06-21,fashion,men,website,east,1,Bad,No Feedback,negative,6,no,Alice,low
C1273,2025-01-05,beauty,skin,survey,south,5,Average,Loved it,positive,14,no,Chris,high
C1137,2025-10-08,grocery,beverage,website,north,5,Bad,Great support,positive,7,yes,Chris,high
C1273,2025-06-25,home,kitchen,website,north,4,Bad,Loved it,positive,10,no,Alice,high
C1077,2025-12-26,grocery,food,website,south,4,No Title,Excellent product,positive,15,yes,Esha,high
C1017,2026-01-13,electronics,mobile,website,west,3,No Title,acceptable,neutral,3,no,Bob,low
C1057,2025-12-02,home,furniture,social media,south,1,Average,poor quality,negative,6,no,Esha,low
C1068,2025-11-05,fashion,women,email,west,1,Review,poor quality,negative,5,no,Deepa,high
C1054,2025-06-05,beauty,hair,website,south,3,Bad,acceptable,neutral,1,no,Chris,high
C1135,2025-02-02,home,kitchen,survey,south,2,Good,bad packaging,negative,5,no,Bob,low
C1295,2026-04-02,beauty,skin,website,west,1,Average,support not helpful,negative,10,yes,Deepa,high
C1266,2026-03-20,electronics,mobile,mobile app,west,1,Good,late delivery,negative,12,no,Chris,high
C1170,2026-05-15,grocery,food,survey,west,5,Bad,Highly recommend,positive,1,no,Bob,low
C1222,2026-03-05,fashion,women,survey,south,4,Bad,No Feedback,positive,2,no,Chris,low
C1288,2025-08-22,beauty,skin,survey,west,4,Bad,Excellent product,positive,4,yes,Esha,high
C1092,2026-04-24,electronics,mobile,website,south,5,Bad,No Feedback,positive,10,yes,Deepa,high
C1219,2025-11-17,electronics,mobile,survey,south,3,Bad,average experience,neutral,11,yes,Esha,medium
C1081,2025-08-07,fashion,women,social media,north,1,Bad,bad packaging,negative,14,no,Bob,high
C1175,2025-09-22,beauty,skin,email,west,5,Good,Fast delivery,positive,12,yes,Bob,high
C1073,2025-05-06,home,kitchen,social media,south,2,No Title,poor quality,negative,1,yes,Bob,medium
C1237,2025-05-16,grocery,food,survey,north,3,Average,okay product,neutral,1,no,Chris,low
C1123,2025-01-22,home,furniture,website,south,2,Bad,bad packaging,negative,3,no,Deepa,low
C1260,2025-12-19,electronics,mobile,mobile app,west,3,Review,nothing special,neutral,14,yes,Alice,high
C1090,2026-05-15,fashion,women,social media,west,5,Bad,Highly recommend,positive,2,yes,Deepa,high
C1244,2026-04-26,home,kitchen,social media,east,4,Average,Fast delivery,positive,12,no,Chris,low
C1246,2025-01-17,electronics,laptop,website,north,4,Average,No Feedback,positive,8,yes,Deepa,low
C1086,2025-02-03,fashion,men,website,south,2,Review,bad packaging,negative,1,no,Esha,medium
C1119,2025-10-13,fashion,women,website,south,4,Review,Fast delivery,positive,12,no,Chris,low
C1039,2025-06-27,beauty,skin,mobile app,north,4,Good,Highly recommend,positive,3,no,Chris,high
C1299,2025-07-02,home,furniture,social media,west,5,Bad,Loved it,positive,1,yes,Alice,high
C1090,2025-02-17,beauty,skin,email,south,5,No Title,Fast delivery,positive,2,yes,Alice,high
C1112,2026-01-10,home,furniture,website,east,4,No Title,Fast delivery,positive,10,yes,Bob,high
C1019,2025-05-05,electronics,laptop,mobile app,south,1,Bad,support not helpful,negative,9,yes,Deepa,high
C1045,2025-08-29,home,furniture,social media,west,2,Review,No Feedback,negative,13,no,Chris,high
C1067,2025-04-07,electronics,mobile,survey,north,4,Good,Loved it,positive,4,no,Chris,medium
C1106,2025-07-12,home,kitchen,survey,south,2,Average,bad packaging,negative,3,yes,Alice,high
C1023,2025-12-17,beauty,hair,website,south,3,Bad,okay product,neutral,5,yes,Bob,medium
C1226,2026-04-03,beauty,skin,mobile app,east,4,Bad,Loved it,positive,7,yes,Deepa,low
C1101,2025-12-23,fashion,men,website,east,3,No Title,average experience,neutral,9,yes,Bob,high
C1118,2025-02-21,home,furniture,email,south,3,Good,acceptable,neutral,13,no,Deepa,high
C1291,2025-05-02,fashion,men,social media,south,1,Review,app crash,negative,4,no,Bob,low
C1254,2026-05-05,beauty,hair,website,south,1,Bad,bad packaging,negative,15,no,Chris,medium
C1217,2025-05-25,beauty,hair,survey,west,2,Review,No Feedback,negative,12,no,Chris,high
C1108,2025-11-02,electronics,mobile,social media,south,3,Average,No Feedback,neutral,10,no,Chris,medium
C1291,2026-01-07,grocery,food,social media,south,5,No Title,Highly recommend,positive,10,yes,Esha,high
C1248,2025-11-03,home,kitchen,survey,east,4,Good,Loved it,positive,13,no,Alice,low
C1187,2025-04-09,electronics,mobile,website,south,1,No Title,poor quality,negative,1,yes,Bob,high
C1290,2025-04-10,fashion,men,social media,south,1,Average,app crash,negative,14,yes,Esha,high
C1297,2025-06-13,home,furniture,email,south,5,No Title,Great support,positive,9,yes,Esha,low
C1235,2025-08-26,home,kitchen,social media,south,2,No Title,support not helpful,negative,11,yes,Deepa,low
C1116,2026-05-05,electronics,mobile,email,north,1,Bad,bad packaging,negative,11,no,Bob,medium
C1217,2025-07-31,fashion,women,website,north,3,Review,nothing special,neutral,4,no,Chris,high
C1071,2025-12-18,electronics,mobile,website,south,4,Bad,Highly recommend,positive,11,yes,Esha,low
C1137,2025-02-28,beauty,hair,website,north,1,Bad,support not helpful,negative,1,yes,Chris,high
C1123,2025-10-17,beauty,hair,website,south,2,No Title,poor quality,negative,5,yes,Alice,high
C1018,2025-10-25,electronics,laptop,email,west,4,Good,Excellent product,positive,8,yes,Alice,high
C1009,2026-01-09,electronics,mobile,email,south,2,No Title,late delivery,negative,14,yes,Bob,medium
C1268,2025-06-12,home,furniture,social media,north,3,Average,average experience,neutral,15,no,Deepa,high
C1037,2025-05-26,electronics,mobile,website,west,4,Average,Excellent product,positive,9,no,Esha,low
C1260,2026-02-23,grocery,beverage,social media,north,4,Bad,Fast delivery,positive,8,no,Esha,high
C1098,2026-02-03,home,kitchen,website,south,4,Good,Highly recommend,positive,4,no,Deepa,low
C1038,2025-11-19,home,kitchen,mobile app,west,4,Bad,Loved it,positive,15,yes,Chris,low
C1033,2025-07-27,fashion,women,email,north,2,Good,app crash,negative,1,yes,Chris,high
C1199,2026-05-06,beauty,hair,email,south,2,No Title,app crash,negative,12,no,Bob,low
C1000,2025-06-14,home,kitchen,survey,west,1,Good,poor quality,negative,10,no,Alice,high
C1293,2025-02-06,fashion,women,mobile app,east,5,Good,Great support,positive,1,no,Deepa,high
C1248,2025-11-07,electronics,laptop,survey,west,2,Average,app crash,negative,13,yes,Esha,high
C1113,2025-08-13,electronics,laptop,email,south,5,Review,Fast delivery,positive,1,yes,Deepa,low
C1226,2025-05-06,fashion,women,website,north,2,Average,late delivery,negative,3,no,Chris,high
C1279,2026-01-28,home,kitchen,survey,south,2,Bad,support not helpful,negative,5,no,Deepa,medium
C1243,2026-04-03,home,furniture,mobile app,south,4,Bad,Loved it,positive,15,yes,Chris,high
C1134,2025-05-17,fashion,women,mobile app,south,4,No Title,Highly recommend,positive,5,yes,Deepa,high
C1237,2025-02-06,fashion,women,mobile app,south,1,Good,app crash,negative,12,no,Esha,medium
C1214,2025-06-10,electronics,laptop,website,east,2,No Title,poor quality,negative,4,yes,Bob,low
C1174,2025-10-05,fashion,women,social media,east,1,Review,app crash,negative,3,no,Esha,high
C1008,2025-12-21,home,furniture,mobile app,north,1,Average,late delivery,negative,14,no,Chris,high
C1289,2025-06-14,fashion,men,survey,south,2,Good,bad packaging,negative,14,no,Alice,high
C1227,2026-04-24,grocery,beverage,email,south,4,Review,Great support,positive,13,no,Bob,high
C1179,2025-05-28,fashion,women,social media,south,3,Good,works fine,neutral,13,no,Deepa,medium
C1261,2026-02-01,home,kitchen,website,east,3,Average,average experience,neutral,2,yes,Deepa,low
C1187,2025-10-04,grocery,beverage,survey,east,4,No Title,Fast delivery,positive,2,no,Esha,low
C1065,2026-02-09,fashion,women,email,north,4,Good,Loved it,positive,1,no,Bob,high
C1003,2025-08-28,beauty,skin,website,south,1,Review,bad packaging,negative,10,yes,Deepa,medium
C1255,2025-08-15,grocery,beverage,social media,north,5,Average,Highly recommend,positive,15,yes,Alice,low
C1254,2026-01-27,electronics,laptop,email,east,2,Review,bad packaging,negative,4,no,Deepa,high
C1054,2025-10-05,home,kitchen,website,south,2,Good,app crash,negative,14,yes,Deepa,low
C1008,2025-05-30,home,furniture,website,north,1,Average,bad packaging,negative,7,yes,Bob,high
C1234,2025-12-26,grocery,food,mobile app,west,3,Good,okay product,neutral,14,no,Alice,medium
C1021,2025-07-28,electronics,mobile,survey,south,5,Good,Loved it,positive,6,no,Bob,low
C1100,2025-03-07,home,furniture,social media,south,3,Good,average experience,neutral,3,no,Alice,low
C1136,2025-12-13,home,furniture,email,north,1,Bad,app crash,negative,1,yes,Bob,high
C1051,2026-03-09,grocery,beverage,website,east,2,Average,support not helpful,negative,15,no,Chris,medium
C1161,2025-07-22,fashion,women,mobile app,west,2,Average,poor quality,negative,11,yes,Esha,medium
C1162,2026-03-11,home,furniture,mobile app,north,3,No Title,acceptable,neutral,1,no,Deepa,low
C1164,2025-07-13,grocery,beverage,survey,south,3,Review,acceptable,neutral,11,no,Deepa,low
C1005,2025-10-26,grocery,food,mobile app,south,3,Average,acceptable,neutral,6,yes,Bob,low
C1163,2026-03-21,fashion,women,survey,east,5,Good,Fast delivery,positive,10,no,Deepa,high
C1118,2025-12-30,grocery,food,email,south,4,Average,Great support,positive,5,yes,Alice,low
C1147,2026-02-07,beauty,hair,email,north,5,Review,No Feedback,positive,15,yes,Chris,low
C1129,2025-03-12,grocery,beverage,mobile app,south,5,No Title,Highly recommend,positive,4,no,Bob,low
C1140,2025-02-03,beauty,skin,website,west,5,Review,Fast delivery,positive,2,yes,Alice,high
C1214,2025-01-12,home,kitchen,mobile app,west,4,Good,Highly recommend,positive,8,yes,Esha,medium
C1278,2025-05-28,grocery,beverage,website,west,3,Good,No Feedback,neutral,11,yes,Esha,high
C1120,2025-02-25,electronics,laptop,email,north,2,Good,late delivery,negative,14,no,Alice,low
C1128,2025-01-31,fashion,women,social media,south,5,Bad,Excellent product,positive,10,yes,Bob,high
C1087,2025-05-14,beauty,hair,email,west,3,Review,works fine,neutral,13,yes,Alice,low
C1075,2026-04-02,home,kitchen,website,east,3,Average,average experience,neutral,6,no,Deepa,medium
C1052,2025-08-30,fashion,women,email,south,5,Good,Excellent product,positive,2,no,Alice,medium
C1067,2025-08-23,fashion,men,survey,south,4,Good,Excellent product,positive,7,no,Chris,high
C1161,2025-12-09,home,furniture,website,west,1,Review,late delivery,negative,4,no,Chris,high
C1021,2025-06-04,home,furniture,mobile app,north,4,Bad,Highly recommend,positive,4,yes,Deepa,low
C1246,2025-01-27,grocery,food,survey,east,4,Bad,Excellent product,positive,9,yes,Alice,high
C1066,2025-08-20,fashion,women,website,south,1,Average,poor quality,negative,1,yes,Esha,high
C1157,2025-06-03,home,kitchen,email,south,1,No Title,poor quality,negative,14,yes,Deepa,high
C1169,2026-03-07,fashion,men,email,north,2,Good,app crash,negative,12,no,Esha,high
C1037,2025-10-20,beauty,hair,website,west,3,Good,okay product,neutral,11,yes,Chris,low
C1094,2025-01-09,fashion,women,website,west,3,Good,okay product,neutral,8,yes,Bob,low
C1036,2025-07-28,grocery,beverage,website,west,3,Good,nothing special,neutral,4,no,Deepa,high
C1120,2026-05-13,electronics,mobile,survey,north,1,No Title,app crash,negative,7,yes,Alice,medium
C1109,2025-06-04,grocery,food,email,north,5,Average,late delivery,positive,1,yes,Chris,low
C1184,2026-01-11,fashion,men,social media,east,2,Good,bad packaging,negative,8,yes,Alice,high
C1034,2025-10-08,beauty,skin,survey,west,5,No Title,Great support,positive,10,yes,Deepa,low
C1065,2025-12-17,beauty,hair,email,north,4,No Title,Great support,positive,4,yes,Alice,high
C1089,2025-07-10,beauty,hair,survey,south,2,Average,late delivery,negative,5,yes,Bob,low
C1199,2025-02-21,electronics,mobile,website,south,5,Good,No Feedback,positive,9,no,Chris,medium
C1115,2025-01-03,beauty,hair,website,east,3,Bad,acceptable,neutral,11,yes,Alice,high
C1004,2026-03-19,grocery,food,website,west,3,No Title,okay product,neutral,3,no,Deepa,high
C1103,2025-06-04,fashion,women,website,west,1,Bad,late delivery,negative,7,no,Chris,high
C1207,2025-03-10,home,kitchen,website,south,4,Bad,Loved it,positive,7,no,Alice,medium
C1029,2025-12-07,fashion,men,email,south,3,Bad,average experience,neutral,13,yes,Chris,high
C1191,2025-08-03,grocery,beverage,website,south,1,Average,poor quality,negative,3,no,Deepa,high
C1029,2025-07-27,fashion,women,email,east,5,Good,Fast delivery,positive,7,no,Alice,low
C1076,2025-09-09,home,kitchen,social media,south,1,Average,support not helpful,negative,11,yes,Bob,low
C1042,2025-09-24,fashion,men,email,east,3,Review,average experience,neutral,2,no,Alice,low
C1160,2025-07-23,beauty,skin,mobile app,east,4,Bad,No Feedback,positive,14,yes,Alice,low
C1033,2026-05-16,beauty,hair,survey,north,5,Review,Excellent product,positive,13,no,Bob,low
C1279,2025-11-24,home,kitchen,email,west,5,Review,Highly recommend,positive,9,yes,Chris,low
C1168,2025-12-22,home,kitchen,website,east,5,No Title,Loved it,positive,13,no,Deepa,medium
C1051,2026-03-27,beauty,hair,mobile app,west,4,Review,Great support,positive,7,no,Bob,high
C1009,2026-02-24,electronics,mobile,website,south,2,Review,bad packaging,negative,2,no,Bob,low
C1298,2025-05-18,electronics,laptop,website,west,4,No Title,Great support,positive,7,no,Deepa,high
C1081,2025-09-14,fashion,women,email,south,2,Review,support not helpful,negative,4,no,Alice,high
C1109,2026-01-05,grocery,food,social media,east,2,Bad,app crash,negative,13,no,Alice,medium
C1151,2025-08-12,beauty,skin,website,east,4,Review,Great support,positive,14,yes,Bob,low
C1122,2026-02-12,beauty,hair,website,west,2,Average,support not helpful,negative,14,yes,Bob,high
C1261,2025-10-14,grocery,beverage,email,north,3,Good,works fine,neutral,15,no,Deepa,high
C1119,2025-04-06,fashion,men,survey,south,5,Review,Highly recommend,positive,10,yes,Alice,high
C1162,2025-08-06,beauty,hair,website,north,2,Review,late delivery,negative,12,yes,Chris,high
C1057,2026-04-08,home,furniture,website,south,2,Review,late delivery,negative,4,no,Esha,high
C1119,2025-04-18,electronics,mobile,survey,south,3,Review,acceptable,neutral,9,no,Bob,high
C1011,2025-06-30,grocery,beverage,website,south,2,Bad,poor quality,negative,8,no,Bob,high
C1155,2025-03-21,beauty,hair,website,south,4,Good,Great support,positive,3,yes,Chris,high
C1288,2025-12-22,home,furniture,email,north,4,Average,Great support,positive,4,yes,Alice,high
C1269,2025-02-25,grocery,beverage,email,south,2,Bad,late delivery,negative,8,yes,Deepa,low
C1195,2025-02-22,home,furniture,survey,south,3,Average,average experience,neutral,3,yes,Esha,medium
C1146,2026-03-07,beauty,skin,website,south,2,Bad,bad packaging,negative,15,no,Chris,high
C1078,2025-08-18,fashion,men,social media,east,4,No Title,Highly recommend,positive,9,yes,Esha,high
C1206,2025-04-10,grocery,food,social media,south,5,No Title,Great support,positive,3,no,Alice,high
C1218,2025-05-06,home,kitchen,website,north,3,Good,acceptable,neutral,10,no,Deepa,high
C1216,2025-08-06,electronics,mobile,mobile app,east,1,No Title,No Feedback,negative,15,yes,Chris,medium
C1220,2026-04-13,beauty,hair,website,north,3,Bad,okay product,neutral,11,yes,Chris,high
C1273,2026-01-31,electronics,mobile,mobile app,east,3,Review,average experience,neutral,10,no,Deepa,high
C1105,2025-09-27,grocery,beverage,email,west,2,Good,support not helpful,negative,2,yes,Esha,high
C1226,2026-05-02,home,furniture,email,east,1,Good,bad packaging,negative,15,yes,Chris,medium
C1222,2026-01-26,beauty,skin,social media,west,5,Review,Fast delivery,positive,13,no,Esha,medium
C1099,2025-05-27,home,kitchen,website,west,2,No Title,app crash,negative,9,no,Deepa,medium
C1033,2025-04-16,electronics,mobile,survey,north,3,Bad,works fine,neutral,9,yes,Bob,low
C1259,2025-07-11,home,furniture,mobile app,north,4,Average,Excellent product,positive,9,no,Bob,low
C1298,2026-05-05,grocery,food,mobile app,south,1,Good,poor quality,negative,13,yes,Bob,high
C1102,2026-01-08,electronics,laptop,website,east,1,Average,app crash,negative,8,yes,Deepa,medium
C1172,2025-08-22,electronics,laptop,social media,west,5,Bad,Great support,positive,11,yes,Alice,high
C1059,2025-01-10,beauty,hair,website,south,2,No Title,poor quality,negative,4,yes,Bob,low
C1179,2025-06-02,fashion,women,website,north,2,No Title,No Feedback,negative,9,yes,Alice,high
C1121,2025-04-30,beauty,skin,email,north,2,No Title,late delivery,negative,1,yes,Alice,low
C1085,2026-01-09,grocery,food,survey,east,1,Good,support not helpful,negative,12,yes,Alice,high
C1266,2025-06-13,home,kitchen,survey,south,4,Average,Excellent product,positive,15,no,Esha,low
C1039,2026-03-13,beauty,hair,survey,south,4,Average,Great support,positive,13,no,Alice,low
C1071,2025-06-28,electronics,laptop,email,north,4,No Title,Excellent product,positive,8,yes,Bob,low
C1222,2026-01-28,grocery,food,mobile app,east,3,Average,nothing special,neutral,12,no,Alice,low
C1004,2026-02-09,home,furniture,social media,north,5,Average,Loved it,positive,6,no,Bob,high
C1286,2025-02-05,grocery,beverage,survey,north,4,Review,Highly recommend,positive,8,yes,Deepa,low
C1190,2025-05-25,beauty,hair,website,east,2,Review,poor quality,negative,6,yes,Esha,medium
C1005,2025-04-05,grocery,beverage,website,east,5,No Title,Excellent product,positive,3,yes,Esha,medium
C1294,2025-02-22,fashion,men,mobile app,east,3,Good,works fine,neutral,8,no,Chris,high
C1233,2025-04-12,home,kitchen,mobile app,south,4,Bad,Loved it,positive,13,yes,Esha,high
C1108,2025-12-28,electronics,laptop,email,east,2,Review,No Feedback,negative,10,no,Esha,high
C1290,2025-12-09,home,furniture,website,south,2,Average,poor quality,negative,15,yes,Chris,low
C1081,2025-11-05,beauty,skin,social media,south,2,Review,app crash,negative,5,yes,Bob,low
C1139,2025-06-04,grocery,food,survey,north,2,Average,late delivery,negative,15,no,Alice,low
C1221,2025-12-04,home,furniture,email,south,2,Average,bad packaging,negative,8,yes,Bob,low
C1067,2025-05-12,electronics,laptop,email,north,3,Average,works fine,neutral,12,no,Esha,medium
C1047,2025-03-14,beauty,hair,survey,north,1,Review,support not helpful,negative,8,no,Deepa,medium
C1064,2026-03-06,beauty,skin,social media,south,3,Bad,acceptable,neutral,13,no,Chris,high
C1278,2025-05-15,fashion,men,email,south,1,Review,No Feedback,negative,9,no,Esha,high
C1265,2025-06-08,grocery,beverage,survey,west,4,Good,Highly recommend,positive,9,yes,Deepa,low
C1162,2025-03-15,beauty,skin,mobile app,west,1,Good,app crash,negative,3,yes,Chris,high
C1258,2025-12-31,fashion,men,email,south,1,Review,bad packaging,negative,10,no,Chris,low
C1279,2025-11-03,electronics,laptop,social media,south,1,Average,support not helpful,negative,2,yes,Bob,medium
C1133,2025-02-19,grocery,food,website,south,2,No Title,support not helpful,negative,11,no,Chris,medium
C1218,2025-05-21,home,kitchen,social media,south,3,Review,works fine,neutral,12,no,Deepa,high
C1250,2025-07-02,electronics,mobile,email,south,2,Review,poor quality,negative,3,yes,Chris,high
C1158,2025-07-19,home,kitchen,mobile app,west,4,Bad,Great support,positive,5,yes,Alice,high
C1249,2025-02-17,grocery,beverage,email,east,1,Bad,No Feedback,negative,1,no,Alice,low
C1220,2025-01-31,home,furniture,mobile app,north,1,Average,poor quality,negative,10,yes,Alice,medium
C1169,2026-01-31,beauty,hair,website,north,1,Good,No Feedback,negative,5,yes,Esha,high
C1210,2025-08-12,home,furniture,social media,north,1,No Title,poor quality,negative,2,no,Deepa,high
C1258,2025-02-07,home,kitchen,email,north,3,Review,acceptable,neutral,15,yes,Chris,high
C1171,2026-03-21,electronics,laptop,website,south,3,Good,nothing special,neutral,8,no,Alice,high
C1265,2025-02-18,grocery,beverage,social media,south,1,No Title,No Feedback,negative,6,yes,Chris,high
C1066,2025-01-18,electronics,laptop,mobile app,west,4,Average,Fast delivery,positive,15,yes,Deepa,low
C1032,2025-01-05,grocery,food,mobile app,south,4,Good,Highly recommend,positive,8,yes,Deepa,high
C1102,2025-04-26,beauty,skin,website,west,2,Good,late delivery,negative,1,no,Deepa,high
C1270,2026-04-09,grocery,beverage,website,east,4,Good,Excellent product,positive,10,no,Chris,high
C1079,2026-04-04,home,furniture,mobile app,east,3,No Title,works fine,neutral,3,no,Chris,low
C1273,2025-06-18,fashion,women,email,east,2,Average,poor quality,negative,12,yes,Deepa,low
C1095,2025-02-24,grocery,beverage,mobile app,south,2,No Title,poor quality,negative,2,no,Alice,low
C1050,2026-05-03,electronics,mobile,social media,south,5,Review,Loved it,positive,10,no,Deepa,high
C1253,2025-11-22,beauty,skin,mobile app,east,3,Review,acceptable,neutral,8,yes,Chris,high
C1082,2025-04-10,grocery,beverage,social media,south,1,Bad,app crash,negative,11,yes,Esha,high
C1163,2025-09-03,electronics,laptop,mobile app,south,5,Review,Fast delivery,positive,9,no,Alice,medium
C1200,2025-02-15,electronics,laptop,email,east,5,No Title,Fast delivery,positive,13,yes,Alice,medium
C1220,2026-03-05,fashion,women,website,south,2,Review,bad packaging,negative,4,yes,Deepa,high
C1014,2025-11-14,home,kitchen,email,south,1,Review,bad packaging,negative,1,yes,Bob,high
C1202,2025-12-22,grocery,beverage,website,east,5,Good,Fast delivery,positive,3,no,Bob,low
C1007,2026-02-17,grocery,food,survey,east,5,Average,Loved it,positive,1,no,Alice,low
C1126,2025-06-20,home,furniture,email,east,4,Review,Great support,positive,4,yes,Chris,high
C1074,2026-01-30,beauty,skin,website,west,4,Review,Loved it,positive,3,no,Esha,high
C1192,2025-12-26,electronics,mobile,mobile app,west,2,Bad,poor quality,negative,15,no,Esha,medium
C1290,2025-07-14,beauty,hair,mobile app,north,4,Average,Loved it,positive,1,yes,Deepa,high
C1050,2025-08-15,beauty,skin,email,west,4,Review,Great support,positive,6,no,Chris,medium
C1001,2025-12-01,electronics,laptop,social media,west,2,Good,bad packaging,negative,4,no,Deepa,medium
C1025,2025-03-29,electronics,laptop,mobile app,north,5,Good,Highly recommend,positive,9,yes,Bob,high
C1065,2025-03-01,electronics,mobile,website,east,1,Review,app crash,negative,11,yes,Alice,medium
C1279,2025-07-25,beauty,skin,survey,south,4,Bad,Loved it,positive,5,no,Bob,high
C1061,2025-09-22,fashion,women,website,north,5,Review,Loved it,positive,1,no,Bob,high
C1069,2025-06-05,beauty,skin,survey,west,5,Average,Highly recommend,positive,3,no,Deepa,medium
C1163,2025-10-03,fashion,men,website,west,4,Bad,Great support,positive,3,yes,Alice,low
C1197,2025-04-07,electronics,laptop,social media,north,1,Good,poor quality,negative,10,no,Chris,medium
C1297,2025-01-30,grocery,food,email,south,4,Average,Highly recommend,positive,15,yes,Deepa,medium
C1270,2025-04-11,home,furniture,mobile app,north,3,Review,acceptable,neutral,14,yes,Alice,medium
C1091,2025-04-24,electronics,laptop,email,north,1,Review,late delivery,negative,9,no,Deepa,medium
C1198,2026-05-01,beauty,hair,website,south,3,Good,average experience,neutral,14,no,Deepa,medium
C1210,2025-12-13,fashion,women,website,east,5,Bad,Loved it,positive,7,no,Esha,low
C1207,2025-03-03,electronics,mobile,email,north,4,No Title,Great support,positive,15,yes,Esha,high
C1066,2025-03-10,electronics,mobile,email,south,1,Bad,app crash,negative,8,yes,Chris,high
C1290,2025-02-04,home,furniture,survey,south,5,Review,Fast delivery,positive,14,no,Chris,high
C1008,2025-09-10,beauty,hair,website,north,3,Average,nothing special,neutral,5,no,Deepa,low
C1164,2025-06-04,electronics,mobile,website,south,2,Average,bad packaging,negative,2,yes,Alice,high
C1174,2025-09-27,electronics,laptop,social media,north,2,Bad,poor quality,negative,1,yes,Alice,medium
C1027,2025-01-14,grocery,food,website,east,5,Bad,Fast delivery,positive,14,no,Deepa,high
C1089,2025-05-30,electronics,laptop,mobile app,south,1,Average,poor quality,negative,3,no,Bob,low
C1182,2025-12-21,beauty,skin,social media,south,1,Review,poor quality,negative,11,yes,Deepa,medium
C1185,2026-02-12,home,kitchen,website,east,3,Good,average experience,neutral,8,no,Bob,low
C1009,2025-10-18,fashion,women,survey,east,5,Average,Highly recommend,positive,14,yes,Alice,high
C1087,2025-03-19,beauty,skin,website,south,5,Review,No Feedback,positive,1,yes,Bob,medium
C1213,2025-08-16,fashion,men,email,south,4,No Title,Fast delivery,positive,12,no,Alice,high
C1257,2025-11-23,beauty,skin,social media,north,5,Average,Fast delivery,positive,7,yes,Deepa,medium
C1281,2025-08-13,fashion,women,mobile app,east,2,Bad,support not helpful,negative,14,yes,Alice,high
C1216,2025-02-28,grocery,beverage,email,south,4,Average,Excellent product,positive,5,yes,Esha,high
C1161,2025-08-20,grocery,beverage,email,south,1,Review,bad packaging,negative,2,yes,Esha,medium
C1010,2025-01-18,grocery,food,email,west,3,Average,works fine,neutral,14,yes,Bob,medium
C1243,2025-01-15,beauty,hair,website,south,4,Good,Highly recommend,positive,2,yes,Chris,high
C1181,2025-05-31,fashion,women,social media,south,5,Bad,Loved it,positive,12,yes,Deepa,low
C1122,2026-03-15,home,kitchen,social media,west,2,Review,support not helpful,negative,5,yes,Esha,high
C1161,2025-11-01,electronics,mobile,website,south,5,No Title,Highly recommend,positive,6,yes,Chris,high
C1161,2025-05-03,beauty,hair,mobile app,north,1,Review,app crash,negative,10,no,Chris,low
C1169,2025-04-23,beauty,skin,social media,west,1,Bad,poor quality,negative,2,yes,Bob,high
C1231,2026-02-07,beauty,hair,social media,north,2,Bad,poor quality,negative,15,yes,Chris,medium
C1257,2025-12-04,grocery,beverage,social media,east,2,Bad,late delivery,negative,7,yes,Deepa,high
C1085,2025-07-12,grocery,food,website,east,2,Review,app crash,negative,3,yes,Esha,medium
C1257,2026-03-05,fashion,women,social media,west,3,Good,works fine,neutral,12,no,Bob,medium
C1064,2025-06-16,grocery,beverage,survey,north,4,Good,Great support,positive,6,no,Esha,medium
C1251,2025-06-20,beauty,hair,mobile app,south,5,No Title,Fast delivery,positive,13,no,Bob,low
C1245,2025-03-18,grocery,beverage,mobile app,east,1,Review,poor quality,negative,13,no,Bob,high
C1068,2026-01-28,beauty,hair,survey,north,4,Bad,Highly recommend,positive,10,yes,Bob,high
C1028,2026-01-30,beauty,hair,mobile app,north,3,Average,nothing special,neutral,3,no,Alice,high
C1208,2025-06-25,home,furniture,website,south,2,Average,late delivery,negative,11,yes,Esha,medium
C1019,2025-06-13,beauty,hair,website,south,5,Bad,Great support,positive,14,yes,Chris,high
C1200,2025-12-24,home,furniture,mobile app,west,3,No Title,okay product,neutral,15,yes,Chris,low
C1189,2026-05-01,grocery,food,mobile app,south,1,Bad,late delivery,negative,4,yes,Chris,low
C1063,2025-01-14,grocery,beverage,mobile app,south,3,Bad,No Feedback,neutral,1,yes,Deepa,high
C1127,2025-06-28,electronics,laptop,website,west,5,Review,Highly recommend,positive,4,no,Alice,high
C1278,2025-09-26,electronics,laptop,mobile app,north,2,No Title,poor quality,negative,4,no,Chris,low
C1094,2025-03-10,fashion,men,survey,north,1,Review,poor quality,negative,7,yes,Esha,low
C1105,2026-03-31,beauty,hair,social media,south,3,No Title,acceptable,neutral,9,yes,Chris,low
C1235,2025-01-26,fashion,women,mobile app,north,3,Average,average experience,neutral,13,yes,Alice,high
C1288,2025-09-14,electronics,mobile,mobile app,east,5,Average,Highly recommend,positive,12,yes,Chris,high
C1107,2025-05-03,fashion,women,survey,east,2,Review,bad packaging,negative,7,yes,Alice,medium
C1281,2025-11-22,fashion,men,email,east,5,Review,Excellent product,positive,14,no,Bob,medium
C1075,2025-06-11,grocery,beverage,website,south,2,Average,support not helpful,negative,12,no,Bob,high
C1075,2025-11-05,electronics,laptop,email,west,5,Good,Fast delivery,positive,14,no,Bob,high
C1052,2025-12-14,beauty,hair,website,north,3,Bad,okay product,neutral,13,no,Alice,high
C1267,2025-08-07,grocery,food,mobile app,west,1,Average,poor quality,negative,3,no,Esha,medium
C1190,2025-08-31,grocery,food,social media,south,2,Review,No Feedback,negative,7,no,Esha,high
C1171,2025-07-13,electronics,laptop,website,east,1,No Title,support not helpful,negative,9,no,Deepa,low
C1174,2026-04-14,fashion,women,survey,south,2,No Title,late delivery,negative,2,yes,Chris,medium
C1280,2025-08-31,electronics,laptop,email,east,2,Average,support not helpful,negative,3,yes,Bob,high
C1199,2026-02-05,home,furniture,email,east,1,Review,poor quality,negative,6,no,Deepa,high
C1124,2026-01-20,beauty,hair,email,north,3,No Title,works fine,neutral,4,no,Deepa,medium
C1176,2025-12-30,beauty,skin,social media,south,3,Average,works fine,neutral,2,no,Alice,high
C1262,2025-11-26,electronics,laptop,survey,east,4,Review,No Feedback,positive,11,yes,Esha,low
C1229,2025-02-02,grocery,food,website,south,5,Average,Fast delivery,positive,14,no,Bob,high
C1280,2026-01-12,beauty,hair,survey,west,2,Bad,support not helpful,negative,10,yes,Chris,low
C1173,2025-04-05,fashion,women,mobile app,north,1,Review,poor quality,negative,8,no,Bob,low
C1181,2026-02-16,home,kitchen,mobile app,south,1,No Title,support not helpful,negative,10,yes,Esha,high
C1177,2026-01-25,electronics,laptop,website,west,2,No Title,late delivery,negative,15,no,Chris,low
C1097,2025-03-31,fashion,women,website,north,3,Average,acceptable,neutral,9,yes,Alice,low
C1224,2025-03-25,fashion,men,website,west,2,Bad,app crash,negative,13,yes,Esha,low
C1094,2025-05-13,electronics,mobile,website,south,1,Average,bad packaging,negative,6,no,Alice,medium
C1031,2026-02-08,electronics,laptop,mobile app,south,1,Review,No Feedback,negative,5,yes,Esha,high
C1101,2025-04-23,home,furniture,website,south,2,Review,bad packaging,negative,5,no,Deepa,medium
C1112,2026-01-12,fashion,women,survey,east,3,Review,works fine,neutral,12,no,Esha,medium
C1264,2025-05-16,electronics,mobile,website,west,2,Good,app crash,negative,12,yes,Alice,low
C1067,2026-03-13,home,kitchen,website,south,2,Average,support not helpful,negative,9,no,Esha,medium
C1033,2025-06-04,electronics,mobile,website,west,4,Average,Highly recommend,positive,6,no,Esha,medium
C1234,2025-06-27,home,furniture,survey,north,1,Good,late delivery,negative,8,yes,Alice,high
C1236,2026-03-23,beauty,hair,mobile app,west,5,Review,Loved it,positive,8,no,Alice,high
C1099,2025-09-09,grocery,beverage,website,south,4,No Title,Fast delivery,positive,5,no,Esha,medium
C1114,2026-03-11,grocery,beverage,email,south,2,Average,poor quality,negative,9,no,Chris,medium
C1058,2026-04-25,fashion,men,social media,north,5,Review,Highly recommend,positive,15,yes,Esha,low
C1245,2025-03-01,grocery,beverage,social media,east,2,Average,late delivery,negative,6,no,Alice,high
C1069,2025-03-23,electronics,laptop,email,south,3,No Title,acceptable,neutral,5,no,Chris,high
C1007,2025-09-27,grocery,food,website,south,3,No Title,nothing special,neutral,7,no,Alice,high
C1241,2025-11-15,grocery,beverage,survey,south,5,Average,Great support,positive,4,no,Alice,high
C1146,2025-05-07,home,furniture,email,north,3,Review,nothing special,neutral,8,no,Alice,low
C1287,2025-12-14,home,kitchen,website,east,1,Bad,poor quality,negative,12,yes,Deepa,high
C1266,2025-05-12,beauty,skin,email,north,4,Good,Fast delivery,positive,11,yes,Esha,medium
C1182,2025-06-25,fashion,women,survey,south,3,Good,works fine,neutral,11,yes,Deepa,high
C1165,2025-02-03,electronics,mobile,mobile app,east,5,Bad,Excellent product,positive,4,yes,Deepa,high
C1092,2025-01-25,grocery,beverage,social media,east,3,Review,okay product,neutral,2,no,Deepa,low
C1248,2026-02-15,fashion,men,website,east,5,Average,Loved it,positive,2,yes,Chris,low
C1025,2026-01-21,beauty,hair,email,south,2,Average,bad packaging,negative,5,yes,Esha,low
C1111,2026-02-24,beauty,skin,mobile app,east,5,No Title,Highly recommend,positive,6,no,Esha,medium
C1147,2025-09-04,electronics,mobile,website,south,3,No Title,average experience,neutral,3,no,Alice,high
C1183,2025-08-30,electronics,mobile,website,north,5,Review,No Feedback,positive,13,no,Deepa,high
C1126,2025-03-08,electronics,laptop,mobile app,south,4,Review,Fast delivery,positive,6,no,Deepa,medium
C1252,2025-10-18,home,kitchen,website,north,5,Bad,Highly recommend,positive,14,yes,Deepa,high
C1032,2025-09-14,electronics,mobile,social media,south,4,Good,Great support,positive,8,yes,Chris,medium
C1196,2025-12-13,fashion,women,social media,south,2,Bad,support not helpful,negative,6,no,Chris,high
C1298,2026-01-29,electronics,mobile,website,north,5,No Title,Highly recommend,positive,9,no,Esha,high
C1182,2026-03-12,electronics,laptop,mobile app,north,1,Review,support not helpful,negative,5,no,Bob,high
C1041,2025-12-23,grocery,food,survey,west,5,Average,Highly recommend,positive,11,yes,Chris,high
C1105,2025-11-16,home,kitchen,survey,south,2,No Title,bad packaging,negative,5,yes,Esha,high
C1293,2026-01-31,grocery,food,survey,west,5,Good,Excellent product,positive,15,no,Esha,low
C1291,2025-11-24,grocery,food,survey,west,1,Review,poor quality,negative,15,no,Esha,low
C1137,2025-04-10,grocery,beverage,survey,south,1,Bad,poor quality,negative,6,yes,Bob,high
C1185,2025-01-10,grocery,beverage,mobile app,south,5,Review,late delivery,positive,14,yes,Alice,low
C1161,2025-10-15,home,furniture,mobile app,south,2,Good,No Feedback,negative,13,yes,Alice,medium
C1285,2025-10-09,home,kitchen,website,north,2,Review,support not helpful,negative,11,yes,Bob,low
C1158,2026-02-02,home,furniture,email,east,5,Bad,Excellent product,positive,2,no,Chris,high
C1112,2026-02-05,home,furniture,website,south,4,Bad,Fast delivery,positive,3,no,Esha,low
C1186,2025-04-17,home,furniture,website,east,2,Average,poor quality,negative,14,no,Bob,high
C1022,2025-05-06,grocery,beverage,website,south,1,No Title,app crash,negative,9,no,Chris,low
C1135,2026-02-16,beauty,skin,social media,north,5,No Title,No Feedback,positive,12,no,Alice,low
C1203,2026-04-03,home,kitchen,website,north,1,Good,support not helpful,negative,3,no,Bob,high
C1174,2025-11-11,beauty,skin,social media,west,4,No Title,Excellent product,positive,5,no,Bob,low
C1075,2025-07-21,grocery,food,social media,west,1,Average,bad packaging,negative,4,no,Esha,medium
C1032,2025-08-18,fashion,women,social media,west,1,No Title,app crash,negative,9,no,Esha,low
C1298,2025-05-18,beauty,hair,social media,north,4,Bad,Highly recommend,positive,3,no,Esha,low
C1157,2025-12-04,grocery,beverage,website,south,5,No Title,Fast delivery,positive,6,no,Chris,medium
C1010,2025-07-02,fashion,men,mobile app,north,2,Good,support not helpful,negative,7,yes,Alice,high
C1132,2026-04-11,electronics,mobile,mobile app,north,3,Good,works fine,neutral,7,yes,Alice,low
C1250,2026-04-11,home,furniture,survey,south,3,Review,acceptable,neutral,3,no,Alice,medium
C1009,2025-04-15,home,kitchen,email,north,1,Bad,bad packaging,negative,3,yes,Alice,high
C1142,2025-05-08,electronics,mobile,social media,north,5,Review,Excellent product,positive,8,no,Esha,high
C1152,2025-08-03,fashion,women,survey,east,1,Review,app crash,negative,5,yes,Alice,medium
C1091,2025-08-20,electronics,mobile,website,west,1,Review,poor quality,negative,9,no,Esha,high
C1141,2025-02-23,electronics,mobile,website,west,4,Average,Fast delivery,positive,9,no,Alice,high
C1001,2025-12-11,grocery,beverage,website,east,5,No Title,Loved it,positive,5,no,Bob,high
C1131,2025-04-24,home,furniture,mobile app,east,5,No Title,Highly recommend,positive,7,no,Alice,low
C1000,2025-01-11,fashion,women,mobile app,south,2,No Title,support not helpful,negative,9,yes,Esha,low
C1205,2026-04-14,grocery,beverage,mobile app,east,4,Average,Highly recommend,positive,7,yes,Deepa,high
C1092,2025-04-06,electronics,laptop,website,north,5,Good,Loved it,positive,8,no,Bob,high
C1053,2025-04-26,electronics,mobile,website,south,1,Bad,bad packaging,negative,8,yes,Esha,high
C1283,2025-11-15,beauty,hair,website,west,3,Average,works fine,neutral,11,no,Chris,high
C1235,2025-08-06,fashion,women,website,south,1,Bad,app crash,negative,3,yes,Bob,high
C1170,2025-12-31,fashion,men,website,south,4,Good,Great support,positive,3,no,Deepa,medium
C1163,2025-02-19,fashion,women,website,south,2,Good,poor quality,negative,15,no,Deepa,high
C1170,2025-07-15,beauty,skin,website,north,1,Average,poor quality,negative,12,no,Esha,medium
C1231,2026-01-18,grocery,beverage,email,south,5,Bad,Great support,positive,13,yes,Esha,high
C1281,2025-08-14,fashion,men,email,west,3,Review,works fine,neutral,3,yes,Esha,medium
C1080,2025-09-29,electronics,laptop,email,east,3,Review,No Feedback,neutral,15,no,Deepa,high
C1145,2025-05-10,fashion,men,mobile app,south,1,Good,app crash,negative,1,no,Esha,high
C1058,2025-12-18,grocery,food,survey,south,4,Good,Great support,positive,14,yes,Bob,high
C1033,2026-03-19,grocery,beverage,mobile app,east,3,No Title,nothing special,neutral,9,no,Esha,low
C1061,2026-01-29,electronics,laptop,social media,south,1,Review,support not helpful,negative,5,yes,Bob,low
C1072,2025-08-15,beauty,skin,social media,west,1,Average,support not helpful,negative,5,no,Deepa,low
C1232,2025-04-10,home,furniture,mobile app,east,4,No Title,Fast delivery,positive,12,no,Deepa,high
C1012,2025-09-03,electronics,mobile,website,south,5,Good,Excellent product,positive,14,no,Bob,low
C1089,2026-04-12,grocery,food,survey,east,4,Good,Highly recommend,positive,2,no,Alice,high
C1286,2025-08-22,beauty,hair,survey,west,2,Good,support not helpful,negative,9,no,Bob,medium
C1152,2025-01-08,fashion,men,email,west,1,No Title,support not helpful,negative,11,no,Esha,high
C1104,2025-02-17,grocery,beverage,survey,south,2,Good,late delivery,negative,5,yes,Deepa,high
C1235,2025-09-15,fashion,women,social media,east,3,Review,okay product,neutral,12,yes,Chris,medium
C1189,2025-08-29,home,furniture,survey,west,4,Average,Highly recommend,positive,7,no,Alice,high
C1055,2025-07-23,home,furniture,website,west,4,Good,Fast delivery,positive,6,no,Alice,low
C1251,2026-04-25,electronics,laptop,website,north,4,No Title,Excellent product,positive,6,yes,Bob,medium
C1025,2025-06-22,beauty,hair,survey,south,3,Bad,nothing special,neutral,5,yes,Deepa,medium
C1032,2025-05-13,electronics,laptop,social media,south,3,Review,okay product,neutral,9,no,Esha,low
C1188,2026-03-10,grocery,food,mobile app,north,5,Good,Highly recommend,positive,2,no,Bob,low
C1024,2025-12-08,electronics,mobile,website,west,4,Review,Excellent product,positive,9,no,Bob,medium
C1280,2025-08-22,fashion,women,mobile app,south,1,Average,bad packaging,negative,15,no,Bob,high
C1126,2025-09-07,home,kitchen,social media,south,4,Good,Great support,positive,10,yes,Chris,low
C1183,2026-04-26,electronics,laptop,survey,south,1,No Title,late delivery,negative,8,yes,Alice,medium
C1036,2025-04-11,electronics,mobile,website,east,2,Bad,support not helpful,negative,4,no,Chris,medium
C1072,2026-02-17,fashion,women,social media,south,4,Average,Highly recommend,positive,10,yes,Deepa,high
C1260,2025-04-29,beauty,hair,email,east,2,Average,app crash,negative,6,yes,Bob,low
C1061,2025-09-28,fashion,women,email,west,4,No Title,Fast delivery,positive,7,yes,Deepa,medium
C1138,2025-02-10,fashion,men,website,south,2,No Title,late delivery,negative,10,yes,Bob,medium
C1049,2025-11-17,home,kitchen,social media,east,1,Average,bad packaging,negative,7,yes,Chris,low
C1254,2025-10-31,beauty,hair,website,east,3,Average,works fine,neutral,5,no,Alice,low
C1008,2025-05-10,electronics,laptop,survey,south,4,Good,Loved it,positive,3,yes,Esha,high
C1281,2025-03-26,electronics,mobile,survey,south,3,Average,acceptable,neutral,13,no,Chris,medium
C1132,2026-02-01,home,furniture,social media,south,5,Review,Great support,positive,1,no,Chris,high
C1156,2025-04-04,home,kitchen,website,south,1,Average,bad packaging,negative,13,yes,Bob,medium
C1289,2025-08-13,grocery,beverage,website,east,4,Good,Highly recommend,positive,8,no,Alice,low
C1056,2025-09-22,grocery,beverage,social media,south,5,Bad,Fast delivery,positive,15,yes,Chris,high
C1015,2025-07-28,fashion,women,website,south,5,No Title,Highly recommend,positive,9,yes,Esha,low
C1262,2025-10-17,home,furniture,email,south,3,Average,nothing special,neutral,13,no,Alice,medium
C1265,2026-04-21,beauty,hair,email,east,2,No Title,poor quality,negative,15,no,Bob,high
C1077,2025-08-17,beauty,skin,website,south,4,Review,Loved it,positive,5,yes,Alice,high
C1079,2025-08-20,electronics,laptop,survey,east,4,Bad,Fast delivery,positive,7,yes,Chris,high
C1173,2025-08-01,home,kitchen,survey,north,1,Review,poor quality,negative,13,no,Bob,medium
C1153,2026-03-10,grocery,food,website,south,4,Review,Loved it,positive,6,yes,Deepa,low
C1220,2025-06-22,fashion,men,website,south,2,No Title,No Feedback,negative,4,no,Alice,medium
C1172,2025-11-25,electronics,laptop,website,east,4,Good,Highly recommend,positive,15,no,Alice,high
C1086,2025-07-20,grocery,food,website,north,5,Review,Highly recommend,positive,2,yes,Alice,low
C1284,2026-01-15,fashion,men,email,north,2,Review,late delivery,negative,15,no,Alice,low
C1269,2025-06-02,fashion,women,website,west,5,Review,Loved it,positive,4,yes,Bob,medium
C1072,2025-05-03,fashion,women,social media,south,1,Review,app crash,negative,7,yes,Alice,low
C1180,2025-09-05,beauty,skin,social media,east,2,Average,poor quality,negative,1,no,Deepa,low
C1228,2026-04-22,home,kitchen,website,east,2,Average,poor quality,negative,2,no,Bob,high
C1244,2025-06-26,fashion,women,social media,south,2,Review,bad packaging,negative,4,no,Chris,high
C1285,2025-04-09,fashion,men,survey,south,1,Good,late delivery,negative,6,no,Bob,high
C1220,2025-07-13,fashion,women,mobile app,east,4,Average,Great support,positive,5,yes,Chris,high
C1291,2025-12-19,home,kitchen,website,south,1,Bad,support not helpful,negative,6,yes,Alice,high
C1119,2025-02-09,home,kitchen,survey,south,4,Good,Highly recommend,positive,14,yes,Chris,high
C1087,2025-01-06,fashion,men,social media,east,3,Review,average experience,neutral,11,no,Alice,low
C1034,2026-02-17,fashion,women,mobile app,east,2,Review,late delivery,negative,3,no,Chris,high
C1260,2026-03-07,beauty,hair,mobile app,south,1,Good,poor quality,negative,10,no,Alice,high
C1269,2026-01-26,grocery,beverage,social media,west,5,Good,Great support,positive,7,yes,Chris,high
C1270,2025-11-13,fashion,men,email,south,5,No Title,Excellent product,positive,13,no,Alice,high
C1058,2025-09-03,grocery,beverage,social media,east,4,Average,Great support,positive,11,yes,Alice,high
C1292,2026-03-06,home,furniture,survey,north,2,Review,late delivery,negative,6,no,Alice,low
C1277,2025-10-08,fashion,men,social media,south,3,Bad,No Feedback,neutral,6,yes,Esha,high
C1132,2025-09-06,home,furniture,mobile app,north,2,No Title,bad packaging,negative,11,yes,Alice,high
C1096,2025-11-30,grocery,food,email,north,3,No Title,nothing special,neutral,14,yes,Chris,high
C1008,2025-06-19,fashion,women,website,south,2,Review,app crash,negative,7,yes,Deepa,high
C1024,2025-11-20,electronics,mobile,mobile app,south,1,Bad,late delivery,negative,3,no,Deepa,high
C1292,2025-09-29,fashion,women,website,east,5,Bad,Fast delivery,positive,12,no,Alice,high
C1205,2025-07-24,grocery,food,website,south,2,Review,bad packaging,negative,8,no,Chris,high
C1183,2026-01-21,grocery,beverage,email,south,2,Good,app crash,negative,4,yes,Esha,high
C1275,2025-11-06,grocery,food,website,south,5,Average,Highly recommend,positive,2,no,Esha,medium
C1268,2025-03-09,grocery,food,mobile app,east,4,Bad,Highly recommend,positive,4,no,Esha,medium
C1252,2025-03-08,grocery,food,mobile app,west,3,Review,average experience,neutral,7,no,Alice,medium
C1146,2025-12-12,beauty,hair,email,south,5,Bad,Highly recommend,positive,2,no,Alice,medium
C1282,2025-06-19,fashion,men,mobile app,west,1,Average,app crash,negative,4,yes,Deepa,low
C1083,2025-05-31,beauty,hair,social media,south,2,No Title,bad packaging,negative,10,no,Chris,medium
C1217,2026-04-20,grocery,beverage,website,west,1,No Title,bad packaging,negative,6,no,Chris,high
C1066,2025-08-21,fashion,men,website,north,2,No Title,poor quality,negative,7,yes,Esha,medium
C1268,2026-05-08,beauty,skin,mobile app,west,3,Bad,nothing special,neutral,15,yes,Alice,low
C1174,2026-03-19,fashion,women,website,south,4,Average,Loved it,positive,1,yes,Alice,low
C1081,2025-10-27,electronics,mobile,survey,south,4,Review,Excellent product,positive,6,no,Chris,high
C1011,2025-03-13,grocery,beverage,website,east,2,No Title,poor quality,negative,7,yes,Esha,medium
C1268,2025-09-24,fashion,women,survey,west,5,Bad,Loved it,positive,13,no,Alice,low
C1005,2025-02-14,grocery,food,social media,east,1,No Title,support not helpful,negative,14,no,Deepa,low
C1201,2026-05-10,fashion,women,mobile app,west,1,Bad,app crash,negative,13,yes,Alice,low
C1252,2025-10-12,fashion,men,website,north,4,Bad,No Feedback,positive,12,no,Bob,low
C1078,2025-12-10,electronics,laptop,website,west,4,No Title,Highly recommend,positive,8,no,Alice,high
C1154,2025-08-14,fashion,women,website,south,5,Good,Fast delivery,positive,14,yes,Chris,low
C1100,2025-06-21,home,furniture,mobile app,south,1,Average,app crash,negative,6,yes,Alice,medium
C1016,2025-01-22,grocery,food,website,north,3,No Title,okay product,neutral,15,yes,Chris,high
C1082,2025-01-31,beauty,hair,social media,south,3,Average,nothing special,neutral,14,no,Alice,medium
C1202,2025-07-23,grocery,beverage,email,east,2,Average,poor quality,negative,9,yes,Chris,low
C1070,2025-10-31,grocery,beverage,survey,south,1,No Title,poor quality,negative,15,no,Alice,high
C1018,2025-10-12,beauty,hair,email,north,2,Average,support not helpful,negative,6,yes,Deepa,medium
C1214,2025-07-13,electronics,mobile,email,east,4,Average,Fast delivery,positive,6,no,Chris,high
C1139,2025-08-25,beauty,hair,website,south,3,Review,okay product,neutral,3,yes,Bob,high
C1100,2026-04-19,fashion,women,survey,east,2,Average,poor quality,negative,10,yes,Chris,low
C1062,2026-01-09,fashion,men,social media,west,4,Review,Fast delivery,positive,11,no,Chris,low
C1054,2025-10-03,electronics,laptop,survey,south,4,Review,Fast delivery,positive,3,yes,Alice,medium
C1294,2025-10-09,beauty,hair,website,south,2,No Title,late delivery,negative,8,yes,Bob,high
C1044,2025-05-10,home,kitchen,survey,south,1,Review,bad packaging,negative,12,no,Alice,low
C1289,2025-03-17,grocery,beverage,social media,south,3,Review,okay product,neutral,5,no,Chris,high
C1138,2025-07-30,home,furniture,email,south,4,Good,Fast delivery,positive,6,no,Bob,high
C1009,2026-02-03,electronics,laptop,website,west,5,No Title,Fast delivery,positive,2,no,Chris,high
C1114,2025-03-28,fashion,men,mobile app,east,3,No Title,works fine,neutral,11,no,Alice,high
C1223,2025-01-05,grocery,beverage,website,south,1,Review,late delivery,negative,11,yes,Deepa,high
C1044,2026-02-28,electronics,mobile,website,north,1,Good,bad packaging,negative,8,no,Deepa,medium
C1120,2026-02-22,fashion,women,website,south,5,Review,Great support,positive,10,yes,Esha,high
C1212,2026-02-11,beauty,skin,email,south,2,Review,late delivery,negative,15,no,Alice,high
C1035,2026-05-14,home,kitchen,website,south,3,Average,average experience,neutral,9,yes,Alice,low
C1047,2026-01-19,grocery,beverage,website,north,1,Review,late delivery,negative,4,yes,Chris,high
C1250,2025-08-08,beauty,skin,social media,south,5,Good,Highly recommend,positive,15,no,Esha,high
C1004,2025-07-19,home,furniture,email,west,5,Good,Fast delivery,positive,8,yes,Chris,medium
C1056,2025-04-14,beauty,skin,mobile app,south,2,No Title,support not helpful,negative,12,no,Chris,high
C1291,2026-02-02,home,furniture,website,east,5,Review,Fast delivery,positive,7,yes,Chris,high
C1040,2025-04-16,grocery,food,social media,west,3,No Title,nothing special,neutral,10,yes,Esha,high
C1070,2026-04-21,home,furniture,website,south,3,Good,acceptable,neutral,8,no,Deepa,high
C1234,2025-03-25,grocery,food,email,south,2,Average,late delivery,negative,5,no,Deepa,medium
C1208,2025-01-23,home,furniture,email,south,2,No Title,late delivery,negative,5,no,Deepa,medium
C1280,2025-08-14,beauty,hair,social media,north,1,Average,support not helpful,negative,9,no,Deepa,low
C1188,2026-04-03,grocery,food,email,south,2,No Title,support not helpful,negative,14,no,Bob,high
C1005,2025-11-02,electronics,laptop,website,west,4,Review,Highly recommend,positive,10,no,Bob,medium
C1021,2026-05-12,home,furniture,mobile app,west,2,No Title,late delivery,negative,8,no,Alice,medium
C1157,2025-11-07,home,furniture,website,south,4,Bad,Loved it,positive,12,no,Chris,high
C1257,2025-04-23,home,furniture,website,east,4,No Title,Loved it,positive,2,no,Deepa,high
C1083,2025-07-22,electronics,mobile,survey,south,2,Good,support not helpful,negative,6,yes,Alice,high
C1205,2025-07-24,fashion,women,email,south,4,Bad,Highly recommend,positive,10,yes,Chris,high
C1153,2025-05-26,home,furniture,website,north,3,Bad,nothing special,neutral,5,yes,Esha,medium
C1009,2025-12-15,grocery,food,social media,west,4,No Title,Loved it,positive,11,yes,Esha,low
C1246,2026-03-19,electronics,laptop,website,north,4,Review,Excellent product,positive,15,yes,Chris,low
C1073,2025-12-24,home,kitchen,website,north,4,Average,Loved it,positive,10,yes,Deepa,high
C1230,2025-08-11,fashion,men,website,north,2,Average,app crash,negative,7,yes,Alice,low
C1101,2025-09-08,grocery,food,mobile app,west,4,Review,Loved it,positive,3,no,Bob,medium
C1129,2025-10-28,home,kitchen,email,south,5,Good,Loved it,positive,12,no,Alice,low
C1140,2026-05-16,electronics,mobile,social media,north,3,Average,okay product,neutral,7,yes,Esha,low
C1140,2025-12-30,beauty,hair,survey,south,4,No Title,Great support,positive,12,yes,Bob,medium
C1157,2026-05-16,fashion,women,website,east,4,Review,Great support,positive,15,yes,Alice,high
C1064,2025-06-11,home,kitchen,email,south,2,Average,support not helpful,negative,4,no,Esha,high
C1150,2026-02-14,beauty,hair,website,north,1,Average,support not helpful,negative,10,yes,Bob,high
C1075,2025-01-29,fashion,women,social media,west,5,No Title,Loved it,positive,15,no,Chris,high
C1183,2025-02-08,beauty,skin,survey,south,4,Average,Highly recommend,positive,7,no,Bob,low
C1146,2025-01-01,beauty,skin,website,south,5,Average,Highly recommend,positive,3,no,Deepa,high
C1277,2025-10-15,grocery,food,website,south,1,No Title,late delivery,negative,11,no,Chris,low
C1248,2026-03-28,fashion,women,website,south,2,Review,bad packaging,negative,13,no,Esha,high
C1156,2025-09-27,electronics,mobile,survey,south,3,No Title,average experience,neutral,13,yes,Esha,high
C1250,2026-02-03,home,furniture,website,east,3,Review,works fine,neutral,10,yes,Esha,low
C1299,2025-11-27,home,kitchen,social media,east,3,Good,works fine,neutral,8,yes,Esha,high
C1073,2026-02-04,electronics,mobile,survey,south,4,No Title,Great support,positive,10,yes,Deepa,low
C1111,2025-06-22,home,furniture,email,east,2,Review,No Feedback,negative,7,yes,Chris,medium
C1230,2025-10-11,home,furniture,survey,west,5,Good,Highly recommend,positive,15,no,Deepa,high
C1095,2025-09-19,electronics,laptop,website,south,2,Review,app crash,negative,14,yes,Esha,high
C1051,2025-04-03,electronics,mobile,email,east,2,Bad,bad packaging,negative,8,yes,Chris,high
C1255,2025-11-08,electronics,mobile,survey,north,4,Review,Fast delivery,positive,7,yes,Chris,high
C1254,2025-06-22,beauty,skin,social media,north,3,Review,average experience,neutral,8,no,Deepa,high
C1139,2025-01-30,fashion,women,social media,south,5,No Title,Highly recommend,positive,5,no,Esha,high
C1277,2025-11-06,beauty,hair,mobile app,north,2,Good,bad packaging,negative,3,no,Deepa,medium
C1031,2025-10-14,electronics,laptop,survey,south,1,Bad,poor quality,negative,2,no,Deepa,low
C1162,2025-10-25,fashion,men,survey,west,3,Review,average experience,neutral,13,no,Chris,high
C1076,2025-04-23,beauty,skin,social media,east,4,Average,Excellent product,positive,12,no,Chris,medium
C1135,2025-05-07,beauty,skin,mobile app,south,5,Review,Highly recommend,positive,10,yes,Chris,high
C1181,2025-08-18,grocery,food,social media,south,3,Review,acceptable,neutral,13,no,Deepa,medium
C1115,2026-04-12,electronics,mobile,social media,south,1,No Title,late delivery,negative,11,yes,Chris,low
C1079,2025-01-24,grocery,beverage,email,south,4,Bad,Great support,positive,1,no,Chris,high
C1155,2025-03-08,fashion,men,website,west,3,No Title,acceptable,neutral,9,yes,Deepa,high
C1116,2025-03-06,electronics,laptop,website,north,5,Average,Highly recommend,positive,12,yes,Chris,high
C1296,2025-12-03,fashion,women,email,west,4,Bad,Highly recommend,positive,5,yes,Bob,medium
C1223,2025-02-19,fashion,men,email,west,5,No Title,Loved it,positive,2,no,Alice,high
C1133,2025-07-07,fashion,women,website,east,4,No Title,Great support,positive,3,yes,Bob,high
C1139,2025-06-05,home,kitchen,survey,east,4,Review,late delivery,positive,6,no,Alice,low
C1082,2025-12-08,fashion,women,email,north,5,Average,Excellent product,positive,1,no,Bob,high
C1016,2025-09-02,home,kitchen,social media,south,1,No Title,late delivery,negative,4,no,Deepa,low
C1001,2025-10-18,fashion,women,email,west,1,No Title,late delivery,negative,14,yes,Bob,high
C1141,2025-12-27,grocery,food,survey,west,3,Review,average experience,neutral,8,no,Esha,high
C1143,2026-03-04,grocery,food,social media,north,3,Review,average experience,neutral,5,yes,Esha,medium
C1228,2025-02-16,home,kitchen,website,south,1,No Title,app crash,negative,15,yes,Bob,high
C1130,2025-12-28,electronics,mobile,website,east,2,No Title,No Feedback,negative,6,no,Alice,high
C1015,2025-09-02,electronics,mobile,email,south,4,Average,Excellent product,positive,10,yes,Bob,high
C1051,2025-09-08,home,kitchen,email,north,3,Review,okay product,neutral,13,yes,Esha,high
C1072,2025-02-26,beauty,hair,email,south,2,No Title,late delivery,negative,3,yes,Alice,low
C1140,2025-01-05,electronics,mobile,website,west,2,No Title,poor quality,negative,8,no,Chris,medium
C1245,2025-07-03,home,furniture,social media,west,5,Bad,Highly recommend,positive,6,yes,Deepa,low
C1100,2026-02-21,electronics,mobile,survey,east,2,Average,app crash,negative,8,yes,Alice,high
C1065,2025-11-24,grocery,food,survey,north,4,Average,Great support,positive,13,no,Esha,high
C1159,2025-06-18,electronics,mobile,website,east,5,Average,Highly recommend,positive,14,yes,Bob,medium
C1044,2025-10-10,electronics,mobile,survey,west,5,No Title,Excellent product,positive,9,no,Deepa,high
C1112,2025-05-24,electronics,mobile,email,east,1,Review,support not helpful,negative,12,no,Deepa,low
C1160,2025-10-22,fashion,men,mobile app,south,1,Average,poor quality,negative,1,yes,Bob,high
C1294,2025-01-30,fashion,women,email,east,3,Review,okay product,neutral,15,no,Deepa,medium
C1062,2026-05-04,grocery,food,website,east,2,Good,poor quality,negative,7,yes,Esha,low
C1102,2025-09-24,grocery,food,email,south,3,No Title,okay product,neutral,10,yes,Deepa,high
C1019,2026-02-27,beauty,skin,website,north,1,Bad,bad packaging,negative,12,yes,Bob,low
C1197,2025-09-10,grocery,beverage,survey,east,5,Review,Fast delivery,positive,6,no,Alice,high
C1022,2025-10-07,beauty,skin,survey,north,3,Average,nothing special,neutral,10,no,Alice,high
C1260,2025-11-02,beauty,hair,website,west,4,Bad,Great support,positive,8,no,Esha,low
C1162,2026-02-06,beauty,skin,website,south,5,No Title,Loved it,positive,15,no,Esha,medium
C1083,2025-12-18,electronics,mobile,website,north,3,Good,nothing special,neutral,13,yes,Chris,high
C1300,2025-11-06,electronics,mobile,website,south,1,Good,poor quality,negative,3,yes,Bob,low
C1050,2025-09-27,electronics,mobile,survey,east,4,No Title,Great support,positive,11,yes,Deepa,low
C1001,2026-03-01,home,furniture,email,east,4,Review,Fast delivery,positive,8,no,Esha,low
C1020,2025-11-01,beauty,hair,survey,south,1,Bad,app crash,negative,10,no,Alice,high
C1200,2025-03-14,electronics,laptop,mobile app,west,3,Average,No Feedback,neutral,5,no,Alice,medium
C1155,2025-12-26,home,furniture,mobile app,west,2,Average,support not helpful,negative,11,no,Esha,medium
C1177,2025-12-08,fashion,women,social media,west,1,Good,No Feedback,negative,11,yes,Alice,medium
C1139,2025-06-05,electronics,mobile,website,north,5,Average,Highly recommend,positive,1,yes,Deepa,medium
C1190,2025-01-15,home,furniture,social media,east,5,Bad,Excellent product,positive,3,yes,Bob,high
C1099,2025-01-01,fashion,women,mobile app,north,1,Review,support not helpful,negative,15,yes,Bob,low
C1222,2025-11-26,fashion,women,website,east,1,Good,late delivery,negative,7,yes,Chris,high
C1020,2025-06-15,grocery,food,website,north,3,Good,average experience,neutral,3,yes,Bob,high
C1186,2025-02-05,beauty,skin,website,east,1,No Title,poor quality,negative,15,yes,Bob,low
C1220,2025-06-16,grocery,beverage,survey,west,1,Average,poor quality,negative,2,yes,Deepa,high
C1194,2026-03-15,grocery,food,mobile app,east,5,No Title,Excellent product,positive,12,no,Chris,high
C1088,2026-01-03,beauty,skin,website,south,2,No Title,bad packaging,negative,9,yes,Deepa,high
C1150,2026-04-08,beauty,hair,website,north,3,Bad,okay product,neutral,9,yes,Bob,high
C1253,2025-11-20,home,kitchen,email,south,4,Average,Loved it,positive,15,yes,Alice,high
C1024,2026-02-03,beauty,hair,survey,south,5,Review,Great support,positive,7,no,Esha,medium
C1288,2025-12-02,home,furniture,survey,east,4,Bad,Excellent product,positive,13,no,Bob,medium
C1217,2025-06-26,beauty,skin,email,south,4,Review,Excellent product,positive,12,yes,Chris,medium
C1299,2025-11-24,fashion,women,website,east,4,Good,Fast delivery,positive,1,yes,Deepa,high
C1294,2025-03-11,grocery,beverage,social media,north,3,No Title,average experience,neutral,9,yes,Alice,low
C1167,2026-02-12,home,kitchen,survey,east,4,Good,Great support,positive,8,no,Chris,medium
C1202,2025-12-29,home,furniture,survey,south,4,Average,Excellent product,positive,3,yes,Chris,high
C1150,2025-03-11,electronics,mobile,email,east,1,No Title,bad packaging,negative,8,yes,Chris,high
C1223,2025-06-16,grocery,food,website,south,5,Review,Fast delivery,positive,9,yes,Bob,high
C1137,2025-10-22,home,furniture,website,south,5,Average,Excellent product,positive,12,yes,Deepa,high
C1294,2025-03-03,home,kitchen,mobile app,east,1,Review,app crash,negative,4,no,Bob,high
C1003,2026-01-05,grocery,food,social media,south,3,Good,acceptable,neutral,1,no,Bob,low
C1173,2025-07-11,home,furniture,mobile app,south,1,No Title,No Feedback,negative,5,no,Bob,medium
C1159,2026-02-26,grocery,food,email,south,5,No Title,Highly recommend,positive,9,yes,Deepa,medium
C1289,2025-03-12,electronics,mobile,mobile app,north,1,Good,support not helpful,negative,2,no,Chris,low
C1180,2025-05-06,grocery,beverage,email,south,1,Review,app crash,negative,15,no,Deepa,low
C1293,2026-03-16,home,furniture,website,east,4,Review,Great support,positive,14,no,Alice,high
C1121,2026-04-07,home,kitchen,mobile app,east,5,Average,Highly recommend,positive,12,yes,Chris,medium
C1214,2026-03-12,beauty,hair,website,east,4,Review,Loved it,positive,8,no,Deepa,high
C1298,2026-01-03,beauty,hair,website,south,3,Good,average experience,neutral,7,no,Bob,low
C1299,2026-05-13,electronics,mobile,email,east,3,Average,No Feedback,neutral,13,no,Deepa,high
C1117,2026-03-10,beauty,skin,survey,south,5,Review,Great support,positive,4,no,Esha,low
C1247,2026-02-06,beauty,skin,website,north,2,Good,bad packaging,negative,11,no,Alice,low
C1026,2025-07-23,home,kitchen,email,south,5,Average,Highly recommend,positive,11,no,Chris,high
C1259,2025-03-31,fashion,men,email,north,2,Bad,app crash,negative,13,yes,Deepa,low
C1164,2026-02-25,home,kitchen,website,west,1,Good,app crash,negative,7,no,Esha,low
C1015,2025-01-19,fashion,women,website,south,5,Bad,Loved it,positive,15,no,Chris,high
C1286,2025-08-14,fashion,men,website,north,4,Bad,Loved it,positive,2,no,Chris,low
C1041,2025-01-11,beauty,skin,survey,north,2,Bad,poor quality,negative,2,no,Alice,high
C1188,2025-02-25,home,kitchen,mobile app,west,4,No Title,Excellent product,positive,1,yes,Chris,high
C1027,2026-04-03,grocery,food,website,north,5,Good,Fast delivery,positive,9,yes,Chris,high
C1194,2025-09-19,beauty,skin,email,south,5,Bad,Excellent product,positive,10,no,Alice,high
C1054,2025-05-10,fashion,women,mobile app,north,2,Bad,poor quality,negative,11,yes,Alice,high
C1011,2025-01-29,electronics,laptop,email,east,1,Bad,No Feedback,negative,10,yes,Alice,high
C1091,2025-12-29,electronics,mobile,website,north,2,Bad,app crash,negative,15,no,Deepa,low
C1096,2026-04-30,home,furniture,survey,south,1,Good,support not helpful,negative,11,yes,Deepa,high
C1190,2025-02-03,home,kitchen,website,west,1,Review,bad packaging,negative,3,no,Chris,medium
C1010,2025-06-28,fashion,men,website,south,3,Bad,nothing special,neutral,15,no,Bob,high
C1243,2025-08-10,beauty,skin,social media,south,4,Good,Fast delivery,positive,7,yes,Bob,medium
C1184,2025-03-12,electronics,mobile,social media,north,1,Review,late delivery,negative,1,yes,Chris,high
C1147,2025-05-02,home,furniture,website,south,5,No Title,Great support,positive,12,no,Esha,low
C1112,2025-11-01,grocery,food,email,west,1,Review,app crash,negative,2,yes,Deepa,high
C1244,2026-02-07,grocery,beverage,website,north,3,Review,acceptable,neutral,3,yes,Bob,low
C1231,2026-03-05,grocery,food,social media,south,1,No Title,bad packaging,negative,4,yes,Esha,low
C1227,2025-01-20,beauty,skin,mobile app,south,1,No Title,bad packaging,negative,15,no,Alice,high
C1244,2025-11-01,beauty,skin,social media,west,1,No Title,bad packaging,negative,6,no,Chris,high
C1163,2025-10-01,beauty,hair,survey,east,3,Bad,okay product,neutral,8,yes,Chris,high
C1006,2025-02-19,beauty,skin,email,south,2,No Title,app crash,negative,8,yes,Alice,high
C1100,2025-02-26,electronics,mobile,website,east,3,Good,No Feedback,neutral,8,no,Deepa,medium
C1029,2025-02-19,fashion,women,social media,south,3,Good,nothing special,neutral,2,yes,Chris,high
C1022,2026-02-17,home,kitchen,website,south,2,Review,poor quality,negative,1,no,Alice,medium
C1158,2025-11-10,fashion,men,survey,south,5,Review,Loved it,positive,1,yes,Esha,high
C1199,2025-07-17,beauty,skin,mobile app,south,2,Good,poor quality,negative,4,no,Bob,high
C1254,2026-01-18,fashion,women,survey,east,1,Good,poor quality,negative,11,no,Esha,high
C1024,2026-02-09,grocery,food,website,east,1,Review,support not helpful,negative,10,yes,Bob,high
C1090,2026-03-23,grocery,beverage,social media,south,2,Review,No Feedback,negative,10,yes,Chris,high
C1199,2026-04-07,fashion,women,website,south,3,Review,average experience,neutral,14,no,Deepa,high
C1267,2025-03-23,fashion,women,mobile app,east,5,Good,No Feedback,positive,9,no,Deepa,high
C1292,2026-02-18,beauty,skin,website,east,1,Good,support not helpful,negative,6,no,Esha,medium
C1073,2025-08-30,fashion,women,survey,south,5,No Title,No Feedback,positive,7,yes,Esha,medium
C1011,2025-12-15,home,kitchen,mobile app,west,3,Bad,No Feedback,neutral,13,no,Bob,low
C1183,2026-02-13,fashion,men,website,north,4,Review,No Feedback,positive,7,no,Esha,medium
C1176,2025-03-18,grocery,food,survey,south,5,No Title,Great support,positive,7,no,Esha,low
C1266,2026-03-22,grocery,beverage,website,south,3,Review,okay product,neutral,3,no,Deepa,high
C1138,2025-12-30,grocery,food,survey,west,4,Bad,Excellent product,positive,5,yes,Chris,medium
C1221,2025-05-06,grocery,food,website,east,1,No Title,poor quality,negative,14,no,Deepa,high
C1191,2025-07-14,home,furniture,website,south,4,Review,Excellent product,positive,12,no,Bob,medium
C1284,2025-07-30,beauty,skin,survey,south,1,Good,poor quality,negative,6,yes,Esha,medium
C1110,2025-10-19,electronics,laptop,social media,south,4,Review,Loved it,positive,9,no,Bob,low
C1018,2026-03-16,grocery,beverage,website,west,1,Bad,late delivery,negative,5,yes,Bob,high
C1068,2025-01-22,electronics,mobile,survey,south,1,Good,bad packaging,negative,8,yes,Bob,low
C1136,2025-02-06,home,furniture,email,south,5,Review,Highly recommend,positive,8,no,Chris,medium
C1073,2025-08-17,home,kitchen,survey,south,1,Good,app crash,negative,8,no,Bob,medium
C1163,2025-06-24,grocery,beverage,email,south,2,No Title,bad packaging,negative,3,no,Esha,high
C1170,2025-05-02,grocery,food,survey,south,5,Review,Great support,positive,10,yes,Esha,low
C1138,2025-04-08,beauty,skin,mobile app,east,4,Bad,Loved it,positive,14,no,Bob,medium
C1180,2025-11-21,home,furniture,website,east,4,Good,Great support,positive,5,no,Deepa,high
C1090,2026-04-16,beauty,hair,mobile app,south,3,No Title,nothing special,neutral,12,yes,Deepa,low
C1136,2025-07-05,fashion,women,website,north,3,No Title,nothing special,neutral,4,no,Bob,low
C1064,2026-04-11,home,kitchen,mobile app,north,4,No Title,Great support,positive,12,yes,Alice,medium
C1117,2025-08-30,home,kitchen,social media,west,2,Bad,bad packaging,negative,9,no,Chris,low
C1044,2026-03-23,beauty,skin,website,south,4,Average,Loved it,positive,11,no,Chris,medium
C1060,2026-01-06,home,kitchen,mobile app,south,2,Review,bad packaging,negative,4,yes,Deepa,high
C1207,2025-01-29,fashion,men,email,west,1,Average,poor quality,negative,12,yes,Bob,low
C1176,2025-05-12,fashion,men,website,south,5,Good,Highly recommend,positive,11,no,Chris,high
C1057,2025-08-28,home,kitchen,social media,south,4,Good,Excellent product,positive,4,yes,Esha,high
C1293,2026-03-29,fashion,men,survey,east,5,No Title,Loved it,positive,11,yes,Bob,low
C1239,2025-06-27,electronics,laptop,website,south,5,Good,late delivery,positive,4,yes,Alice,medium
C1163,2025-01-02,electronics,laptop,survey,north,4,Review,Excellent product,positive,2,no,Deepa,high
C1062,2026-04-14,beauty,skin,mobile app,east,3,Bad,okay product,neutral,12,no,Bob,low
C1169,2025-01-21,beauty,hair,survey,west,1,No Title,support not helpful,negative,12,no,Esha,high
C1033,2025-05-21,fashion,women,social media,south,4,No Title,No Feedback,positive,4,yes,Bob,high
C1086,2025-03-20,electronics,mobile,survey,west,4,Average,Loved it,positive,8,no,Esha,high
C1260,2026-03-21,electronics,mobile,mobile app,north,1,Good,app crash,negative,9,no,Deepa,medium
C1136,2025-07-03,fashion,men,email,south,3,Review,nothing special,neutral,13,no,Bob,high
C1281,2025-03-20,electronics,mobile,website,south,1,Review,No Feedback,negative,11,yes,Esha,high
C1028,2025-05-11,electronics,mobile,website,north,4,Average,Loved it,positive,10,yes,Esha,high
C1145,2025-08-15,beauty,skin,social media,west,4,No Title,Excellent product,positive,11,yes,Deepa,high
C1162,2026-04-28,electronics,laptop,website,east,4,Average,Excellent product,positive,13,no,Chris,low
C1159,2026-03-19,grocery,beverage,social media,west,3,Bad,works fine,neutral,12,no,Chris,high
C1180,2025-12-18,home,furniture,survey,west,1,No Title,app crash,negative,4,no,Chris,low
C1048,2026-04-30,grocery,beverage,survey,east,4,Review,Fast delivery,positive,5,yes,Alice,low
C1103,2025-11-17,electronics,laptop,survey,north,3,Bad,works fine,neutral,10,yes,Deepa,low
C1108,2025-04-09,home,kitchen,email,east,1,Average,app crash,negative,4,no,Esha,high
C1004,2025-08-11,fashion,women,website,east,3,Good,okay product,neutral,13,yes,Deepa,low
C1202,2026-04-26,electronics,mobile,social media,east,5,Good,Great support,positive,13,no,Alice,high
C1038,2025-12-10,beauty,skin,mobile app,north,4,Bad,Highly recommend,positive,4,yes,Alice,high
C1249,2026-03-06,beauty,hair,social media,west,4,Good,Fast delivery,positive,10,no,Esha,low
C1133,2026-03-08,fashion,men,survey,west,1,No Title,bad packaging,negative,3,no,Bob,low
C1108,2025-05-21,fashion,men,website,south,3,Average,works fine,neutral,11,no,Deepa,low
C1034,2025-05-19,home,furniture,survey,west,3,Good,nothing special,neutral,8,yes,Alice,high
C1211,2025-10-01,home,kitchen,social media,north,4,No Title,Great support,positive,12,no,Deepa,high
C1063,2026-01-05,fashion,women,social media,west,4,Good,Excellent product,positive,2,no,Deepa,high
C1277,2025-02-10,electronics,mobile,mobile app,east,2,Review,bad packaging,negative,8,yes,Bob,low
C1163,2025-10-28,fashion,men,survey,south,3,Good,No Feedback,neutral,1,yes,Alice,high
C1090,2025-02-10,electronics,laptop,email,south,4,No Title,Loved it,positive,6,yes,Bob,medium
C1076,2025-01-21,home,furniture,website,north,5,No Title,Highly recommend,positive,2,no,Chris,low
C1208,2026-04-26,electronics,mobile,website,east,2,Review,No Feedback,negative,7,yes,Deepa,medium
C1062,2026-03-21,fashion,men,website,east,3,Review,okay product,neutral,10,no,Deepa,medium
C1021,2025-12-30,beauty,skin,mobile app,north,2,No Title,app crash,negative,3,no,Deepa,high
C1032,2025-03-26,grocery,beverage,social media,east,3,No Title,acceptable,neutral,7,yes,Bob,high
C1101,2025-04-11,beauty,skin,survey,south,4,Review,Excellent product,positive,11,yes,Deepa,low
C1117,2025-11-28,electronics,mobile,mobile app,west,5,Bad,No Feedback,positive,7,no,Bob,medium
C1170,2026-03-27,grocery,food,mobile app,west,5,Good,Highly recommend,positive,9,yes,Bob,medium
C1222,2025-03-31,home,kitchen,email,south,5,Bad,Fast delivery,positive,13,no,Esha,medium
C1254,2025-04-27,fashion,women,social media,south,1,Average,late delivery,negative,6,yes,Alice,high
C1218,2025-05-14,electronics,mobile,social media,west,4,Review,Great support,positive,7,no,Deepa,high
C1223,2026-02-06,home,kitchen,website,north,5,Average,Fast delivery,positive,2,yes,Alice,medium
C1073,2025-04-20,grocery,food,mobile app,north,2,No Title,support not helpful,negative,12,no,Esha,low
C1284,2025-02-13,grocery,food,website,west,2,Average,late delivery,negative,4,yes,Deepa,high
C1060,2025-08-16,fashion,women,email,west,4,Review,Excellent product,positive,2,yes,Esha,low
C1061,2026-04-15,electronics,laptop,website,west,4,Review,Fast delivery,positive,6,yes,Deepa,high
C1242,2026-01-06,beauty,skin,email,west,2,Good,late delivery,negative,2,yes,Chris,low
C1175,2026-03-15,electronics,laptop,mobile app,east,3,Review,nothing special,neutral,2,yes,Chris,high
C1250,2025-06-10,home,furniture,mobile app,south,3,Review,average experience,neutral,13,yes,Bob,low
C1232,2025-09-24,fashion,men,email,west,5,Review,Great support,positive,6,no,Bob,high
C1146,2025-05-15,grocery,food,email,west,3,Good,nothing special,neutral,8,no,Esha,medium
C1107,2025-03-27,home,kitchen,social media,south,5,Bad,Loved it,positive,8,no,Alice,high
C1151,2026-05-03,fashion,men,social media,east,3,Average,average experience,neutral,6,yes,Chris,medium
C1244,2025-12-26,beauty,skin,survey,south,2,Bad,No Feedback,negative,1,yes,Esha,high
C1044,2025-10-04,electronics,mobile,website,south,1,Good,late delivery,negative,9,no,Deepa,low
C1105,2026-01-19,electronics,laptop,website,south,1,Review,support not helpful,negative,1,yes,Chris,low
C1066,2026-03-30,fashion,women,social media,south,2,Average,support not helpful,negative,2,no,Alice,high
C1192,2025-12-10,grocery,food,email,south,4,Bad,Fast delivery,positive,5,no,Chris,medium
C1026,2025-09-06,electronics,laptop,website,south,2,Average,bad packaging,negative,7,no,Chris,medium
C1193,2025-06-04,beauty,hair,website,north,5,Review,Great support,positive,14,no,Deepa,high
C1123,2025-10-13,home,furniture,email,east,3,Bad,nothing special,neutral,12,no,Deepa,high
C1110,2025-08-13,beauty,hair,website,south,2,Bad,poor quality,negative,3,no,Chris,low
C1272,2025-01-12,grocery,food,survey,south,5,Average,Fast delivery,positive,1,yes,Bob,high
C1222,2025-12-18,home,furniture,website,south,1,Bad,bad packaging,negative,5,no,Deepa,low
C1043,2025-07-23,fashion,women,website,west,4,Review,Fast delivery,positive,15,yes,Bob,low
C1204,2025-01-16,fashion,men,mobile app,south,1,Bad,poor quality,negative,3,yes,Deepa,high
C1083,2025-10-01,electronics,mobile,website,north,4,Review,Excellent product,positive,10,yes,Bob,medium
C1156,2025-07-20,grocery,food,email,west,1,Average,support not helpful,negative,1,yes,Alice,high
C1179,2026-03-11,beauty,skin,website,east,1,Review,poor quality,negative,5,no,Deepa,high
C1164,2025-05-13,grocery,food,email,east,3,No Title,nothing special,neutral,15,yes,Bob,high
C1124,2025-10-19,beauty,skin,survey,south,3,Review,works fine,neutral,3,yes,Chris,high
C1000,2025-06-01,fashion,men,website,south,1,Review,late delivery,negative,10,no,Chris,high
C1033,2026-04-23,beauty,hair,mobile app,west,4,Average,Excellent product,positive,1,no,Bob,medium
C1292,2026-03-09,grocery,food,email,south,2,Average,poor quality,negative,9,yes,Esha,high
C1176,2025-03-13,grocery,food,website,north,3,Review,nothing special,neutral,13,no,Bob,low
C1288,2025-06-24,home,kitchen,website,east,4,No Title,Excellent product,positive,14,no,Bob,low
C1089,2026-05-06,electronics,laptop,website,north,3,Review,okay product,neutral,13,no,Esha,medium
C1201,2025-07-10,grocery,beverage,survey,west,5,No Title,Fast delivery,positive,3,no,Esha,high
C1195,2025-05-09,home,furniture,website,north,4,Bad,Highly recommend,positive,4,yes,Chris,high
C1129,2025-01-01,fashion,men,website,west,2,Good,No Feedback,negative,5,yes,Esha,high
C1250,2026-01-08,electronics,mobile,social media,west,5,No Title,Highly recommend,positive,4,no,Alice,medium
C1265,2025-11-14,beauty,hair,website,west,4,Average,No Feedback,positive,2,yes,Esha,high
C1048,2025-10-03,home,furniture,website,west,5,Average,Excellent product,positive,13,no,Deepa,high
C1019,2025-06-28,grocery,beverage,website,south,1,Average,bad packaging,negative,9,no,Bob,high
C1295,2026-05-03,home,furniture,mobile app,east,2,No Title,support not helpful,negative,5,no,Bob,high
C1123,2025-04-21,electronics,laptop,social media,west,4,Good,Loved it,positive,4,no,Chris,medium
C1253,2025-07-01,electronics,laptop,survey,east,1,Bad,late delivery,negative,5,no,Chris,low
C1300,2026-03-17,electronics,laptop,email,west,4,Good,Excellent product,positive,1,no,Chris,medium
C1141,2025-12-25,home,furniture,website,east,4,Bad,Great support,positive,15,no,Esha,low
C1005,2026-01-09,fashion,women,survey,south,4,Average,Excellent product,positive,14,no,Deepa,high
C1081,2026-04-15,grocery,beverage,mobile app,north,1,Bad,support not helpful,negative,8,yes,Esha,medium
C1289,2025-08-04,fashion,men,website,west,4,Average,Excellent product,positive,14,no,Chris,low
C1088,2025-03-21,home,kitchen,mobile app,east,3,Bad,okay product,neutral,10,no,Chris,high
C1245,2026-02-25,fashion,women,website,north,1,Good,poor quality,negative,5,no,Chris,high
C1247,2026-01-02,electronics,mobile,website,south,5,Bad,Great support,positive,15,no,Esha,high
C1257,2026-01-29,grocery,beverage,website,south,5,Average,Excellent product,positive,1,no,Deepa,high
C1167,2025-01-08,electronics,laptop,email,north,5,Review,Highly recommend,positive,1,no,Bob,high
C1295,2025-07-24,electronics,mobile,website,east,1,Average,late delivery,negative,3,yes,Bob,high
C1276,2026-03-08,grocery,beverage,website,west,1,Review,app crash,negative,4,yes,Deepa,medium
C1206,2025-11-30,electronics,mobile,website,south,4,No Title,Loved it,positive,5,no,Esha,high
C1264,2025-05-08,beauty,skin,social media,north,2,No Title,support not helpful,negative,12,no,Bob,high
C1174,2025-10-22,fashion,men,website,south,3,Good,nothing special,neutral,8,no,Alice,high
C1116,2026-05-07,home,furniture,social media,west,3,Average,okay product,neutral,14,no,Alice,medium
C1122,2026-04-26,beauty,hair,survey,south,1,Average,bad packaging,negative,8,yes,Chris,high
C1069,2025-08-07,beauty,hair,social media,east,2,No Title,No Feedback,negative,1,no,Esha,low
C1148,2026-01-10,electronics,mobile,social media,east,3,Bad,acceptable,neutral,3,no,Esha,low
C1187,2025-09-11,beauty,hair,social media,west,2,Review,poor quality,negative,1,yes,Alice,high
C1127,2026-04-01,home,kitchen,survey,west,1,Good,app crash,negative,14,no,Chris,medium
C1099,2025-11-19,electronics,mobile,survey,east,2,Bad,bad packaging,negative,4,yes,Deepa,high
C1284,2026-05-05,grocery,food,website,south,2,Average,bad packaging,negative,8,no,Esha,high
C1097,2025-07-12,grocery,food,survey,east,5,Bad,Great support,positive,8,no,Deepa,high
C1222,2025-02-03,beauty,hair,website,north,3,Bad,No Feedback,neutral,2,yes,Bob,medium
C1108,2025-05-28,home,furniture,website,west,5,No Title,Loved it,positive,1,yes,Chris,high
C1015,2025-12-09,home,kitchen,website,south,3,No Title,works fine,neutral,7,yes,Esha,high
C1161,2025-03-31,home,furniture,social media,east,4,Review,Fast delivery,positive,3,yes,Esha,high
C1128,2025-03-25,electronics,mobile,social media,west,3,Review,nothing special,neutral,15,no,Bob,medium
C1195,2026-02-26,grocery,food,website,south,5,Review,Great support,positive,11,no,Esha,medium
C1256,2026-01-23,fashion,men,website,west,1,Good,bad packaging,negative,1,no,Deepa,medium
C1259,2026-03-29,grocery,food,social media,south,3,Good,okay product,neutral,8,no,Esha,medium
C1152,2025-01-06,fashion,men,social media,south,3,Good,average experience,neutral,6,yes,Esha,high
C1005,2025-03-17,electronics,mobile,website,south,1,Bad,support not helpful,negative,8,yes,Deepa,low
C1204,2025-11-19,fashion,women,email,south,5,Review,Great support,positive,10,yes,Chris,medium
C1175,2025-11-22,fashion,men,website,south,4,Average,Loved it,positive,11,yes,Deepa,high
C1014,2025-04-04,grocery,food,email,north,5,Review,Excellent product,positive,11,yes,Bob,high
C1120,2025-04-20,fashion,women,website,north,3,No Title,nothing special,neutral,3,no,Chris,high
C1121,2026-04-24,home,kitchen,website,south,2,Bad,app crash,negative,8,yes,Deepa,high
C1264,2025-06-30,electronics,mobile,email,west,2,No Title,bad packaging,negative,7,no,Chris,high
C1214,2026-05-05,fashion,men,website,south,5,No Title,Loved it,positive,7,yes,Deepa,low
C1289,2025-05-24,electronics,mobile,website,east,3,Review,okay product,neutral,5,no,Esha,high
C1204,2026-01-06,grocery,food,email,west,5,Average,Excellent product,positive,8,yes,Chris,high
C1291,2025-04-05,grocery,food,email,south,4,Bad,Great support,positive,14,yes,Chris,medium
C1043,2025-09-17,grocery,beverage,survey,east,3,Review,works fine,neutral,5,no,Alice,high
C1171,2025-02-13,home,kitchen,social media,south,3,No Title,okay product,neutral,13,yes,Bob,medium
C1083,2026-02-02,fashion,men,website,north,4,Good,Excellent product,positive,12,yes,Deepa,high
C1047,2025-07-18,fashion,women,email,north,4,Good,Highly recommend,positive,12,yes,Esha,high
C1246,2025-05-25,fashion,men,email,west,5,Average,Excellent product,positive,2,yes,Esha,high
C1019,2025-06-26,electronics,laptop,survey,south,4,Average,Excellent product,positive,6,yes,Bob,low
C1056,2025-09-24,electronics,mobile,website,south,2,No Title,poor quality,negative,12,no,Alice,high
C1255,2025-07-02,electronics,mobile,survey,east,3,No Title,acceptable,neutral,12,yes,Deepa,medium
C1154,2025-08-12,beauty,skin,website,west,3,Review,average experience,neutral,10,no,Esha,high
C1070,2025-06-16,fashion,men,survey,north,3,Good,acceptable,neutral,13,no,Deepa,low
C1202,2026-02-13,electronics,laptop,social media,west,3,Review,nothing special,neutral,11,no,Chris,high
C1113,2025-12-10,electronics,laptop,website,west,3,No Title,acceptable,neutral,13,yes,Deepa,high
C1157,2025-11-12,beauty,skin,website,south,5,No Title,Fast delivery,positive,5,no,Bob,medium
C1044,2025-09-20,grocery,food,email,south,1,Review,support not helpful,negative,9,yes,Chris,high
C1039,2026-01-01,beauty,hair,survey,south,5,Bad,Loved it,positive,14,yes,Deepa,medium
C1159,2025-12-06,electronics,laptop,survey,east,1,Average,No Feedback,negative,13,yes,Deepa,medium
C1106,2025-09-03,electronics,laptop,website,south,1,Bad,No Feedback,negative,10,no,Deepa,high
C1279,2025-03-15,electronics,mobile,website,north,1,Review,bad packaging,negative,8,yes,Esha,medium
C1088,2026-03-03,electronics,laptop,survey,north,4,Review,Great support,positive,3,yes,Bob,medium
C1033,2025-11-10,home,furniture,website,west,2,No Title,bad packaging,negative,1,no,Alice,high
C1061,2026-01-25,fashion,women,email,north,5,Good,Great support,positive,14,yes,Esha,high
C1260,2025-09-06,beauty,skin,mobile app,south,5,No Title,Loved it,positive,15,yes,Deepa,medium
C1177,2026-02-03,fashion,women,website,east,3,Good,average experience,neutral,13,yes,Esha,low
C1217,2025-10-19,home,kitchen,email,south,1,Average,poor quality,negative,2,no,Esha,medium
C1135,2025-11-23,beauty,skin,mobile app,west,1,Good,late delivery,negative,8,yes,Deepa,high
C1088,2026-01-31,fashion,women,survey,west,4,No Title,Excellent product,positive,8,yes,Chris,high
C1220,2025-08-24,beauty,skin,website,west,3,No Title,nothing special,neutral,15,yes,Deepa,high
C1050,2025-09-12,grocery,food,website,east,4,Good,Loved it,positive,3,yes,Deepa,high
C1103,2025-11-07,home,kitchen,email,north,5,Good,Loved it,positive,13,yes,Bob,medium
C1075,2025-05-08,grocery,beverage,email,east,2,No Title,late delivery,negative,9,yes,Deepa,high
C1104,2025-11-28,fashion,men,mobile app,east,2,Average,bad packaging,negative,14,yes,Alice,high
C1103,2025-12-26,grocery,beverage,mobile app,west,1,Bad,bad packaging,negative,6,no,Bob,low
C1135,2025-12-08,grocery,beverage,social media,east,4,Bad,Fast delivery,positive,7,yes,Esha,high
C1157,2026-03-14,electronics,mobile,website,south,1,Bad,support not helpful,negative,10,yes,Alice,high
C1011,2026-05-01,electronics,laptop,website,south,5,Good,Excellent product,positive,11,no,Alice,low
C1068,2026-05-12,fashion,men,website,north,3,Good,okay product,neutral,7,no,Chris,low
C1284,2026-01-26,home,kitchen,survey,south,3,No Title,works fine,neutral,14,yes,Deepa,high
C1233,2025-06-30,home,kitchen,email,north,1,Bad,poor quality,negative,2,no,Chris,medium
C1046,2025-05-12,fashion,men,mobile app,north,2,Bad,app crash,negative,7,no,Chris,high
C1264,2025-04-02,grocery,food,social media,south,3,Average,nothing special,neutral,12,no,Deepa,high
C1238,2026-01-26,grocery,food,survey,south,1,Review,late delivery,negative,2,yes,Esha,high
C1229,2026-02-02,grocery,food,email,south,5,No Title,Excellent product,positive,9,no,Deepa,high
C1136,2026-02-09,fashion,men,website,south,3,No Title,No Feedback,neutral,7,yes,Esha,low
C1249,2025-05-23,fashion,women,mobile app,east,5,Good,Fast delivery,positive,14,yes,Deepa,high
C1072,2025-06-26,electronics,laptop,social media,west,1,Review,bad packaging,negative,8,no,Bob,high
C1202,2026-04-16,fashion,women,mobile app,north,3,Good,okay product,neutral,4,no,Bob,low
C1214,2025-02-05,home,kitchen,website,south,2,Average,bad packaging,negative,3,no,Esha,high
C1165,2025-12-14,fashion,men,website,east,4,Review,Loved it,positive,11,no,Esha,medium
C1018,2025-12-17,electronics,mobile,mobile app,south,3,Bad,acceptable,neutral,4,no,Bob,medium
C1182,2025-08-07,home,kitchen,email,south,2,Bad,late delivery,negative,2,yes,Bob,high
C1249,2025-10-24,fashion,men,mobile app,east,4,Average,No Feedback,positive,14,no,Esha,high
C1190,2025-07-02,fashion,men,social media,south,1,No Title,app crash,negative,14,yes,Chris,high
C1056,2025-06-06,beauty,hair,mobile app,south,5,Average,Great support,positive,5,yes,Esha,high
C1237,2026-01-27,home,kitchen,survey,east,4,Bad,Loved it,positive,2,yes,Alice,medium
C1277,2025-01-15,electronics,laptop,website,south,4,Review,Excellent product,positive,1,yes,Bob,high
C1086,2025-05-15,fashion,women,website,east,4,Review,Fast delivery,positive,7,yes,Bob,low
C1189,2026-03-31,electronics,mobile,email,east,3,No Title,okay product,neutral,14,no,Bob,medium
C1147,2025-12-16,electronics,mobile,email,south,2,Bad,bad packaging,negative,5,yes,Deepa,high
C1074,2025-09-03,beauty,hair,email,south,4,Average,Excellent product,positive,6,no,Deepa,high
C1103,2025-11-14,grocery,food,survey,south,2,Review,No Feedback,negative,5,yes,Esha,high
C1088,2026-02-05,home,furniture,email,south,1,Review,support not helpful,negative,7,no,Alice,high
C1022,2025-01-28,grocery,beverage,email,north,3,Review,average experience,neutral,2,yes,Esha,high
C1081,2025-04-30,fashion,women,email,west,2,Average,bad packaging,negative,8,no,Chris,medium
C1000,2025-03-28,beauty,hair,social media,north,3,Good,acceptable,neutral,14,yes,Chris,medium
C1013,2026-01-26,home,kitchen,website,west,5,No Title,Great support,positive,3,no,Esha,high
C1258,2025-07-16,electronics,mobile,email,east,3,No Title,nothing special,neutral,15,no,Chris,high
C1187,2025-04-16,grocery,food,survey,south,3,Bad,average experience,neutral,6,yes,Deepa,medium
C1076,2025-12-23,home,furniture,survey,east,3,Average,acceptable,neutral,13,no,Deepa,low
C1129,2025-07-28,home,furniture,email,west,5,Bad,Loved it,positive,4,no,Bob,high
C1228,2025-10-09,beauty,skin,mobile app,south,1,Review,support not helpful,negative,10,no,Bob,low
C1007,2025-01-28,beauty,skin,mobile app,east,4,Review,Fast delivery,positive,6,yes,Deepa,high
C1006,2025-03-09,grocery,food,social media,south,1,Good,No Feedback,negative,6,yes,Deepa,high
C1185,2025-11-06,beauty,hair,website,east,5,Good,Great support,positive,12,yes,Chris,low
C1100,2025-05-03,grocery,food,website,south,4,Bad,Highly recommend,positive,10,yes,Bob,medium
C1003,2025-04-05,beauty,skin,website,south,4,Average,Fast delivery,positive,9,no,Alice,high
C1190,2025-03-06,electronics,mobile,email,east,5,Average,Excellent product,positive,6,yes,Chris,high
C1187,2025-01-25,electronics,laptop,social media,south,1,Bad,poor quality,negative,15,no,Chris,high
C1241,2025-07-18,electronics,laptop,website,south,1,Review,late delivery,negative,5,no,Bob,low
C1230,2025-10-20,home,furniture,mobile app,west,2,Review,bad packaging,negative,12,yes,Chris,high
C1076,2025-02-25,grocery,food,mobile app,west,1,Average,app crash,negative,7,no,Deepa,high
C1147,2026-03-02,fashion,women,survey,east,2,Bad,bad packaging,negative,13,no,Alice,high
C1256,2025-12-01,fashion,women,survey,south,2,Good,late delivery,negative,10,no,Chris,high
C1014,2026-05-12,fashion,men,social media,south,5,Good,Fast delivery,positive,5,yes,Bob,high
C1207,2025-04-24,beauty,hair,email,west,5,Good,Fast delivery,positive,11,yes,Deepa,high
C1123,2025-04-08,fashion,men,social media,east,1,Review,support not helpful,negative,13,no,Alice,high
C1193,2026-02-20,fashion,men,website,south,4,Bad,Highly recommend,positive,11,yes,Alice,high
C1158,2025-09-20,fashion,men,website,north,3,No Title,acceptable,neutral,8,yes,Bob,high
C1285,2025-01-25,grocery,beverage,website,east,3,Review,okay product,neutral,14,yes,Bob,high
C1027,2026-03-01,electronics,laptop,social media,west,3,Good,okay product,neutral,5,no,Bob,low
C1079,2025-03-18,beauty,hair,email,north,3,Review,okay product,neutral,8,no,Chris,low
C1154,2026-03-26,beauty,hair,website,east,2,Bad,poor quality,negative,6,no,Chris,high
C1177,2025-08-05,beauty,skin,social media,south,1,Average,late delivery,negative,12,no,Chris,high
C1129,2026-01-30,home,furniture,mobile app,south,2,Bad,app crash,negative,8,yes,Bob,high
C1091,2025-11-27,grocery,food,website,south,4,Review,Loved it,positive,6,yes,Esha,high
C1149,2026-02-06,home,furniture,social media,south,5,No Title,Fast delivery,positive,1,no,Bob,low
C1120,2025-03-23,fashion,women,social media,west,2,Bad,late delivery,negative,11,yes,Bob,medium
C1105,2025-09-17,fashion,women,website,east,4,Good,Highly recommend,positive,14,no,Esha,high
C1191,2025-03-07,beauty,hair,survey,north,5,Review,Loved it,positive,14,yes,Bob,low
C1286,2026-03-13,fashion,women,social media,south,2,Good,No Feedback,negative,2,yes,Chris,low
C1210,2025-11-02,beauty,skin,website,north,4,No Title,Loved it,positive,12,yes,Deepa,high
C1238,2025-07-17,fashion,women,survey,west,3,Good,okay product,neutral,7,no,Chris,high
C1281,2025-05-05,home,kitchen,email,east,4,Review,Great support,positive,8,yes,Chris,medium
C1225,2026-01-30,beauty,skin,website,east,3,Bad,okay product,neutral,9,yes,Deepa,high
C1086,2026-01-04,home,furniture,survey,north,2,Average,late delivery,negative,3,no,Chris,high
C1194,2026-04-07,home,furniture,social media,south,5,Average,Great support,positive,13,no,Esha,high
C1128,2025-09-02,beauty,skin,social media,west,4,No Title,Loved it,positive,11,yes,Alice,low
C1258,2026-03-27,fashion,women,email,south,3,Average,works fine,neutral,9,yes,Chris,low
C1041,2025-09-25,home,kitchen,mobile app,south,2,Bad,bad packaging,negative,14,no,Bob,low
C1071,2025-08-08,fashion,women,social media,east,2,Good,poor quality,negative,4,no,Esha,low
C1265,2026-05-08,beauty,hair,email,north,5,Review,Loved it,positive,10,yes,Bob,high
C1136,2025-05-17,beauty,skin,survey,south,3,Bad,average experience,neutral,5,no,Deepa,low
C1105,2025-04-28,beauty,hair,mobile app,south,1,Average,No Feedback,negative,8,no,Bob,medium
C1259,2025-01-08,grocery,food,social media,east,2,Good,late delivery,negative,11,yes,Deepa,high
C1066,2025-06-04,fashion,women,website,west,5,Review,Great support,positive,3,no,Bob,high
C1259,2025-07-22,fashion,women,website,north,2,Bad,late delivery,negative,11,yes,Chris,low
C1083,2025-03-01,beauty,skin,mobile app,south,1,No Title,app crash,negative,9,no,Chris,low
C1000,2026-04-21,fashion,women,mobile app,south,2,Bad,app crash,negative,12,yes,Alice,medium
C1079,2026-03-05,electronics,laptop,social media,east,2,Review,bad packaging,negative,4,no,Esha,high
C1047,2025-03-11,home,kitchen,website,south,4,Average,Highly recommend,positive,8,no,Chris,low
C1033,2025-03-27,fashion,men,survey,north,5,Good,Excellent product,positive,14,yes,Alice,medium
C1186,2025-12-20,fashion,men,email,north,4,Good,Highly recommend,positive,5,yes,Esha,high
C1255,2025-04-04,fashion,women,website,west,3,Average,nothing special,neutral,6,no,Deepa,low
C1194,2025-05-29,beauty,skin,mobile app,south,1,Good,bad packaging,negative,6,no,Esha,high
C1288,2025-05-06,electronics,laptop,email,west,3,Good,acceptable,neutral,4,yes,Deepa,high
C1246,2025-02-02,fashion,men,website,west,1,Good,late delivery,negative,11,yes,Esha,medium
C1073,2026-04-16,home,kitchen,website,south,2,Bad,poor quality,negative,7,yes,Chris,medium
C1296,2025-09-06,home,furniture,survey,south,2,Review,late delivery,negative,3,no,Deepa,high
C1124,2025-01-05,home,furniture,mobile app,east,5,Average,Loved it,positive,1,yes,Deepa,high
C1209,2026-05-12,fashion,men,mobile app,north,5,No Title,Great support,positive,5,yes,Esha,high
C1177,2026-05-07,grocery,food,website,north,5,No Title,Highly recommend,positive,13,yes,Deepa,high
C1013,2025-11-01,electronics,mobile,email,east,5,Review,Fast delivery,positive,10,no,Alice,low
C1160,2025-09-15,home,furniture,website,east,1,No Title,support not helpful,negative,2,yes,Deepa,medium
C1203,2026-02-09,grocery,food,social media,south,1,Review,bad packaging,negative,2,no,Chris,low
C1113,2025-03-03,electronics,mobile,email,north,1,Bad,bad packaging,negative,10,no,Esha,low
C1030,2026-02-04,home,furniture,email,south,2,Good,poor quality,negative,3,yes,Alice,low
C1190,2025-08-30,home,kitchen,mobile app,south,3,Bad,okay product,neutral,2,no,Chris,medium
C1034,2025-03-01,electronics,laptop,social media,east,1,Good,app crash,negative,11,yes,Alice,medium
C1106,2025-05-19,beauty,skin,email,north,5,Bad,Fast delivery,positive,11,yes,Deepa,high
C1200,2026-01-25,grocery,beverage,survey,north,1,Average,late delivery,negative,13,yes,Deepa,medium
C1185,2025-06-25,electronics,mobile,social media,west,1,No Title,poor quality,negative,5,no,Deepa,low
C1130,2025-01-06,beauty,skin,survey,west,3,No Title,okay product,neutral,7,yes,Bob,low
C1218,2026-01-15,electronics,mobile,website,south,2,Review,late delivery,negative,15,yes,Esha,medium
C1296,2025-10-16,electronics,mobile,mobile app,east,4,No Title,Fast delivery,positive,10,yes,Deepa,low
C1298,2025-05-30,home,furniture,website,east,4,Review,No Feedback,positive,4,no,Bob,high
C1053,2025-02-03,grocery,beverage,website,south,4,Bad,Fast delivery,positive,15,yes,Chris,low
C1032,2025-01-12,grocery,food,email,south,3,Good,nothing special,neutral,5,no,Deepa,low
C1036,2025-03-23,electronics,mobile,survey,south,5,Good,Fast delivery,positive,3,yes,Esha,low
C1270,2025-07-26,beauty,skin,email,west,4,Bad,Excellent product,positive,3,no,Alice,high
C1077,2025-12-05,electronics,laptop,mobile app,north,1,Average,support not helpful,negative,13,yes,Alice,medium
C1222,2025-10-05,grocery,food,website,south,2,Bad,app crash,negative,3,yes,Alice,low
C1107,2026-03-15,grocery,food,social media,north,2,No Title,support not helpful,negative,5,no,Alice,high
C1026,2025-01-04,grocery,beverage,survey,west,4,Bad,Excellent product,positive,1,no,Esha,high
C1169,2025-02-12,grocery,beverage,survey,south,4,Average,Highly recommend,positive,5,no,Esha,medium
C1193,2025-01-22,electronics,mobile,email,east,4,Bad,Excellent product,positive,5,no,Deepa,low
C1284,2025-02-23,beauty,hair,survey,east,1,Good,app crash,negative,1,yes,Bob,high
C1174,2025-01-26,grocery,beverage,website,west,1,Review,support not helpful,negative,13,no,Chris,high
C1158,2025-10-19,fashion,women,survey,east,5,Good,Fast delivery,positive,13,no,Bob,low
C1204,2025-05-05,beauty,hair,email,south,4,Average,Fast delivery,positive,6,yes,Chris,high
C1102,2026-04-24,home,furniture,website,north,3,Average,okay product,neutral,13,yes,Alice,low
C1093,2025-12-11,grocery,beverage,website,north,1,Review,support not helpful,negative,7,no,Esha,low
C1124,2025-02-22,grocery,food,mobile app,west,4,Good,Great support,positive,8,yes,Bob,medium
C1059,2025-07-19,grocery,food,website,east,4,Good,Fast delivery,positive,2,no,Chris,high
C1026,2025-07-30,fashion,men,mobile app,east,2,Review,support not helpful,negative,10,no,Esha,medium
C1166,2026-01-11,grocery,beverage,website,south,2,Bad,app crash,negative,12,yes,Chris,high
C1039,2025-11-15,grocery,beverage,mobile app,east,3,Bad,works fine,neutral,2,no,Chris,high
C1233,2025-12-21,home,kitchen,survey,west,5,Bad,Fast delivery,positive,7,no,Chris,medium
C1164,2025-01-19,beauty,skin,website,east,1,No Title,bad packaging,negative,9,no,Deepa,low
C1164,2025-09-11,fashion,men,survey,west,4,Bad,No Feedback,positive,8,no,Esha,high
C1147,2025-10-06,fashion,men,email,south,3,Average,works fine,neutral,9,no,Esha,low
C1286,2025-02-01,home,furniture,mobile app,north,2,Bad,No Feedback,negative,7,yes,Chris,medium
C1025,2025-04-23,grocery,beverage,website,south,3,Bad,works fine,neutral,14,no,Bob,high
C1055,2025-09-11,home,furniture,social media,south,2,Average,bad packaging,negative,14,yes,Chris,high
C1066,2025-09-17,fashion,men,survey,north,3,Review,works fine,neutral,4,no,Alice,low
C1269,2025-03-12,beauty,hair,website,east,3,No Title,No Feedback,neutral,9,no,Alice,medium
C1300,2025-07-09,electronics,mobile,website,south,5,No Title,Great support,positive,13,no,Deepa,high
C1027,2025-08-29,electronics,mobile,mobile app,south,2,Bad,poor quality,negative,1,no,Chris,high
C1054,2026-01-08,beauty,skin,mobile app,east,1,Good,app crash,negative,14,no,Deepa,high
C1284,2025-04-08,fashion,men,social media,south,5,No Title,Great support,positive,15,no,Chris,low
C1026,2025-11-06,electronics,mobile,survey,east,2,No Title,app crash,negative,4,no,Alice,medium
C1207,2025-04-17,fashion,women,website,east,2,Average,late delivery,negative,11,yes,Bob,high
C1124,2025-02-10,grocery,food,email,west,1,Average,app crash,negative,9,yes,Esha,medium
C1245,2025-11-26,grocery,food,email,west,3,Good,okay product,neutral,14,no,Deepa,high
C1148,2025-10-26,grocery,food,website,west,2,Bad,support not helpful,negative,6,yes,Alice,medium
C1015,2025-12-25,electronics,mobile,mobile app,west,3,Bad,okay product,neutral,5,no,Chris,high
C1194,2026-01-19,fashion,men,email,north,5,Bad,Loved it,positive,10,no,Alice,high
C1030,2025-04-07,electronics,mobile,website,east,3,Good,acceptable,neutral,8,yes,Chris,low
C1072,2026-02-11,grocery,beverage,email,west,4,Review,Loved it,positive,10,no,Deepa,low
C1089,2025-02-17,electronics,laptop,website,west,1,No Title,late delivery,negative,15,yes,Bob,high
C1276,2025-04-10,electronics,laptop,email,south,5,Average,Highly recommend,positive,2,yes,Alice,high
C1084,2025-12-02,home,furniture,mobile app,south,1,No Title,bad packaging,negative,15,yes,Esha,high
C1198,2025-02-02,home,kitchen,website,north,5,Bad,Highly recommend,positive,4,no,Deepa,high
C1132,2025-03-31,beauty,skin,mobile app,south,1,Good,No Feedback,negative,2,yes,Bob,low
C1017,2026-01-02,electronics,mobile,survey,east,3,Good,acceptable,neutral,2,no,Esha,medium
C1204,2025-10-24,beauty,skin,website,west,5,No Title,Excellent product,positive,7,yes,Chris,low
C1223,2025-03-15,grocery,beverage,website,south,3,Good,average experience,neutral,6,no,Alice,high
C1056,2025-09-20,grocery,beverage,social media,east,5,Bad,Loved it,positive,14,no,Esha,low
C1257,2025-07-21,home,furniture,mobile app,south,4,Average,Excellent product,positive,13,no,Alice,high
C1241,2026-01-30,beauty,hair,website,north,2,Average,poor quality,negative,11,yes,Deepa,low
C1013,2026-02-12,home,kitchen,mobile app,west,2,Bad,poor quality,negative,5,yes,Deepa,low
C1106,2025-08-08,beauty,hair,email,south,4,Average,Excellent product,positive,2,no,Bob,low
C1225,2025-07-14,beauty,skin,survey,east,1,Good,app crash,negative,10,yes,Bob,high
C1054,2025-02-08,fashion,men,email,west,1,Bad,late delivery,negative,3,no,Chris,medium
C1026,2025-10-20,electronics,mobile,email,north,5,Review,Great support,positive,2,yes,Chris,medium
C1179,2025-09-21,fashion,women,email,south,3,Good,okay product,neutral,15,no,Bob,medium
C1110,2025-04-13,grocery,beverage,survey,south,1,No Title,support not helpful,negative,8,no,Alice,medium
C1012,2025-06-03,grocery,beverage,survey,north,5,Bad,Loved it,positive,6,no,Bob,medium
C1057,2025-05-19,beauty,hair,email,north,1,Bad,poor quality,negative,7,no,Esha,high
C1066,2025-05-14,fashion,women,social media,south,4,Good,Great support,positive,14,yes,Bob,medium
C1001,2025-02-21,fashion,women,email,south,2,Average,bad packaging,negative,7,no,Esha,medium
C1224,2025-04-24,home,kitchen,email,east,4,No Title,Fast delivery,positive,5,yes,Esha,low
C1023,2025-11-16,home,furniture,survey,south,2,No Title,bad packaging,negative,9,no,Esha,high
C1032,2026-02-16,beauty,hair,mobile app,south,5,Bad,Fast delivery,positive,4,yes,Bob,medium
C1022,2025-01-16,grocery,food,social media,north,3,Bad,okay product,neutral,4,no,Esha,low
C1294,2025-04-16,beauty,hair,website,north,4,Bad,Great support,positive,10,yes,Chris,high
C1169,2026-04-22,grocery,beverage,email,north,4,No Title,Loved it,positive,7,no,Esha,high
C1030,2025-12-30,beauty,hair,mobile app,east,3,Bad,nothing special,neutral,13,no,Bob,medium
C1126,2025-09-09,grocery,food,survey,west,3,Average,acceptable,neutral,14,yes,Deepa,high
C1234,2026-01-19,grocery,food,website,west,2,No Title,late delivery,negative,15,yes,Bob,medium
C1052,2026-01-31,fashion,men,survey,west,2,Review,support not helpful,negative,1,yes,Alice,low
C1235,2026-04-20,beauty,hair,website,west,5,Review,Highly recommend,positive,13,no,Chris,medium
C1282,2025-03-30,home,kitchen,mobile app,east,5,Good,Great support,positive,4,yes,Bob,medium
C1187,2025-09-06,fashion,men,survey,south,5,Good,Great support,positive,10,no,Deepa,high
C1182,2026-02-08,fashion,women,survey,west,5,Review,Great support,positive,13,no,Bob,medium
C1193,2025-10-05,grocery,food,website,north,3,Review,nothing special,neutral,8,no,Chris,high
C1226,2025-11-27,home,kitchen,email,west,5,Review,Great support,positive,4,yes,Chris,low
C1258,2025-08-04,electronics,mobile,social media,west,4,Good,Highly recommend,positive,9,yes,Chris,low
C1021,2025-02-20,beauty,skin,website,south,5,Good,Loved it,positive,3,no,Bob,high
C1140,2025-07-07,beauty,hair,survey,north,5,Average,Highly recommend,positive,4,yes,Chris,medium
C1099,2025-05-29,beauty,skin,mobile app,south,1,Review,poor quality,negative,6,yes,Deepa,low
C1230,2025-02-05,home,kitchen,email,north,5,Bad,Excellent product,positive,4,yes,Deepa,medium
C1055,2025-07-23,beauty,skin,social media,west,5,Average,Highly recommend,positive,15,no,Chris,medium
C1042,2025-08-11,home,kitchen,social media,north,3,Good,okay product,neutral,13,no,Bob,high
C1102,2025-01-25,grocery,food,mobile app,west,2,No Title,bad packaging,negative,13,no,Deepa,low
C1177,2025-07-04,home,furniture,social media,west,5,Good,Fast delivery,positive,2,no,Bob,medium
C1143,2025-06-28,grocery,food,survey,south,2,Average,bad packaging,negative,4,no,Bob,medium
C1279,2025-10-30,home,furniture,mobile app,south,5,Bad,Fast delivery,positive,1,no,Esha,high
C1204,2025-06-02,beauty,skin,email,south,3,Bad,okay product,neutral,2,yes,Bob,low
C1133,2025-04-02,fashion,men,email,south,2,No Title,No Feedback,negative,3,yes,Bob,low
C1004,2025-07-22,home,kitchen,website,west,5,Average,Fast delivery,positive,6,yes,Bob,medium
C1110,2026-04-06,fashion,women,mobile app,north,3,Review,acceptable,neutral,11,yes,Esha,low
C1256,2025-07-19,fashion,women,mobile app,east,2,Bad,late delivery,negative,9,no,Chris,low
C1020,2025-04-03,beauty,hair,website,north,5,Average,Fast delivery,positive,13,yes,Alice,high
C1153,2025-10-18,beauty,hair,website,east,1,Average,poor quality,negative,1,no,Alice,low
C1057,2025-10-13,home,kitchen,website,south,4,Good,Great support,positive,4,yes,Alice,medium
C1118,2026-04-05,electronics,laptop,email,east,2,Good,app crash,negative,14,no,Chris,medium
C1114,2025-12-05,beauty,skin,email,north,4,Review,No Feedback,positive,5,no,Bob,high
C1053,2025-12-22,beauty,skin,survey,north,5,Average,Loved it,positive,1,yes,Esha,high
C1229,2025-11-19,home,kitchen,survey,south,3,Good,works fine,neutral,14,no,Chris,low
C1161,2025-01-31,home,furniture,website,south,3,Review,works fine,neutral,11,yes,Chris,high
C1007,2025-04-18,beauty,skin,mobile app,west,2,Average,support not helpful,negative,13,yes,Chris,high
C1184,2025-11-21,home,furniture,survey,south,1,Good,poor quality,negative,5,no,Bob,high
C1163,2025-08-17,home,furniture,mobile app,west,1,No Title,support not helpful,negative,3,no,Chris,high
C1189,2026-01-17,grocery,beverage,social media,east,4,Average,Great support,positive,5,no,Alice,high
C1009,2026-01-09,grocery,beverage,mobile app,south,4,Average,Loved it,positive,1,no,Bob,high
C1028,2025-02-13,home,furniture,website,south,5,Average,Excellent product,positive,14,yes,Chris,high
C1191,2025-07-07,beauty,hair,social media,north,3,No Title,average experience,neutral,8,yes,Bob,high
C1195,2025-11-24,fashion,women,social media,east,2,Average,late delivery,negative,2,yes,Alice,low
C1162,2025-07-02,electronics,mobile,website,south,3,Good,acceptable,neutral,4,yes,Chris,low
C1041,2025-11-22,electronics,mobile,mobile app,north,2,No Title,poor quality,negative,2,yes,Alice,high
C1041,2025-01-10,beauty,hair,mobile app,east,5,Bad,Loved it,positive,10,no,Chris,high
C1181,2025-10-18,grocery,food,mobile app,west,4,Average,No Feedback,positive,11,yes,Esha,high
C1168,2026-03-06,electronics,laptop,social media,south,3,Review,works fine,neutral,14,yes,Bob,low
C1295,2025-09-29,fashion,women,website,north,3,Bad,acceptable,neutral,14,no,Deepa,low
C1055,2025-05-04,home,kitchen,survey,west,1,Good,support not helpful,negative,13,yes,Esha,medium
C1044,2026-03-09,fashion,women,website,south,4,Bad,Excellent product,positive,9,no,Alice,high
C1115,2025-01-27,electronics,mobile,mobile app,west,3,Average,nothing special,neutral,13,yes,Alice,low
C1261,2025-07-30,beauty,skin,survey,south,5,Average,Loved it,positive,5,yes,Alice,low
C1243,2025-08-22,home,furniture,website,south,5,Review,Highly recommend,positive,12,yes,Bob,medium
C1218,2026-04-05,electronics,mobile,website,south,3,No Title,No Feedback,neutral,4,no,Deepa,high
C1246,2025-12-10,fashion,men,social media,east,4,Bad,Fast delivery,positive,9,no,Esha,high
C1072,2025-01-23,fashion,men,website,north,4,Bad,Highly recommend,positive,13,no,Alice,high
C1057,2025-06-26,beauty,skin,survey,south,4,Bad,Loved it,positive,4,no,Deepa,low
C1060,2026-01-22,home,furniture,website,east,2,Bad,poor quality,negative,8,yes,Chris,low
C1233,2025-06-03,home,kitchen,website,north,3,Average,okay product,neutral,7,no,Esha,medium
C1263,2025-05-18,beauty,skin,website,west,5,Review,Excellent product,positive,11,no,Bob,high
C1156,2025-02-10,grocery,beverage,mobile app,south,4,Average,Highly recommend,positive,11,yes,Chris,high
C1281,2025-01-05,electronics,laptop,website,west,5,Average,Loved it,positive,2,yes,Deepa,high
C1012,2025-11-02,beauty,hair,website,south,5,Good,Highly recommend,positive,9,no,Esha,medium
C1055,2025-11-28,beauty,hair,email,north,4,Good,Loved it,positive,12,no,Deepa,high
C1025,2026-04-23,beauty,skin,social media,north,4,Good,Loved it,positive,13,yes,Chris,high
C1127,2026-01-21,electronics,laptop,website,south,2,Good,support not helpful,negative,2,no,Bob,high
C1156,2026-01-27,beauty,skin,email,east,2,Review,poor quality,negative,6,no,Chris,high
C1144,2026-03-06,home,kitchen,mobile app,east,5,No Title,Fast delivery,positive,14,yes,Bob,high
C1291,2025-08-06,fashion,women,email,north,1,Average,bad packaging,negative,13,yes,Deepa,high
C1251,2026-01-15,home,kitchen,mobile app,south,2,No Title,bad packaging,negative,2,yes,Deepa,medium
C1164,2025-05-16,fashion,men,website,north,1,Good,app crash,negative,2,no,Deepa,medium
C1285,2025-06-05,beauty,skin,website,south,5,Average,Loved it,positive,6,no,Bob,high
C1182,2025-12-13,home,kitchen,survey,south,5,Good,Great support,positive,9,no,Esha,medium
C1105,2026-02-11,electronics,mobile,survey,north,1,Review,bad packaging,negative,4,yes,Deepa,low
C1138,2025-03-01,home,furniture,mobile app,north,1,Bad,bad packaging,negative,5,no,Esha,high
C1259,2026-02-01,grocery,food,mobile app,north,1,Average,bad packaging,negative,7,no,Esha,high
C1018,2025-02-14,grocery,food,mobile app,south,3,Bad,acceptable,neutral,4,yes,Chris,medium
C1071,2025-05-27,grocery,beverage,website,south,2,No Title,poor quality,negative,8,yes,Deepa,high
C1196,2026-04-18,home,kitchen,mobile app,south,1,No Title,poor quality,negative,13,yes,Alice,high
C1051,2025-11-26,fashion,women,survey,north,2,Good,poor quality,negative,5,no,Chris,low
C1233,2026-03-29,beauty,skin,website,west,3,Average,average experience,neutral,3,no,Bob,low
C1027,2025-11-08,fashion,men,mobile app,south,4,No Title,Highly recommend,positive,9,yes,Deepa,high
C1155,2026-02-25,electronics,mobile,email,east,1,No Title,poor quality,negative,10,no,Bob,medium
C1096,2025-09-30,fashion,men,survey,south,1,Average,app crash,negative,6,no,Chris,high
C1147,2025-06-17,electronics,laptop,email,west,3,No Title,works fine,neutral,4,no,Chris,high
C1181,2026-05-11,grocery,food,social media,south,4,Bad,Great support,positive,12,no,Alice,high
C1292,2026-01-17,electronics,mobile,website,west,4,Bad,Loved it,positive,15,no,Deepa,high
C1257,2025-08-27,grocery,beverage,survey,north,3,Average,nothing special,neutral,9,no,Alice,high
C1113,2025-09-10,beauty,skin,mobile app,east,3,Review,nothing special,neutral,13,no,Alice,high
C1101,2026-01-23,home,furniture,mobile app,north,5,Good,Highly recommend,positive,12,yes,Chris,high
C1045,2025-01-29,beauty,hair,email,east,4,Good,Highly recommend,positive,15,no,Alice,medium
C1193,2025-03-18,fashion,men,social media,south,1,Average,bad packaging,negative,5,yes,Bob,high
C1299,2025-06-02,home,kitchen,survey,south,5,Bad,Highly recommend,positive,9,yes,Bob,medium
C1188,2026-04-16,beauty,hair,email,south,3,Good,nothing special,neutral,13,yes,Alice,low
C1156,2026-05-03,fashion,men,mobile app,south,1,Review,late delivery,negative,6,no,Bob,medium
C1285,2025-12-05,beauty,hair,website,west,3,No Title,works fine,neutral,14,yes,Alice,medium
C1042,2025-03-02,fashion,men,survey,north,5,Good,Great support,positive,13,no,Esha,high
C1210,2026-03-04,fashion,women,email,south,3,Bad,average experience,neutral,5,yes,Deepa,low
C1132,2025-01-06,electronics,mobile,survey,east,5,Average,Highly recommend,positive,5,yes,Alice,high
C1013,2026-03-23,beauty,skin,website,north,5,No Title,Great support,positive,11,no,Deepa,high
C1065,2025-09-16,electronics,mobile,mobile app,south,2,No Title,app crash,negative,3,yes,Chris,low
C1121,2025-09-06,grocery,beverage,website,west,2,No Title,poor quality,negative,4,no,Bob,low
C1180,2026-01-02,beauty,skin,social media,west,3,Bad,acceptable,neutral,9,no,Alice,high
C1208,2025-10-17,fashion,women,survey,north,4,Review,Loved it,positive,13,yes,Esha,high
C1111,2025-10-22,fashion,women,website,south,5,Good,Fast delivery,positive,3,no,Chris,low
C1063,2025-06-06,fashion,women,mobile app,south,3,Bad,nothing special,neutral,2,yes,Deepa,low
C1090,2025-10-23,home,furniture,social media,west,4,No Title,Excellent product,positive,3,no,Deepa,low
C1224,2025-01-06,beauty,skin,survey,west,3,Average,acceptable,neutral,8,no,Chris,high
C1255,2025-07-29,home,furniture,survey,north,4,Bad,Fast delivery,positive,8,no,Deepa,high
C1082,2025-05-20,grocery,food,website,east,1,Bad,app crash,negative,14,yes,Alice,high
C1284,2025-11-28,fashion,women,survey,east,5,No Title,Highly recommend,positive,14,yes,Chris,high
C1277,2025-09-14,fashion,men,mobile app,east,5,Average,Great support,positive,10,no,Chris,low
C1248,2025-06-02,home,furniture,social media,east,3,No Title,nothing special,neutral,11,no,Chris,high
C1007,2025-01-07,home,kitchen,email,south,3,Bad,works fine,neutral,14,yes,Alice,high
C1076,2026-01-19,beauty,hair,website,south,2,Review,bad packaging,negative,13,yes,Esha,low
C1038,2025-10-21,electronics,laptop,survey,north,4,Review,Highly recommend,positive,4,no,Bob,high
C1157,2025-06-04,electronics,laptop,mobile app,south,1,Bad,support not helpful,negative,1,no,Deepa,high
C1035,2025-06-09,beauty,skin,website,north,5,No Title,Fast delivery,positive,14,no,Alice,medium
C1149,2025-07-28,fashion,men,website,east,5,Average,Highly recommend,positive,2,no,Deepa,high
C1155,2025-12-05,grocery,beverage,email,east,1,Review,No Feedback,negative,3,yes,Alice,medium
C1013,2025-02-22,home,kitchen,email,west,5,Review,Fast delivery,positive,12,yes,Chris,high
C1291,2025-11-07,beauty,skin,survey,west,4,Bad,Highly recommend,positive,10,yes,Esha,medium
C1252,2025-04-26,fashion,men,website,south,1,Good,app crash,negative,15,yes,Esha,low
C1174,2026-03-30,beauty,hair,social media,north,2,No Title,No Feedback,negative,3,yes,Deepa,medium
C1080,2025-07-11,electronics,mobile,email,west,5,Good,Loved it,positive,14,yes,Alice,high
C1168,2025-06-26,fashion,men,social media,north,2,Average,poor quality,negative,3,yes,Esha,high
C1231,2025-01-03,beauty,hair,mobile app,south,2,Review,late delivery,negative,7,yes,Esha,high
C1168,2025-07-12,grocery,beverage,mobile app,south,4,Review,Fast delivery,positive,5,yes,Deepa,high
C1178,2025-11-04,electronics,mobile,email,east,2,Average,bad packaging,negative,10,no,Bob,medium
C1261,2025-06-14,fashion,men,social media,west,3,No Title,No Feedback,neutral,4,yes,Bob,medium
C1102,2025-01-24,fashion,men,survey,south,1,Review,app crash,negative,6,no,Deepa,high
C1256,2025-03-15,electronics,laptop,website,north,4,Average,Loved it,positive,2,yes,Alice,high
C1174,2025-08-05,electronics,mobile,website,east,3,Bad,nothing special,neutral,2,no,Bob,medium
C1246,2026-04-23,fashion,women,mobile app,south,4,Bad,Loved it,positive,14,yes,Deepa,high
C1204,2025-10-05,grocery,beverage,website,east,2,Good,bad packaging,negative,9,no,Esha,low
C1148,2025-01-08,grocery,food,mobile app,west,3,Review,works fine,neutral,15,yes,Alice,high
C1283,2025-12-22,home,furniture,survey,north,1,Review,No Feedback,negative,3,yes,Chris,high
C1023,2026-02-21,fashion,men,email,west,4,Good,Highly recommend,positive,8,yes,Bob,high
C1234,2025-06-04,home,furniture,survey,west,2,Bad,late delivery,negative,1,no,Chris,high
C1017,2026-01-10,beauty,skin,mobile app,north,5,Average,Highly recommend,positive,12,yes,Deepa,low
C1287,2025-09-17,beauty,skin,social media,south,2,No Title,support not helpful,negative,3,no,Bob,high
C1064,2025-11-09,grocery,food,website,west,2,Bad,support not helpful,negative,4,no,Bob,medium
C1250,2025-08-26,home,kitchen,survey,north,1,Average,support not helpful,negative,8,no,Esha,low
C1081,2025-05-31,home,kitchen,survey,south,4,Average,Loved it,positive,7,yes,Chris,medium
C1183,2025-09-24,home,furniture,social media,south,5,Bad,Highly recommend,positive,7,no,Deepa,low
C1255,2025-02-02,electronics,mobile,survey,west,5,Bad,Great support,positive,13,no,Deepa,low
C1119,2025-08-15,electronics,laptop,email,west,1,Bad,bad packaging,negative,13,no,Alice,high
C1208,2025-03-29,beauty,hair,social media,south,1,Review,poor quality,negative,8,no,Bob,medium
C1111,2025-02-25,beauty,skin,mobile app,west,1,Good,app crash,negative,15,no,Chris,low
C1282,2025-04-29,fashion,men,mobile app,north,4,No Title,Loved it,positive,6,yes,Alice,high
C1049,2025-10-14,grocery,food,social media,west,5,Review,Excellent product,positive,5,no,Bob,high
C1228,2025-09-02,beauty,hair,mobile app,south,5,Average,Highly recommend,positive,15,yes,Esha,medium
C1187,2025-11-21,grocery,beverage,website,south,3,Review,acceptable,neutral,12,no,Deepa,low
C1128,2025-08-14,grocery,food,website,north,3,Bad,average experience,neutral,4,yes,Chris,medium
C1289,2025-06-05,fashion,women,social media,south,1,No Title,late delivery,negative,7,yes,Esha,medium
C1195,2025-02-23,grocery,beverage,website,south,4,Bad,Fast delivery,positive,11,no,Bob,high
C1204,2025-03-11,beauty,skin,survey,east,4,Review,Excellent product,positive,8,no,Deepa,high
C1261,2025-10-17,beauty,skin,website,south,5,Review,No Feedback,positive,3,no,Chris,high
C1271,2025-04-03,fashion,men,email,west,5,Bad,Fast delivery,positive,2,no,Deepa,medium
C1294,2025-02-23,home,furniture,survey,east,2,Bad,support not helpful,negative,1,no,Deepa,medium
C1054,2026-02-22,beauty,hair,social media,west,3,Average,average experience,neutral,1,no,Chris,medium
C1298,2025-12-14,home,kitchen,website,east,5,No Title,No Feedback,positive,12,yes,Esha,high
C1224,2026-02-21,home,furniture,mobile app,south,4,Average,Highly recommend,positive,3,yes,Chris,medium
C1066,2026-02-07,electronics,mobile,email,east,3,No Title,okay product,neutral,12,no,Alice,high
C1269,2026-03-11,beauty,skin,website,east,2,No Title,support not helpful,negative,9,yes,Alice,low
C1056,2026-01-02,grocery,beverage,email,south,5,No Title,Great support,positive,8,no,Chris,high
C1237,2026-01-15,electronics,laptop,website,west,1,Average,app crash,negative,14,yes,Esha,high
C1068,2025-05-17,electronics,laptop,social media,south,4,Good,Fast delivery,positive,4,no,Deepa,medium
C1062,2025-05-06,beauty,skin,social media,south,2,Good,late delivery,negative,1,no,Chris,high
C1200,2026-03-19,electronics,laptop,social media,west,3,No Title,No Feedback,neutral,14,yes,Alice,low
C1083,2026-01-24,fashion,women,email,west,4,Bad,Highly recommend,positive,5,yes,Esha,high
C1017,2025-06-18,home,kitchen,website,south,1,Good,support not helpful,negative,1,yes,Esha,medium
C1235,2026-04-13,home,kitchen,mobile app,west,5,Bad,Highly recommend,positive,14,no,Chris,medium
C1067,2025-06-07,electronics,laptop,website,north,3,No Title,average experience,neutral,14,yes,Alice,medium
C1011,2025-09-03,grocery,beverage,survey,south,4,Review,Excellent product,positive,8,yes,Alice,high
C1015,2026-02-27,electronics,mobile,website,east,4,Good,Excellent product,positive,12,yes,Deepa,medium
C1209,2025-02-24,grocery,beverage,mobile app,west,4,No Title,Highly recommend,positive,4,no,Bob,medium
C1282,2025-09-19,grocery,food,social media,west,1,Bad,app crash,negative,6,no,Esha,medium
C1140,2026-04-09,grocery,food,website,south,5,Bad,Highly recommend,positive,5,yes,Deepa,medium
C1280,2026-04-13,electronics,laptop,email,west,4,Good,Highly recommend,positive,15,no,Deepa,high
C1026,2026-02-10,electronics,mobile,email,south,1,No Title,late delivery,negative,13,no,Esha,high
C1067,2025-03-30,home,furniture,website,north,2,Good,late delivery,negative,2,yes,Esha,low
C1144,2025-01-20,fashion,women,social media,west,3,Bad,okay product,neutral,12,no,Esha,high
C1299,2026-04-02,grocery,food,mobile app,north,5,No Title,Excellent product,positive,8,yes,Alice,high
C1151,2026-03-04,grocery,food,social media,north,2,Review,late delivery,negative,11,yes,Esha,medium
C1141,2025-06-14,grocery,food,mobile app,south,1,Bad,poor quality,negative,8,yes,Esha,high
C1100,2025-09-29,electronics,laptop,mobile app,north,3,Bad,works fine,neutral,14,no,Chris,low
C1170,2025-02-05,grocery,food,mobile app,west,2,Bad,late delivery,negative,12,no,Alice,low
C1209,2025-10-05,electronics,mobile,website,south,2,Average,app crash,negative,1,no,Alice,high
C1290,2026-04-15,grocery,beverage,website,south,1,Good,late delivery,negative,12,no,Alice,medium
C1096,2026-03-10,grocery,food,mobile app,south,1,Average,bad packaging,negative,2,no,Deepa,high
C1080,2025-09-19,beauty,skin,website,north,4,Bad,Excellent product,positive,3,no,Deepa,medium
C1216,2025-05-17,fashion,women,email,east,5,Review,No Feedback,positive,11,yes,Esha,high
C1278,2025-03-08,beauty,hair,email,south,5,Good,Fast delivery,positive,13,yes,Esha,high
C1117,2025-04-13,beauty,hair,mobile app,east,3,Review,No Feedback,neutral,2,no,Chris,medium
C1021,2025-09-14,electronics,mobile,mobile app,east,2,Bad,late delivery,negative,13,no,Chris,low
C1157,2025-08-30,grocery,food,website,north,1,Average,bad packaging,negative,11,yes,Bob,high
C1283,2025-12-05,home,furniture,email,south,5,Review,Excellent product,positive,11,yes,Chris,high
C1293,2025-07-22,grocery,beverage,website,south,4,No Title,Loved it,positive,12,no,Alice,high
C1224,2026-05-16,electronics,laptop,mobile app,west,2,Average,app crash,negative,7,no,Bob,medium
C1161,2026-02-04,electronics,mobile,website,south,1,Good,support not helpful,negative,10,no,Esha,high
C1250,2025-07-21,grocery,beverage,website,south,3,Bad,average experience,neutral,7,yes,Chris,high
C1220,2026-05-10,fashion,men,survey,south,5,Good,No Feedback,positive,15,yes,Esha,high
C1209,2025-03-21,home,kitchen,website,north,2,Average,late delivery,negative,4,yes,Alice,high
C1207,2026-01-22,home,kitchen,survey,south,1,Review,support not helpful,negative,6,no,Chris,high
C1004,2025-07-28,grocery,food,website,south,1,No Title,late delivery,negative,14,yes,Bob,high
C1254,2026-02-15,fashion,men,social media,north,5,No Title,Fast delivery,positive,14,yes,Esha,high
C1062,2025-08-10,electronics,laptop,social media,south,1,No Title,late delivery,negative,4,no,Esha,high
C1126,2025-01-26,electronics,laptop,social media,north,3,Bad,average experience,neutral,9,yes,Deepa,medium
C1072,2025-08-03,electronics,mobile,website,south,2,Review,app crash,negative,14,no,Esha,high
C1052,2026-03-15,beauty,skin,website,west,3,Good,acceptable,neutral,15,no,Esha,medium
C1131,2025-03-24,electronics,laptop,mobile app,north,4,Review,Great support,positive,7,yes,Bob,medium
C1094,2025-07-08,beauty,hair,mobile app,south,2,No Title,app crash,negative,6,no,Esha,low
C1075,2026-01-15,home,kitchen,survey,south,1,Bad,support not helpful,negative,4,no,Alice,medium
C1273,2025-10-17,home,furniture,email,south,5,No Title,Great support,positive,9,yes,Deepa,low
C1142,2025-03-29,home,kitchen,social media,east,1,Bad,support not helpful,negative,1,no,Esha,low
C1014,2025-08-06,fashion,men,website,north,1,Average,bad packaging,negative,2,yes,Deepa,high
C1300,2025-05-06,electronics,mobile,website,west,2,Bad,poor quality,negative,14,no,Chris,high
C1289,2025-10-18,home,kitchen,social media,south,5,Review,Excellent product,positive,14,yes,Alice,medium
C1227,2026-01-01,grocery,food,mobile app,east,2,Average,app crash,negative,13,no,Deepa,high
C1264,2025-11-03,fashion,men,mobile app,south,3,Good,average experience,neutral,8,no,Bob,medium
C1062,2026-03-09,electronics,laptop,website,west,3,Review,average experience,neutral,8,no,Bob,high
C1234,2025-10-11,fashion,women,website,south,5,Average,Highly recommend,positive,6,no,Deepa,low
C1059,2025-02-17,beauty,hair,website,east,2,Bad,poor quality,negative,5,yes,Chris,high
C1248,2026-01-11,beauty,skin,social media,east,5,Bad,Excellent product,positive,5,yes,Alice,low
C1154,2026-02-28,home,kitchen,survey,east,1,Average,poor quality,negative,9,no,Alice,medium
C1047,2025-11-24,fashion,women,survey,north,4,Average,Highly recommend,positive,12,no,Bob,high
C1011,2025-09-29,electronics,mobile,website,south,1,Average,poor quality,negative,12,yes,Alice,high
C1204,2026-04-01,fashion,women,email,south,4,No Title,Fast delivery,positive,10,yes,Esha,high
C1053,2025-08-17,home,furniture,survey,west,2,Review,bad packaging,negative,15,no,Alice,low
C1192,2025-09-12,fashion,women,website,south,3,No Title,nothing special,neutral,2,no,Bob,low
C1256,2025-12-23,beauty,hair,website,south,4,No Title,Loved it,positive,11,no,Chris,medium
C1087,2025-03-10,fashion,men,website,south,1,Good,poor quality,negative,6,no,Bob,high
C1155,2026-04-29,grocery,beverage,social media,south,3,No Title,nothing special,neutral,13,no,Chris,high
C1132,2025-01-26,home,furniture,website,south,1,No Title,No Feedback,negative,13,yes,Chris,low
C1190,2025-05-17,beauty,skin,survey,north,3,Bad,acceptable,neutral,7,no,Chris,high
C1213,2025-10-06,electronics,laptop,survey,south,3,Review,average experience,neutral,3,no,Alice,high
C1287,2025-02-10,beauty,skin,website,east,5,Good,Fast delivery,positive,12,no,Deepa,medium
C1205,2025-03-20,beauty,hair,email,north,2,No Title,poor quality,negative,5,no,Chris,low
C1288,2025-04-21,grocery,food,social media,east,3,No Title,works fine,neutral,3,yes,Bob,medium
C1229,2026-04-23,electronics,mobile,social media,east,1,Average,bad packaging,negative,8,no,Bob,high
C1213,2025-09-18,electronics,laptop,website,south,5,Good,Highly recommend,positive,14,no,Bob,medium
C1291,2025-04-10,fashion,women,social media,north,3,Good,okay product,neutral,3,yes,Alice,medium
C1127,2025-02-11,beauty,hair,website,north,3,Review,okay product,neutral,14,no,Esha,low
C1258,2025-04-01,beauty,skin,mobile app,north,2,No Title,support not helpful,negative,7,no,Esha,high
C1190,2026-05-14,beauty,hair,social media,west,1,Average,late delivery,negative,13,no,Esha,medium
C1008,2025-09-24,fashion,women,social media,west,4,No Title,Great support,positive,1,yes,Bob,high
C1262,2025-11-13,fashion,women,social media,south,4,Bad,Excellent product,positive,2,yes,Bob,high
C1166,2026-05-11,home,kitchen,website,south,4,No Title,Loved it,positive,11,yes,Chris,high
C1221,2026-04-05,fashion,women,website,east,3,Good,average experience,neutral,1,yes,Alice,high
C1097,2026-03-11,electronics,laptop,website,east,1,Average,bad packaging,negative,13,no,Esha,high
C1024,2025-03-21,beauty,hair,email,south,2,Good,bad packaging,negative,15,yes,Bob,high
C1180,2025-01-28,fashion,men,website,south,5,Average,Fast delivery,positive,6,yes,Chris,high
C1012,2025-05-23,home,kitchen,website,north,3,Average,average experience,neutral,4,yes,Chris,high
C1214,2026-01-22,home,kitchen,social media,east,1,Average,app crash,negative,12,no,Esha,high
C1031,2025-06-13,fashion,women,social media,north,3,Review,okay product,neutral,2,no,Esha,medium
C1222,2025-04-28,fashion,men,website,south,3,Good,okay product,neutral,3,yes,Alice,low
C1071,2026-02-22,fashion,men,survey,south,3,No Title,works fine,neutral,5,yes,Bob,low
C1066,2025-01-27,fashion,men,website,south,3,No Title,okay product,neutral,12,yes,Bob,medium
C1005,2025-02-28,fashion,women,email,north,1,Average,poor quality,negative,8,yes,Esha,high
C1157,2025-06-25,fashion,men,mobile app,west,2,Bad,poor quality,negative,7,yes,Esha,low
C1010,2025-06-12,home,furniture,survey,west,5,Review,Excellent product,positive,13,no,Esha,medium
C1233,2025-03-21,beauty,hair,social media,west,3,Average,okay product,neutral,2,no,Deepa,medium
C1281,2025-05-22,beauty,hair,website,south,2,No Title,bad packaging,negative,3,yes,Bob,medium
C1226,2026-02-09,grocery,food,website,west,4,Bad,Great support,positive,2,yes,Chris,low
C1060,2025-01-10,grocery,food,website,north,5,Bad,Loved it,positive,5,yes,Bob,medium
C1058,2026-03-25,grocery,food,social media,north,4,Bad,Great support,positive,13,no,Bob,medium
C1244,2025-03-18,electronics,mobile,email,north,5,Good,Fast delivery,positive,2,no,Deepa,medium
C1223,2025-11-06,beauty,skin,mobile app,south,4,Review,No Feedback,positive,14,no,Deepa,low
C1190,2025-07-23,home,furniture,website,north,4,No Title,No Feedback,positive,6,no,Esha,high
C1221,2026-03-11,beauty,hair,mobile app,south,3,No Title,okay product,neutral,8,yes,Chris,high
C1177,2025-01-12,grocery,food,website,west,3,Average,works fine,neutral,11,no,Alice,medium
C1202,2025-01-26,grocery,food,social media,north,4,Review,Great support,positive,7,no,Chris,low
C1144,2025-05-25,grocery,food,mobile app,south,2,Bad,late delivery,negative,4,no,Bob,medium
C1199,2025-12-20,home,furniture,website,north,1,No Title,bad packaging,negative,6,no,Alice,low
C1073,2025-07-25,fashion,women,website,east,2,Bad,poor quality,negative,4,no,Esha,medium
C1020,2025-07-03,beauty,skin,website,north,4,No Title,No Feedback,positive,9,no,Alice,low
C1216,2025-05-08,fashion,men,survey,south,3,No Title,average experience,neutral,15,no,Chris,medium
C1094,2025-11-10,beauty,hair,social media,south,4,Bad,Fast delivery,positive,4,yes,Esha,low
C1261,2025-08-27,home,furniture,email,east,5,Good,Excellent product,positive,7,yes,Alice,medium
C1276,2026-03-13,beauty,hair,website,south,5,No Title,Loved it,positive,6,yes,Bob,high
C1270,2025-12-01,grocery,beverage,website,east,5,Bad,No Feedback,positive,15,yes,Esha,low
C1167,2026-05-16,fashion,women,email,south,4,Review,Loved it,positive,9,yes,Deepa,medium
C1061,2025-03-03,beauty,skin,website,south,4,Average,Excellent product,positive,5,no,Deepa,high
C1196,2025-05-26,beauty,hair,email,south,4,No Title,Excellent product,positive,5,no,Esha,low
C1153,2025-06-07,fashion,women,social media,south,1,Review,support not helpful,negative,4,yes,Deepa,high
C1098,2025-08-11,electronics,laptop,survey,east,5,Review,Loved it,positive,9,no,Bob,low
C1102,2025-05-12,fashion,men,email,east,1,Bad,support not helpful,negative,11,yes,Deepa,medium
C1148,2025-10-21,fashion,men,social media,east,1,Average,late delivery,negative,10,yes,Alice,high
C1223,2025-11-16,fashion,women,social media,east,2,Good,bad packaging,negative,3,no,Esha,high
C1246,2026-03-02,beauty,skin,website,south,4,No Title,Excellent product,positive,14,yes,Deepa,high
C1061,2025-03-01,fashion,men,social media,south,5,Bad,Excellent product,positive,7,no,Alice,low
C1110,2026-01-07,beauty,skin,email,south,5,Average,Loved it,positive,2,no,Alice,low
C1036,2025-10-17,home,furniture,mobile app,west,5,Bad,Great support,positive,11,yes,Bob,high
C1152,2026-02-01,electronics,mobile,website,north,1,Bad,poor quality,negative,1,yes,Bob,low
C1097,2025-10-23,beauty,hair,email,east,2,Review,bad packaging,negative,11,no,Bob,high
C1130,2025-06-29,home,kitchen,website,south,3,Review,acceptable,neutral,5,yes,Deepa,low
C1291,2025-08-14,beauty,hair,website,west,4,Bad,Excellent product,positive,5,yes,Bob,medium
C1232,2025-08-04,fashion,women,mobile app,south,1,Average,late delivery,negative,9,no,Alice,medium
C1254,2025-01-03,beauty,skin,mobile app,west,1,Review,poor quality,negative,5,no,Esha,high
C1211,2025-06-19,beauty,skin,social media,east,5,Average,Excellent product,positive,15,no,Bob,high
C1211,2025-09-09,grocery,food,social media,west,1,Bad,poor quality,negative,13,no,Bob,high
C1020,2026-05-04,electronics,laptop,mobile app,north,4,No Title,Loved it,positive,3,yes,Bob,high
C1182,2025-01-21,grocery,beverage,social media,west,5,Average,Great support,positive,15,yes,Bob,medium
C1009,2025-01-05,electronics,laptop,social media,south,3,Review,acceptable,neutral,10,yes,Deepa,medium
C1186,2025-02-17,electronics,mobile,website,west,5,Good,Great support,positive,3,no,Alice,medium
C1255,2025-11-02,grocery,beverage,website,east,2,Good,bad packaging,negative,6,no,Esha,high
C1087,2026-02-05,beauty,hair,website,north,3,Average,nothing special,neutral,14,no,Chris,high
C1032,2026-02-15,beauty,skin,email,east,2,Bad,late delivery,negative,13,yes,Deepa,medium
C1015,2025-03-17,home,kitchen,email,east,1,No Title,bad packaging,negative,3,yes,Alice,high
C1136,2026-04-01,home,furniture,email,east,1,No Title,bad packaging,negative,8,no,Bob,low
C1220,2025-08-21,beauty,hair,website,east,4,Good,Highly recommend,positive,4,no,Chris,medium
C1189,2026-03-17,beauty,skin,email,east,1,Average,bad packaging,negative,3,no,Deepa,low
C1026,2025-07-08,home,furniture,survey,south,3,No Title,acceptable,neutral,3,yes,Deepa,low
C1070,2026-05-16,fashion,men,website,south,1,Bad,bad packaging,negative,11,no,Bob,low
C1025,2025-05-27,electronics,laptop,website,east,5,Good,No Feedback,positive,3,yes,Chris,high
C1013,2025-03-04,grocery,beverage,website,south,3,Bad,average experience,neutral,1,yes,Chris,low
C1266,2026-01-16,grocery,beverage,email,east,3,No Title,okay product,neutral,5,no,Alice,high
C1022,2025-10-13,home,furniture,social media,west,4,Good,Excellent product,positive,2,no,Esha,low
C1032,2025-09-16,fashion,women,website,south,4,Review,Highly recommend,positive,11,yes,Bob,low
C1170,2025-03-27,electronics,laptop,website,east,3,Average,No Feedback,neutral,6,yes,Bob,high
C1073,2025-07-20,home,kitchen,website,south,2,Review,app crash,negative,6,no,Deepa,high
C1045,2026-04-03,electronics,mobile,email,north,4,No Title,Fast delivery,positive,13,no,Deepa,low
C1244,2026-01-07,electronics,mobile,website,south,1,Good,No Feedback,negative,9,yes,Alice,high
C1196,2025-03-25,grocery,beverage,social media,west,1,Good,support not helpful,negative,8,no,Alice,medium
C1284,2026-02-18,grocery,food,website,south,2,Good,poor quality,negative,9,no,Chris,medium
C1163,2025-03-22,grocery,beverage,mobile app,north,4,Good,Highly recommend,positive,6,yes,Alice,high
C1245,2025-12-28,fashion,men,mobile app,south,1,Review,late delivery,negative,1,yes,Chris,medium
C1170,2026-01-13,electronics,laptop,mobile app,west,2,Average,No Feedback,negative,1,yes,Chris,high
C1068,2025-02-02,beauty,skin,website,east,3,No Title,nothing special,neutral,2,yes,Bob,high
C1034,2025-08-26,fashion,women,email,north,2,No Title,No Feedback,negative,13,no,Deepa,high
C1100,2025-11-08,home,furniture,mobile app,south,2,Average,late delivery,negative,1,no,Chris,high
C1063,2026-04-13,home,kitchen,website,north,1,Good,No Feedback,negative,6,no,Bob,high
C1012,2025-05-21,electronics,mobile,survey,north,3,No Title,acceptable,neutral,5,no,Deepa,medium
C1248,2025-08-28,grocery,beverage,social media,north,1,No Title,poor quality,negative,7,yes,Esha,high
C1244,2025-02-22,fashion,women,website,west,3,No Title,nothing special,neutral,12,no,Esha,medium
C1088,2025-08-17,electronics,laptop,survey,east,1,No Title,bad packaging,negative,15,no,Chris,high
C1137,2025-12-11,electronics,laptop,website,west,2,Bad,bad packaging,negative,10,no,Chris,low
C1297,2025-06-17,home,kitchen,social media,north,3,Good,No Feedback,neutral,15,yes,Esha,medium
C1020,2026-02-28,electronics,mobile,website,east,5,No Title,Great support,positive,13,no,Chris,low
C1294,2026-04-22,beauty,skin,email,south,5,Average,No Feedback,positive,10,no,Chris,low
C1168,2025-09-01,beauty,skin,social media,east,5,Bad,Great support,positive,7,yes,Deepa,medium
C1118,2025-04-15,fashion,men,website,north,2,Bad,app crash,negative,5,yes,Chris,low
C1204,2025-04-25,grocery,beverage,social media,north,2,No Title,support not helpful,negative,12,yes,Bob,high
C1060,2025-11-11,fashion,women,website,east,3,Bad,average experience,neutral,1,no,Esha,high
C1061,2025-09-16,home,furniture,website,south,2,Good,support not helpful,negative,3,no,Chris,low
C1131,2025-05-21,beauty,hair,mobile app,north,5,Review,Loved it,positive,6,no,Chris,high
C1205,2026-02-06,fashion,men,social media,east,3,Good,acceptable,neutral,6,no,Esha,medium
C1145,2026-05-06,grocery,food,website,south,3,No Title,works fine,neutral,7,yes,Alice,medium
C1084,2025-03-21,grocery,food,website,south,5,Average,Fast delivery,positive,7,yes,Chris,medium
C1277,2025-07-13,home,kitchen,email,south,5,Average,Excellent product,positive,6,yes,Deepa,high
C1185,2026-02-13,beauty,skin,social media,west,5,Review,Excellent product,positive,3,yes,Chris,medium
C1250,2026-04-13,electronics,laptop,social media,south,1,Bad,bad packaging,negative,11,yes,Deepa,high
C1273,2025-04-26,electronics,mobile,social media,south,3,Review,okay product,neutral,4,no,Alice,high
C1108,2026-04-12,electronics,mobile,mobile app,south,2,Bad,app crash,negative,5,no,Alice,medium
C1036,2026-05-09,fashion,men,mobile app,west,3,Good,nothing special,neutral,14,yes,Deepa,medium
C1082,2025-03-05,beauty,skin,email,south,4,Bad,Highly recommend,positive,9,no,Alice,high
C1223,2025-11-04,beauty,skin,website,west,3,No Title,works fine,neutral,10,no,Esha,medium
C1251,2025-07-31,electronics,mobile,email,south,4,Review,Fast delivery,positive,1,no,Alice,high
C1169,2025-04-15,grocery,beverage,mobile app,east,5,Review,Excellent product,positive,4,yes,Esha,high
C1164,2025-10-29,home,furniture,website,east,2,Review,late delivery,negative,14,yes,Esha,high
C1267,2025-06-09,beauty,skin,website,south,5,Review,Highly recommend,positive,1,no,Esha,low
C1257,2025-11-20,electronics,laptop,website,east,5,Review,Loved it,positive,13,no,Esha,low
C1047,2026-02-16,grocery,beverage,email,east,3,Good,acceptable,neutral,11,no,Deepa,low
C1057,2026-05-07,fashion,women,social media,south,4,Review,Highly recommend,positive,6,yes,Bob,medium
C1086,2026-01-20,fashion,men,survey,north,2,Review,app crash,negative,2,yes,Chris,low
C1141,2025-04-24,electronics,mobile,social media,south,4,Good,Fast delivery,positive,8,yes,Esha,high
C1142,2026-02-25,beauty,hair,email,north,1,Review,support not helpful,negative,15,yes,Chris,medium
C1217,2025-05-27,beauty,skin,social media,south,2,No Title,bad packaging,negative,1,no,Esha,high
C1024,2026-02-24,fashion,men,email,east,1,Average,app crash,negative,4,no,Bob,high
C1194,2025-04-09,home,kitchen,mobile app,north,3,Bad,okay product,neutral,10,yes,Bob,low
C1010,2026-04-11,electronics,laptop,website,east,1,Good,support not helpful,negative,15,no,Alice,high
C1234,2026-03-09,beauty,skin,email,south,2,Good,support not helpful,negative,8,yes,Chris,high
C1291,2025-05-05,grocery,food,website,west,2,No Title,support not helpful,negative,9,no,Chris,medium
C1247,2025-10-03,electronics,laptop,website,south,2,Bad,bad packaging,negative,13,no,Chris,medium
C1227,2025-11-07,home,kitchen,website,south,3,Average,acceptable,neutral,10,yes,Deepa,high
C1240,2025-05-17,fashion,men,survey,south,3,Average,No Feedback,neutral,7,yes,Chris,high
C1236,2025-01-14,fashion,men,email,north,1,Review,support not helpful,negative,12,no,Chris,high
C1242,2025-09-02,home,furniture,website,north,1,Average,No Feedback,negative,4,no,Esha,medium
C1167,2025-05-04,fashion,men,survey,west,4,No Title,Loved it,positive,9,yes,Bob,low
C1114,2025-03-02,fashion,men,website,south,3,Review,okay product,neutral,4,no,Esha,low
C1197,2025-05-27,beauty,skin,website,east,2,Review,late delivery,negative,12,no,Bob,high
C1240,2025-01-10,fashion,women,email,west,5,No Title,Loved it,positive,6,no,Chris,low
C1070,2025-09-10,grocery,food,website,west,5,No Title,Fast delivery,positive,3,no,Alice,high
C1043,2026-02-20,beauty,skin,survey,south,3,No Title,acceptable,neutral,11,no,Deepa,high
C1023,2025-06-22,beauty,hair,website,east,5,Average,No Feedback,positive,1,no,Bob,high
C1002,2025-02-09,home,furniture,survey,south,4,Good,Highly recommend,positive,6,no,Alice,high
C1249,2025-03-01,beauty,skin,social media,south,1,Bad,late delivery,negative,13,yes,Esha,medium
C1140,2025-05-19,beauty,hair,mobile app,south,1,Good,app crash,negative,1,no,Alice,high
C1289,2025-05-27,beauty,hair,email,north,1,Average,bad packaging,negative,11,no,Esha,high
C1107,2025-08-06,grocery,beverage,social media,south,2,No Title,No Feedback,negative,6,no,Chris,low
C1165,2025-10-20,beauty,skin,website,south,3,Good,acceptable,neutral,9,no,Alice,medium
C1111,2025-09-10,home,kitchen,email,south,3,Average,acceptable,neutral,8,no,Alice,medium
C1012,2026-01-15,beauty,hair,survey,south,4,Average,Excellent product,positive,7,yes,Chris,low
C1037,2025-09-28,electronics,laptop,mobile app,west,1,Review,poor quality,negative,2,no,Bob,high
C1298,2025-09-08,fashion,men,email,south,1,Good,poor quality,negative,15,no,Chris,high
C1089,2025-09-01,fashion,women,mobile app,south,3,No Title,No Feedback,neutral,14,yes,Bob,high
C1040,2025-02-24,fashion,men,survey,south,2,Review,app crash,negative,10,yes,Bob,high
C1213,2025-12-12,grocery,beverage,website,east,2,Good,app crash,negative,8,yes,Chris,high
C1281,2026-01-08,grocery,food,website,west,1,Good,app crash,negative,3,yes,Alice,high
C1263,2026-04-16,grocery,beverage,website,north,4,Review,Highly recommend,positive,13,yes,Esha,high
C1115,2026-04-21,electronics,mobile,mobile app,south,4,Bad,Highly recommend,positive,9,yes,Deepa,medium
C1211,2025-08-06,grocery,food,survey,south,3,Review,works fine,neutral,12,no,Chris,medium
C1084,2025-01-24,beauty,skin,email,south,5,Average,Highly recommend,positive,15,no,Deepa,medium
C1185,2025-11-21,home,kitchen,social media,south,2,Average,late delivery,negative,15,no,Esha,high
C1169,2025-04-27,electronics,mobile,mobile app,east,5,Good,Fast delivery,positive,12,no,Deepa,low
C1136,2025-03-06,electronics,laptop,email,west,5,Average,Loved it,positive,12,no,Chris,low
C1069,2026-02-11,home,kitchen,email,south,2,Bad,bad packaging,negative,12,no,Chris,medium
C1167,2025-01-11,home,kitchen,mobile app,west,3,Bad,acceptable,neutral,8,no,Chris,low
C1246,2025-12-30,fashion,men,mobile app,east,2,Average,support not helpful,negative,5,no,Deepa,medium
C1226,2025-10-24,electronics,mobile,social media,east,3,Average,okay product,neutral,14,yes,Esha,medium
C1178,2025-10-28,beauty,hair,social media,west,4,Review,Highly recommend,positive,14,yes,Chris,low
C1009,2025-02-16,home,furniture,email,east,2,Bad,app crash,negative,14,yes,Alice,medium
C1206,2025-04-11,home,kitchen,survey,south,5,Review,Great support,positive,2,no,Esha,low
C1294,2026-03-31,electronics,laptop,social media,south,5,Review,Great support,positive,8,yes,Deepa,high
C1058,2025-12-25,home,furniture,social media,north,2,Average,app crash,negative,11,yes,Deepa,high
C1236,2025-08-15,home,kitchen,email,north,5,Review,Loved it,positive,12,no,Bob,medium
C1047,2025-01-19,beauty,skin,website,south,4,Bad,No Feedback,positive,3,no,Bob,low
C1183,2025-05-22,beauty,skin,website,north,4,Good,Fast delivery,positive,11,yes,Alice,low
C1266,2025-07-08,beauty,hair,survey,east,4,Review,Fast delivery,positive,4,yes,Chris,medium
C1135,2026-02-04,electronics,mobile,email,south,2,Good,bad packaging,negative,15,no,Bob,high
C1072,2025-12-18,grocery,food,mobile app,south,1,Review,poor quality,negative,12,yes,Deepa,high
C1230,2026-01-07,electronics,mobile,website,south,5,Review,Highly recommend,positive,7,yes,Chris,medium
C1095,2025-09-25,beauty,hair,email,east,3,Review,average experience,neutral,1,yes,Esha,high
C1277,2025-09-17,home,furniture,social media,west,2,Average,bad packaging,negative,13,yes,Alice,medium
C1071,2025-05-31,grocery,beverage,survey,south,3,Average,okay product,neutral,5,no,Bob,high
C1046,2025-12-14,fashion,men,website,south,2,Bad,bad packaging,negative,6,yes,Chris,medium
C1118,2025-09-20,beauty,hair,survey,west,5,Review,Loved it,positive,14,yes,Bob,high
C1282,2025-06-08,beauty,hair,survey,south,3,Average,works fine,neutral,4,no,Deepa,high
C1283,2025-08-19,electronics,laptop,survey,east,3,Review,okay product,neutral,9,no,Bob,high
C1054,2025-08-20,beauty,skin,email,west,4,Bad,Excellent product,positive,10,no,Esha,low
C1238,2026-02-08,beauty,hair,mobile app,east,2,Good,late delivery,negative,12,yes,Chris,low
C1039,2026-05-08,electronics,laptop,social media,south,4,Review,Highly recommend,positive,7,no,Alice,high
C1046,2025-09-07,fashion,men,mobile app,south,3,Good,acceptable,neutral,2,no,Deepa,high
C1113,2025-06-23,home,kitchen,email,east,4,No Title,Great support,positive,5,yes,Chris,high
C1213,2025-05-02,electronics,laptop,mobile app,south,1,Good,support not helpful,negative,12,no,Bob,high
C1206,2025-11-07,grocery,beverage,mobile app,west,4,Good,Great support,positive,11,no,Esha,high
C1097,2025-08-10,beauty,skin,social media,north,2,Bad,app crash,negative,6,no,Chris,low
C1269,2025-09-15,electronics,laptop,social media,south,4,Average,Great support,positive,6,no,Deepa,high
C1204,2026-03-27,fashion,men,website,north,1,Bad,support not helpful,negative,12,no,Alice,medium
C1278,2026-03-22,fashion,men,social media,south,5,Average,Great support,positive,2,yes,Bob,high
C1291,2025-04-24,fashion,women,website,east,4,Bad,Loved it,positive,15,yes,Esha,low
C1192,2026-03-16,electronics,laptop,email,south,3,Good,works fine,neutral,3,yes,Alice,high
C1215,2025-08-09,electronics,laptop,survey,south,5,Bad,Highly recommend,positive,4,no,Deepa,medium
C1263,2025-03-09,home,kitchen,survey,south,5,Bad,Great support,positive,9,no,Alice,medium
C1268,2025-04-18,electronics,laptop,survey,south,2,No Title,poor quality,negative,9,no,Esha,medium
C1234,2025-07-15,grocery,food,mobile app,east,1,Good,bad packaging,negative,10,yes,Chris,high
C1099,2025-07-27,fashion,men,mobile app,west,1,Good,bad packaging,negative,2,no,Bob,high
C1152,2025-04-29,grocery,beverage,social media,north,4,No Title,No Feedback,positive,2,no,Deepa,medium
C1249,2025-08-26,electronics,mobile,website,east,1,Review,bad packaging,negative,15,yes,Esha,high
C1001,2025-04-26,home,kitchen,website,south,3,Average,average experience,neutral,6,yes,Alice,low
C1154,2025-10-30,electronics,laptop,mobile app,east,2,Review,bad packaging,negative,11,yes,Alice,high
C1125,2025-11-24,grocery,beverage,survey,south,4,Bad,Highly recommend,positive,9,yes,Chris,high
C1230,2025-03-27,home,kitchen,mobile app,south,2,Good,support not helpful,negative,1,no,Bob,high
C1257,2025-02-12,fashion,men,website,south,1,Review,support not helpful,negative,14,yes,Deepa,medium
C1231,2025-06-22,beauty,hair,mobile app,north,1,Good,poor quality,negative,8,no,Bob,low
C1062,2025-01-06,electronics,laptop,survey,north,1,Review,support not helpful,negative,8,no,Esha,high
C1154,2025-09-20,grocery,beverage,survey,east,5,Good,Highly recommend,positive,14,yes,Deepa,medium
C1070,2025-01-09,electronics,laptop,website,north,2,Average,poor quality,negative,15,yes,Esha,high
C1013,2025-02-28,home,kitchen,email,north,3,No Title,okay product,neutral,5,no,Chris,medium
C1281,2025-10-03,home,furniture,survey,south,3,Bad,acceptable,neutral,14,no,Deepa,low
C1138,2025-01-05,beauty,hair,social media,south,3,Good,average experience,neutral,7,yes,Esha,high
C1178,2025-01-17,electronics,mobile,survey,west,2,No Title,bad packaging,negative,5,no,Chris,high
C1103,2026-01-28,home,furniture,email,south,1,Bad,late delivery,negative,13,yes,Deepa,high
C1280,2025-02-01,beauty,hair,social media,west,1,Good,bad packaging,negative,13,no,Alice,medium
C1271,2025-06-29,beauty,skin,social media,south,2,No Title,poor quality,negative,11,yes,Bob,high
C1208,2025-12-15,beauty,skin,website,east,1,Bad,poor quality,negative,12,yes,Chris,low
C1172,2025-11-13,home,kitchen,website,south,5,Bad,Loved it,positive,5,no,Deepa,high
C1135,2025-11-10,electronics,laptop,social media,east,5,Average,Fast delivery,positive,9,yes,Esha,high
C1024,2025-12-21,grocery,food,email,south,2,Good,app crash,negative,2,yes,Deepa,high
C1231,2025-02-07,electronics,mobile,website,north,4,Bad,Great support,positive,4,yes,Bob,medium
C1100,2025-11-20,fashion,women,website,south,5,Bad,Excellent product,positive,10,yes,Esha,high
C1047,2025-11-22,grocery,beverage,website,south,3,Bad,nothing special,neutral,11,no,Deepa,low
C1051,2025-10-22,electronics,mobile,survey,west,4,Good,Fast delivery,positive,4,no,Chris,medium
C1139,2026-04-29,fashion,women,mobile app,south,1,Average,late delivery,negative,2,yes,Bob,low
C1242,2025-06-18,electronics,laptop,social media,south,5,No Title,Great support,positive,10,no,Chris,low
C1011,2025-07-20,fashion,women,website,east,2,Average,late delivery,negative,3,yes,Chris,medium
C1058,2025-10-19,grocery,food,email,east,2,Average,late delivery,negative,4,yes,Deepa,high
C1290,2025-10-28,electronics,laptop,website,north,4,Bad,Highly recommend,positive,3,yes,Deepa,high
C1185,2025-04-02,fashion,women,website,west,2,No Title,bad packaging,negative,15,yes,Alice,low
C1007,2026-05-05,fashion,men,email,south,5,No Title,Fast delivery,positive,12,yes,Alice,high
C1107,2026-03-06,electronics,mobile,website,south,1,Good,bad packaging,negative,6,yes,Bob,low
C1078,2025-05-27,home,furniture,email,north,4,Average,Fast delivery,positive,7,no,Esha,medium
C1022,2025-01-11,home,kitchen,email,north,2,No Title,support not helpful,negative,13,no,Chris,high
C1095,2026-01-03,grocery,beverage,website,south,2,Average,late delivery,negative,15,yes,Esha,high
C1231,2025-04-06,beauty,hair,website,south,3,Bad,works fine,neutral,6,no,Chris,low
C1087,2025-06-01,home,furniture,survey,east,2,Review,bad packaging,negative,1,yes,Esha,low
C1097,2025-08-10,beauty,hair,social media,south,2,No Title,bad packaging,negative,15,no,Esha,high
C1266,2026-01-06,beauty,skin,mobile app,east,3,Average,okay product,neutral,12,yes,Deepa,medium
C1204,2025-05-28,beauty,hair,email,south,5,Average,Great support,positive,3,no,Chris,low
C1244,2026-04-13,home,kitchen,email,south,5,Review,Fast delivery,positive,15,yes,Deepa,high
C1176,2026-02-12,grocery,food,email,east,5,Average,Highly recommend,positive,4,no,Esha,low
C1201,2025-12-23,home,kitchen,website,west,3,No Title,acceptable,neutral,10,no,Chris,low
C1233,2025-03-19,electronics,laptop,email,east,2,Good,app crash,negative,14,yes,Chris,low
C1088,2025-03-07,fashion,women,survey,west,3,Good,nothing special,neutral,7,yes,Esha,low
C1096,2025-12-30,grocery,food,website,south,3,Good,works fine,neutral,12,no,Bob,medium
C1160,2025-08-16,beauty,skin,website,south,2,Average,poor quality,negative,5,no,Esha,high
C1040,2025-08-10,fashion,women,mobile app,south,5,Average,Fast delivery,positive,10,yes,Chris,low
C1219,2026-04-14,beauty,hair,email,south,4,Review,Great support,positive,4,yes,Esha,high
C1055,2026-02-02,home,furniture,social media,south,4,No Title,Fast delivery,positive,1,no,Bob,high
C1291,2026-04-04,fashion,men,mobile app,south,1,Review,late delivery,negative,12,yes,Deepa,low
C1131,2025-09-19,fashion,men,website,east,1,Good,poor quality,negative,1,no,Deepa,low
C1044,2025-09-09,grocery,food,email,south,5,No Title,Excellent product,positive,13,yes,Alice,medium
C1055,2026-01-13,electronics,mobile,survey,north,1,No Title,app crash,negative,7,yes,Deepa,high
C1255,2025-11-10,electronics,mobile,website,north,2,Review,late delivery,negative,5,yes,Chris,high
C1220,2026-02-01,home,kitchen,social media,south,4,No Title,Excellent product,positive,9,no,Esha,high
C1151,2025-12-20,electronics,mobile,website,south,2,No Title,app crash,negative,12,yes,Bob,high
C1216,2026-05-02,beauty,hair,website,west,5,Bad,No Feedback,positive,9,no,Deepa,low
C1192,2025-06-09,home,kitchen,email,east,5,Bad,Excellent product,positive,3,yes,Alice,low
C1164,2026-05-01,fashion,women,website,north,3,Average,average experience,neutral,6,yes,Bob,low
C1204,2026-01-22,fashion,men,survey,east,3,Average,acceptable,neutral,10,no,Deepa,low
C1008,2026-02-23,beauty,hair,website,west,3,Good,nothing special,neutral,4,yes,Esha,medium
C1128,2026-04-24,electronics,laptop,social media,north,1,No Title,bad packaging,negative,4,no,Esha,high
C1145,2025-09-26,grocery,beverage,mobile app,west,5,Bad,Great support,positive,12,no,Esha,high
C1246,2025-07-12,fashion,men,survey,south,1,Bad,support not helpful,negative,8,no,Chris,low
C1009,2026-03-05,fashion,women,website,north,2,Review,support not helpful,negative,6,yes,Alice,low
C1163,2025-11-18,electronics,laptop,survey,east,3,Bad,works fine,neutral,11,yes,Alice,low
C1009,2025-08-19,grocery,food,website,west,2,Good,support not helpful,negative,4,yes,Esha,high
C1298,2025-12-03,home,kitchen,email,west,4,Bad,Excellent product,positive,9,no,Deepa,high
C1271,2026-02-22,grocery,food,email,south,2,Review,No Feedback,negative,13,yes,Esha,low
C1183,2025-05-12,fashion,men,social media,south,3,Average,No Feedback,neutral,15,yes,Alice,low
C1132,2025-08-20,home,kitchen,website,north,4,Good,Fast delivery,positive,2,no,Bob,high
C1221,2025-09-10,home,kitchen,mobile app,south,4,Bad,Highly recommend,positive,1,no,Alice,high
C1197,2025-11-27,fashion,men,email,west,2,No Title,app crash,negative,14,yes,Esha,low
C1101,2026-01-02,fashion,women,website,south,5,Average,Fast delivery,positive,1,no,Chris,high
C1287,2025-12-01,grocery,beverage,mobile app,south,1,Review,support not helpful,negative,14,yes,Alice,medium
C1276,2026-01-21,home,furniture,survey,east,2,Average,bad packaging,negative,5,yes,Chris,medium
C1101,2026-01-10,fashion,men,website,east,1,Bad,app crash,negative,4,yes,Esha,low
C1112,2025-06-25,grocery,food,email,north,4,Review,Fast delivery,positive,14,no,Esha,high
C1135,2025-12-20,electronics,laptop,website,south,1,Review,poor quality,negative,10,no,Esha,medium
C1076,2025-07-23,grocery,food,social media,south,5,Review,Fast delivery,positive,12,no,Deepa,low
C1133,2025-06-25,beauty,hair,website,east,5,No Title,Highly recommend,positive,4,no,Alice,high
C1241,2026-04-25,electronics,laptop,website,west,3,Review,nothing special,neutral,7,no,Alice,high
C1197,2025-10-12,grocery,food,mobile app,south,4,No Title,Loved it,positive,5,no,Deepa,medium
C1282,2026-02-15,grocery,beverage,survey,east,2,Good,bad packaging,negative,15,yes,Alice,low
C1242,2026-03-31,home,furniture,website,south,4,No Title,Great support,positive,8,yes,Bob,high
C1184,2025-03-22,fashion,women,email,south,1,No Title,support not helpful,negative,11,no,Esha,low
C1074,2025-06-17,electronics,laptop,survey,east,2,Good,bad packaging,negative,9,yes,Esha,high
C1197,2025-12-14,fashion,men,mobile app,north,1,Bad,bad packaging,negative,9,yes,Alice,high
C1120,2025-03-02,beauty,skin,survey,north,5,Review,Highly recommend,positive,8,no,Bob,high
C1260,2026-02-23,electronics,mobile,website,north,4,No Title,Loved it,positive,13,no,Esha,low
C1172,2025-03-03,grocery,beverage,survey,south,1,Good,bad packaging,negative,3,no,Deepa,medium
C1191,2025-01-27,fashion,men,mobile app,north,3,No Title,works fine,neutral,1,no,Deepa,medium
C1034,2025-01-18,electronics,laptop,survey,west,2,No Title,app crash,negative,8,yes,Bob,medium
C1270,2025-09-20,grocery,beverage,social media,south,5,No Title,Loved it,positive,2,no,Chris,medium
C1162,2025-10-29,beauty,hair,website,south,1,No Title,support not helpful,negative,3,yes,Deepa,low
C1186,2026-03-08,home,furniture,website,south,4,No Title,Great support,positive,1,yes,Deepa,medium
C1256,2026-02-04,home,furniture,website,south,4,Bad,Excellent product,positive,14,yes,Bob,medium
C1179,2025-03-18,home,furniture,website,west,5,No Title,Excellent product,positive,11,yes,Bob,medium
C1114,2026-02-02,grocery,beverage,survey,south,5,No Title,Excellent product,positive,6,yes,Bob,high
C1052,2025-03-13,electronics,mobile,email,south,2,Bad,support not helpful,negative,1,no,Chris,low
C1259,2025-09-24,home,furniture,social media,north,2,Good,bad packaging,negative,11,yes,Chris,high
C1149,2025-07-29,fashion,men,mobile app,west,5,No Title,Fast delivery,positive,2,yes,Alice,low
C1047,2026-02-17,fashion,men,website,north,3,Review,acceptable,neutral,5,yes,Bob,low
C1181,2025-05-22,fashion,women,social media,south,4,Good,Loved it,positive,10,yes,Chris,high
C1275,2026-04-08,fashion,women,survey,south,1,Average,bad packaging,negative,3,yes,Alice,low
C1258,2025-06-02,home,kitchen,survey,east,4,Average,Highly recommend,positive,15,yes,Esha,medium
C1047,2025-04-09,grocery,beverage,email,north,5,Bad,Fast delivery,positive,3,yes,Alice,high
C1095,2025-09-23,fashion,men,social media,east,3,Bad,works fine,neutral,15,no,Alice,high
C1062,2025-04-17,beauty,skin,mobile app,west,5,Average,Loved it,positive,1,no,Chris,high
C1014,2026-05-09,fashion,women,social media,south,5,Average,Fast delivery,positive,12,no,Esha,high
C1237,2025-12-28,fashion,women,survey,west,4,Average,Loved it,positive,10,no,Alice,high
C1001,2025-03-29,fashion,women,survey,north,2,Average,late delivery,negative,14,yes,Bob,high
C1047,2025-04-19,grocery,beverage,email,west,4,Bad,No Feedback,positive,14,yes,Chris,high
C1134,2026-02-06,home,kitchen,survey,south,1,Review,late delivery,negative,2,no,Chris,high
C1026,2025-11-22,electronics,laptop,website,south,4,Average,Loved it,positive,4,yes,Deepa,low
C1024,2025-08-17,electronics,mobile,email,south,2,Review,support not helpful,negative,7,no,Alice,high
C1017,2026-01-11,grocery,beverage,website,south,3,No Title,average experience,neutral,11,yes,Deepa,high
C1005,2025-07-13,electronics,mobile,mobile app,south,1,Review,support not helpful,negative,2,yes,Bob,medium
C1193,2026-04-26,electronics,mobile,website,west,5,Good,Highly recommend,positive,15,yes,Chris,low
C1130,2026-04-03,home,furniture,website,east,4,Good,Loved it,positive,4,yes,Chris,high
C1261,2026-04-22,home,kitchen,survey,south,5,Good,Great support,positive,4,yes,Chris,high
C1010,2025-01-25,electronics,mobile,mobile app,north,3,Average,average experience,neutral,1,yes,Deepa,high
C1202,2026-02-02,beauty,skin,email,west,2,Good,late delivery,negative,8,no,Bob,low
C1050,2026-05-09,fashion,women,website,north,2,Average,support not helpful,negative,11,yes,Esha,low
C1246,2026-03-02,fashion,men,survey,north,2,No Title,app crash,negative,15,no,Chris,high
C1300,2025-03-07,home,kitchen,website,south,4,Good,Excellent product,positive,8,no,Deepa,low
C1004,2025-07-16,grocery,food,social media,east,5,No Title,Loved it,positive,10,yes,Bob,low
C1195,2025-11-01,fashion,women,social media,east,3,Good,average experience,neutral,10,no,Deepa,medium
C1088,2025-01-06,beauty,skin,website,west,5,No Title,Highly recommend,positive,9,no,Esha,low
C1116,2026-04-02,beauty,hair,website,west,3,Good,okay product,neutral,13,no,Deepa,high
C1109,2025-09-19,electronics,laptop,mobile app,north,2,Good,No Feedback,negative,3,no,Alice,medium
C1045,2025-02-05,home,kitchen,website,north,2,Review,late delivery,negative,15,yes,Alice,low
C1016,2025-09-20,electronics,mobile,website,south,1,Bad,late delivery,negative,5,no,Esha,medium
C1137,2025-02-05,beauty,hair,email,north,3,Bad,average experience,neutral,5,yes,Alice,low
C1168,2025-08-12,electronics,laptop,survey,east,5,Bad,Loved it,positive,7,yes,Bob,low
C1028,2025-01-31,grocery,beverage,website,west,3,No Title,nothing special,neutral,11,no,Bob,medium
C1218,2025-08-05,grocery,food,email,west,3,Average,works fine,neutral,7,no,Chris,low
C1080,2025-12-09,fashion,men,mobile app,west,5,Bad,Highly recommend,positive,12,yes,Bob,low
C1053,2025-12-23,electronics,laptop,social media,west,2,Review,poor quality,negative,6,yes,Deepa,low
C1160,2025-01-20,electronics,mobile,website,west,2,Average,late delivery,negative,5,yes,Esha,low
C1289,2025-08-31,home,kitchen,email,south,5,No Title,Fast delivery,positive,2,no,Esha,medium
C1132,2025-01-25,grocery,food,email,south,3,Good,average experience,neutral,6,yes,Chris,high
C1115,2026-05-11,grocery,beverage,survey,south,2,No Title,app crash,negative,15,yes,Alice,low
C1149,2026-04-29,beauty,skin,website,south,1,Good,bad packaging,negative,15,yes,Chris,high
C1172,2025-10-26,home,kitchen,mobile app,south,4,Review,No Feedback,positive,13,yes,Bob,medium
C1043,2025-04-11,fashion,men,mobile app,north,2,Bad,support not helpful,negative,5,no,Esha,high
C1166,2026-03-26,fashion,women,mobile app,south,3,Review,works fine,neutral,11,no,Alice,low
C1115,2025-01-29,beauty,skin,website,north,3,No Title,acceptable,neutral,12,no,Deepa,high
C1050,2026-02-10,electronics,mobile,survey,west,2,Review,late delivery,negative,8,yes,Chris,low
C1009,2026-05-05,electronics,laptop,website,west,3,Review,okay product,neutral,11,no,Esha,high
C1057,2025-02-18,electronics,laptop,social media,south,5,Good,Fast delivery,positive,5,no,Bob,medium
C1029,2025-11-02,home,furniture,email,west,2,No Title,poor quality,negative,5,yes,Deepa,high
C1256,2025-09-08,beauty,hair,email,south,1,Average,late delivery,negative,13,no,Deepa,high
C1002,2026-01-17,fashion,women,mobile app,south,5,Good,Great support,positive,8,yes,Deepa,medium
C1165,2025-10-26,beauty,hair,website,north,1,Review,poor quality,negative,7,no,Deepa,medium
C1090,2025-04-18,electronics,mobile,social media,south,5,Bad,Fast delivery,positive,3,yes,Chris,low
C1235,2026-05-10,home,kitchen,website,south,4,No Title,Fast delivery,positive,12,yes,Chris,high
C1067,2025-07-17,beauty,skin,social media,east,5,Bad,Highly recommend,positive,4,no,Chris,high
C1295,2025-03-29,electronics,laptop,social media,north,4,No Title,Excellent product,positive,15,yes,Deepa,low
C1161,2025-09-22,fashion,women,website,south,2,Bad,app crash,negative,11,no,Esha,high
C1233,2025-08-21,beauty,hair,website,south,1,Average,app crash,negative,7,no,Chris,low
C1047,2025-05-27,fashion,men,website,east,1,Review,late delivery,negative,1,yes,Esha,high
C1155,2025-10-10,beauty,skin,email,south,1,Good,support not helpful,negative,11,yes,Alice,low
C1001,2025-10-25,beauty,skin,email,east,3,Bad,okay product,neutral,15,no,Bob,high
C1005,2025-04-30,grocery,food,survey,west,1,Average,poor quality,negative,11,no,Alice,high
C1180,2025-07-12,fashion,women,website,south,3,No Title,nothing special,neutral,9,yes,Bob,high
C1187,2025-08-29,home,kitchen,website,south,1,No Title,bad packaging,negative,7,yes,Bob,high
C1267,2025-10-11,fashion,women,mobile app,east,1,Good,bad packaging,negative,3,yes,Alice,high
C1188,2025-09-09,home,kitchen,website,north,5,Bad,Highly recommend,positive,3,no,Esha,medium
C1040,2025-11-17,electronics,laptop,website,east,4,No Title,Excellent product,positive,14,yes,Chris,high
C1156,2025-03-16,home,kitchen,mobile app,south,3,Good,acceptable,neutral,9,yes,Deepa,low
C1082,2025-07-06,grocery,food,social media,south,3,No Title,acceptable,neutral,9,no,Bob,medium
C1171,2025-07-01,electronics,mobile,mobile app,south,1,No Title,poor quality,negative,9,no,Alice,low
C1092,2025-12-24,grocery,food,email,east,1,Average,app crash,negative,15,yes,Esha,low
C1217,2025-10-11,fashion,women,website,east,3,Review,No Feedback,neutral,4,yes,Esha,high
C1266,2026-04-03,fashion,women,website,east,4,Review,Great support,positive,11,no,Esha,medium
C1072,2025-09-19,electronics,mobile,survey,west,5,No Title,Loved it,positive,7,yes,Deepa,high
C1041,2025-02-22,beauty,hair,social media,south,5,No Title,Excellent product,positive,10,no,Bob,high
C1207,2026-04-30,beauty,skin,email,north,3,Bad,okay product,neutral,12,no,Chris,low
C1120,2025-03-13,home,furniture,website,west,3,No Title,nothing special,neutral,5,yes,Esha,high
C1116,2025-11-09,fashion,men,mobile app,south,5,No Title,Fast delivery,positive,11,no,Alice,high
C1265,2025-07-07,fashion,women,website,south,3,Bad,works fine,neutral,7,yes,Alice,high
C1181,2025-09-13,grocery,beverage,mobile app,east,3,Good,late delivery,neutral,6,no,Deepa,medium
C1083,2025-01-04,fashion,men,email,south,5,No Title,Great support,positive,4,yes,Esha,high
C1128,2025-08-10,beauty,skin,mobile app,north,2,Good,app crash,negative,6,yes,Esha,medium
C1254,2025-03-29,home,kitchen,website,south,5,Review,Excellent product,positive,11,no,Chris,high
C1067,2025-07-03,home,kitchen,survey,east,2,Bad,support not helpful,negative,12,no,Bob,high
C1220,2025-12-20,electronics,mobile,survey,west,1,Review,app crash,negative,9,no,Alice,medium
C1143,2026-04-11,grocery,beverage,email,east,5,Average,Loved it,positive,10,no,Alice,low
C1006,2025-11-10,grocery,beverage,website,south,3,Good,average experience,neutral,5,no,Esha,high
C1130,2025-04-25,electronics,laptop,survey,south,1,Review,poor quality,negative,9,yes,Chris,high
C1030,2026-02-01,grocery,food,website,south,1,No Title,support not helpful,negative,3,no,Bob,high
C1062,2025-04-19,beauty,skin,social media,south,5,Good,Great support,positive,6,no,Deepa,high
C1125,2026-05-03,beauty,hair,mobile app,west,1,Average,app crash,negative,11,no,Bob,medium
C1299,2025-06-16,beauty,hair,email,west,1,Good,support not helpful,negative,15,yes,Deepa,high
C1111,2025-02-25,beauty,skin,mobile app,west,5,Bad,Excellent product,positive,12,yes,Esha,high
C1202,2025-08-14,grocery,food,website,west,2,Bad,late delivery,negative,1,no,Esha,high
C1265,2025-11-11,fashion,women,website,west,4,Average,Fast delivery,positive,1,yes,Chris,medium
C1156,2025-07-10,electronics,laptop,survey,west,5,Bad,Highly recommend,positive,1,no,Chris,medium
C1081,2025-11-13,electronics,mobile,social media,south,2,Review,poor quality,negative,6,yes,Alice,high
C1010,2025-03-19,electronics,laptop,social media,south,1,Bad,late delivery,negative,8,no,Chris,high
C1298,2025-01-03,fashion,women,social media,north,4,Bad,Loved it,positive,4,yes,Esha,high
C1048,2025-10-06,fashion,women,mobile app,west,1,Review,late delivery,negative,6,yes,Bob,high
C1186,2025-06-11,grocery,beverage,survey,south,4,Good,Fast delivery,positive,9,yes,Alice,medium
C1091,2026-04-13,home,furniture,website,west,5,Bad,Highly recommend,positive,4,no,Alice,medium
C1142,2025-06-17,grocery,food,mobile app,south,1,Bad,support not helpful,negative,2,no,Alice,medium
C1107,2025-04-25,beauty,hair,social media,south,4,Review,Fast delivery,positive,6,yes,Deepa,low
C1296,2026-02-22,home,furniture,survey,south,1,Average,bad packaging,negative,15,no,Alice,low
C1174,2025-03-17,home,furniture,survey,south,4,Review,Great support,positive,11,yes,Deepa,medium
C1069,2025-03-17,fashion,women,website,north,4,Review,Excellent product,positive,12,yes,Bob,low
C1227,2025-09-20,home,kitchen,mobile app,west,3,No Title,works fine,neutral,2,yes,Bob,medium
C1209,2025-08-05,home,furniture,social media,north,3,Review,average experience,neutral,2,yes,Esha,high
C1258,2025-01-10,fashion,men,mobile app,south,3,Review,acceptable,neutral,11,yes,Chris,medium
C1001,2026-04-20,home,kitchen,email,south,3,Review,okay product,neutral,8,no,Alice,low
C1056,2025-06-28,electronics,laptop,survey,east,1,Bad,poor quality,negative,11,yes,Bob,high
C1254,2026-02-18,fashion,women,website,north,1,Bad,app crash,negative,3,no,Chris,low
C1246,2025-05-23,fashion,men,survey,south,1,No Title,No Feedback,negative,9,no,Chris,high
C1079,2026-04-07,grocery,food,website,south,4,No Title,Great support,positive,9,yes,Esha,medium
C1273,2026-01-15,beauty,skin,email,south,5,Bad,Loved it,positive,14,yes,Chris,low
C1194,2026-02-21,electronics,laptop,email,south,2,Average,late delivery,negative,11,no,Deepa,high
C1276,2025-11-14,home,kitchen,survey,south,3,Review,No Feedback,neutral,9,no,Deepa,high
C1102,2025-10-03,electronics,mobile,survey,south,4,Average,Highly recommend,positive,1,yes,Deepa,low
C1091,2026-01-31,home,furniture,website,south,3,Bad,acceptable,neutral,12,no,Bob,low
C1019,2025-12-11,electronics,mobile,mobile app,north,3,Average,average experience,neutral,4,no,Alice,low
C1194,2025-09-03,home,kitchen,website,north,1,Review,bad packaging,negative,6,yes,Esha,high
C1190,2025-02-19,beauty,skin,website,west,5,Average,Fast delivery,positive,5,yes,Bob,medium
C1166,2025-09-06,beauty,skin,email,south,2,Good,app crash,negative,10,yes,Esha,low
C1151,2025-09-10,beauty,hair,survey,south,3,Bad,okay product,neutral,14,no,Alice,high
C1170,2026-01-20,electronics,laptop,website,south,1,Bad,late delivery,negative,2,yes,Deepa,high
C1163,2025-04-29,beauty,skin,website,south,2,Bad,app crash,negative,14,no,Esha,low
C1253,2026-03-09,fashion,women,mobile app,east,2,Review,support not helpful,negative,3,no,Alice,high
C1027,2026-02-25,home,furniture,social media,south,4,Good,Excellent product,positive,3,yes,Deepa,medium
C1236,2025-12-31,beauty,hair,email,south,2,Good,support not helpful,negative,7,yes,Alice,low
C1086,2025-02-09,beauty,skin,website,south,4,No Title,Highly recommend,positive,8,yes,Alice,medium
C1257,2025-06-23,beauty,skin,mobile app,west,4,Good,Loved it,positive,1,no,Alice,high
C1001,2025-11-02,home,furniture,mobile app,south,2,Review,app crash,negative,8,yes,Alice,high
C1022,2026-02-22,beauty,skin,social media,east,2,Bad,support not helpful,negative,11,no,Chris,high
C1074,2025-01-26,electronics,laptop,social media,north,2,Bad,poor quality,negative,1,yes,Alice,high
C1230,2025-07-31,electronics,mobile,social media,west,1,No Title,bad packaging,negative,14,yes,Alice,low
C1123,2025-08-03,electronics,mobile,survey,east,2,Average,late delivery,negative,13,yes,Chris,low
C1127,2025-08-09,grocery,food,website,north,1,Bad,support not helpful,negative,9,no,Esha,high
C1292,2025-03-07,electronics,laptop,website,south,5,Average,Fast delivery,positive,4,yes,Esha,medium
C1288,2026-01-26,grocery,food,social media,west,4,No Title,Loved it,positive,1,no,Chris,low
C1276,2025-10-28,home,kitchen,website,south,1,Review,poor quality,negative,12,no,Bob,low
C1225,2025-12-27,home,furniture,survey,east,2,Average,support not helpful,negative,9,no,Deepa,high
C1054,2025-05-21,beauty,hair,website,west,1,Review,poor quality,negative,12,yes,Alice,low
C1220,2026-03-19,grocery,food,website,west,1,Good,app crash,negative,15,yes,Alice,low
C1169,2026-03-16,electronics,laptop,mobile app,south,3,No Title,nothing special,neutral,5,no,Chris,low
C1228,2026-04-13,beauty,skin,mobile app,south,5,Good,No Feedback,positive,10,no,Deepa,medium
C1277,2025-06-06,beauty,skin,email,north,5,Bad,No Feedback,positive,2,no,Deepa,high
C1202,2025-08-20,electronics,laptop,survey,north,2,Bad,bad packaging,negative,9,yes,Deepa,low
C1210,2025-05-28,grocery,food,survey,north,5,No Title,Loved it,positive,1,yes,Esha,low
C1083,2025-02-09,fashion,women,social media,north,1,Bad,poor quality,negative,10,yes,Esha,medium
C1143,2025-09-25,electronics,laptop,website,north,1,No Title,poor quality,negative,11,yes,Bob,high
C1012,2026-03-09,electronics,laptop,website,south,1,No Title,poor quality,negative,6,yes,Deepa,high
C1291,2025-07-24,grocery,food,social media,east,2,Bad,poor quality,negative,9,no,Bob,low
C1203,2025-06-10,fashion,men,social media,east,3,Good,works fine,neutral,12,yes,Bob,high
C1194,2025-05-01,electronics,laptop,survey,south,3,Review,average experience,neutral,2,no,Deepa,high
C1017,2025-10-21,electronics,mobile,website,west,3,Review,nothing special,neutral,4,yes,Alice,medium
C1083,2025-09-03,home,furniture,email,east,3,Review,works fine,neutral,5,yes,Deepa,low
C1253,2025-09-28,grocery,food,email,west,3,Bad,works fine,neutral,8,yes,Chris,medium
C1209,2025-07-07,grocery,beverage,mobile app,south,5,Average,Excellent product,positive,10,no,Chris,high
C1130,2025-04-13,fashion,women,mobile app,south,3,Bad,okay product,neutral,4,yes,Esha,medium
C1065,2026-04-26,fashion,men,mobile app,west,2,Bad,app crash,negative,13,yes,Chris,medium
C1133,2026-03-31,grocery,beverage,website,south,3,Average,late delivery,neutral,3,yes,Bob,high
C1204,2026-05-16,home,kitchen,website,south,4,Bad,Highly recommend,positive,1,yes,Alice,medium
C1236,2025-05-12,electronics,laptop,website,south,3,No Title,works fine,neutral,4,no,Esha,low
C1248,2026-03-04,electronics,mobile,website,west,1,Good,late delivery,negative,8,no,Deepa,low
C1026,2026-01-31,fashion,women,survey,west,3,Good,okay product,neutral,13,yes,Chris,high
C1042,2025-06-18,home,furniture,social media,south,4,Average,Great support,positive,4,no,Bob,high
C1246,2026-03-11,beauty,skin,social media,south,3,Bad,nothing special,neutral,10,no,Bob,medium
C1266,2025-12-23,grocery,food,survey,south,2,No Title,bad packaging,negative,12,no,Deepa,low
C1188,2025-05-26,beauty,skin,website,south,2,Average,bad packaging,negative,13,no,Esha,medium
C1209,2026-03-13,fashion,women,survey,south,2,Good,late delivery,negative,12,yes,Deepa,medium
C1041,2025-06-21,electronics,mobile,mobile app,east,3,Average,average experience,neutral,8,yes,Esha,high
C1021,2026-01-23,beauty,skin,website,east,1,Average,app crash,negative,12,no,Bob,high
C1261,2025-11-17,beauty,hair,mobile app,south,3,Bad,average experience,neutral,5,yes,Esha,high
C1199,2025-03-20,electronics,mobile,website,east,1,No Title,bad packaging,negative,8,no,Esha,low
C1153,2025-12-09,beauty,skin,email,west,1,Average,late delivery,negative,7,no,Bob,high
C1238,2025-03-04,home,kitchen,survey,west,4,Average,Highly recommend,positive,15,yes,Chris,low
C1069,2026-01-25,electronics,laptop,email,west,4,No Title,Excellent product,positive,3,no,Deepa,high
C1048,2025-07-23,electronics,mobile,email,south,1,Average,bad packaging,negative,4,no,Deepa,high
C1248,2026-01-21,fashion,women,website,south,2,Average,app crash,negative,9,no,Chris,medium
C1145,2025-07-11,fashion,women,mobile app,south,5,Average,Highly recommend,positive,3,no,Bob,low
C1031,2026-04-21,fashion,men,email,north,2,Average,late delivery,negative,2,no,Chris,high
C1000,2026-02-14,home,furniture,mobile app,south,1,Review,support not helpful,negative,2,yes,Deepa,high
C1239,2025-08-24,grocery,food,social media,east,2,Good,app crash,negative,5,no,Bob,low
C1203,2025-04-17,beauty,skin,email,south,2,Bad,bad packaging,negative,11,yes,Alice,high
C1232,2025-08-12,beauty,skin,mobile app,east,1,Good,support not helpful,negative,14,yes,Esha,medium
C1171,2025-09-30,fashion,men,website,west,2,No Title,app crash,negative,9,yes,Chris,high
C1163,2025-03-10,home,furniture,survey,west,1,No Title,bad packaging,negative,12,no,Alice,high
C1170,2025-01-26,home,kitchen,website,north,2,Bad,bad packaging,negative,14,no,Deepa,medium
C1038,2025-10-03,electronics,laptop,survey,east,5,Review,Fast delivery,positive,5,yes,Chris,medium
C1110,2025-02-17,grocery,beverage,survey,north,4,No Title,Great support,positive,7,no,Bob,low
C1290,2026-03-29,electronics,laptop,survey,north,1,Review,poor quality,negative,2,yes,Alice,high
C1271,2025-12-24,home,kitchen,social media,south,4,Review,Loved it,positive,6,no,Alice,low
C1016,2026-02-02,fashion,men,website,south,5,Average,Fast delivery,positive,11,no,Deepa,medium
C1023,2026-04-01,electronics,mobile,email,east,4,No Title,Fast delivery,positive,1,no,Chris,medium
C1232,2026-01-18,home,kitchen,website,east,4,Bad,No Feedback,positive,6,no,Bob,medium
C1203,2025-01-22,electronics,laptop,mobile app,east,5,Review,Excellent product,positive,4,no,Chris,medium
C1159,2025-03-19,home,kitchen,social media,east,5,Average,Excellent product,positive,10,no,Deepa,high
C1165,2025-08-17,beauty,hair,survey,south,4,Good,Loved it,positive,10,no,Alice,high
C1300,2026-02-04,fashion,men,social media,south,1,Review,poor quality,negative,12,yes,Bob,medium
C1186,2025-05-14,beauty,skin,survey,west,2,Good,app crash,negative,9,no,Chris,high
C1182,2026-05-04,fashion,men,social media,east,4,Good,Excellent product,positive,11,yes,Alice,low
C1172,2025-03-14,home,kitchen,website,west,5,No Title,Excellent product,positive,14,no,Deepa,high
C1190,2025-03-05,home,furniture,social media,west,3,Average,acceptable,neutral,9,yes,Deepa,high
C1277,2025-05-26,electronics,laptop,survey,south,1,Average,bad packaging,negative,1,yes,Chris,high
C1084,2025-08-13,fashion,men,mobile app,west,3,Good,okay product,neutral,4,no,Chris,medium
C1268,2025-05-18,electronics,mobile,email,south,4,Bad,Highly recommend,positive,6,yes,Esha,high
C1081,2025-02-14,electronics,mobile,social media,west,4,Bad,Highly recommend,positive,1,yes,Alice,low
C1296,2025-06-05,grocery,beverage,mobile app,east,3,Review,average experience,neutral,8,no,Chris,low
C1203,2025-11-14,beauty,skin,website,south,5,Bad,No Feedback,positive,13,yes,Chris,medium
C1069,2025-01-25,fashion,men,website,west,1,No Title,app crash,negative,4,no,Esha,low
C1113,2025-03-07,electronics,laptop,website,east,4,Average,Fast delivery,positive,9,yes,Deepa,low
C1070,2026-04-30,beauty,hair,website,west,5,Good,Fast delivery,positive,5,no,Esha,high
C1280,2025-09-29,beauty,hair,website,north,5,Review,Great support,positive,1,no,Alice,high
C1292,2025-08-01,fashion,men,email,south,1,Bad,bad packaging,negative,8,no,Deepa,high
C1128,2025-03-09,fashion,men,survey,west,3,No Title,acceptable,neutral,2,no,Deepa,low
C1166,2025-12-26,beauty,skin,website,east,5,Bad,Great support,positive,5,no,Alice,high
C1160,2025-12-14,electronics,laptop,website,south,5,Review,Loved it,positive,6,no,Deepa,medium
C1161,2025-04-09,electronics,mobile,website,west,1,Bad,poor quality,negative,5,no,Chris,low
C1251,2026-04-22,beauty,hair,social media,north,5,Average,Highly recommend,positive,9,no,Chris,medium
C1157,2025-12-21,beauty,hair,mobile app,north,3,No Title,nothing special,neutral,6,no,Alice,low
C1037,2025-02-25,grocery,beverage,social media,west,4,No Title,Great support,positive,4,yes,Chris,low
C1174,2026-05-01,beauty,skin,social media,east,5,Average,Loved it,positive,14,no,Alice,high
C1003,2025-01-06,fashion,men,website,east,3,Review,acceptable,neutral,14,no,Bob,low
C1065,2025-10-20,electronics,mobile,social media,north,2,No Title,poor quality,negative,1,yes,Deepa,high
C1031,2025-12-19,fashion,women,email,south,5,Bad,Fast delivery,positive,7,no,Alice,low
C1078,2025-12-01,home,kitchen,website,south,4,Bad,Loved it,positive,15,yes,Deepa,high
C1245,2026-01-20,electronics,laptop,mobile app,south,5,Bad,Great support,positive,12,yes,Chris,high
C1153,2025-03-02,grocery,beverage,social media,west,2,Good,poor quality,negative,14,yes,Chris,high
C1199,2026-03-24,grocery,beverage,mobile app,north,3,Average,average experience,neutral,2,no,Esha,high
C1150,2026-02-14,home,furniture,social media,east,2,Average,bad packaging,negative,13,no,Chris,low
C1073,2025-10-01,home,furniture,website,south,5,Good,Fast delivery,positive,12,no,Esha,high
C1179,2025-04-19,fashion,men,social media,south,5,Good,Loved it,positive,10,no,Alice,high
C1103,2026-01-15,beauty,hair,mobile app,south,5,Average,Highly recommend,positive,4,yes,Esha,high
C1074,2026-03-30,home,kitchen,email,east,2,Average,No Feedback,negative,4,no,Alice,high
C1263,2025-05-05,grocery,beverage,survey,south,2,Bad,bad packaging,negative,2,yes,Bob,high
C1004,2025-08-12,grocery,food,website,east,5,Good,Highly recommend,positive,8,no,Alice,low
C1005,2025-12-24,electronics,mobile,social media,south,3,Review,nothing special,neutral,6,no,Chris,medium
C1138,2025-09-05,electronics,laptop,survey,north,3,Average,acceptable,neutral,11,no,Alice,high
C1214,2025-06-28,home,kitchen,mobile app,north,3,Bad,acceptable,neutral,2,no,Esha,high
C1273,2025-11-03,home,furniture,mobile app,west,1,Review,poor quality,negative,15,no,Esha,low
C1139,2025-12-12,fashion,women,survey,east,2,No Title,late delivery,negative,2,yes,Esha,high
C1272,2025-02-25,home,kitchen,website,west,5,Average,Excellent product,positive,11,no,Deepa,high
C1098,2025-12-09,home,furniture,mobile app,south,2,Average,support not helpful,negative,15,yes,Esha,high
C1173,2025-10-31,electronics,mobile,website,west,4,Review,No Feedback,positive,5,no,Bob,low
C1140,2026-03-05,fashion,women,social media,west,2,Average,late delivery,negative,8,no,Esha,medium
C1223,2025-06-24,grocery,beverage,website,west,2,No Title,poor quality,negative,7,yes,Bob,high
C1217,2025-10-16,beauty,skin,survey,west,4,Average,Highly recommend,positive,2,no,Alice,medium
C1064,2025-08-08,home,furniture,email,east,3,Good,works fine,neutral,9,no,Alice,low
C1275,2026-05-08,electronics,laptop,mobile app,west,3,Average,works fine,neutral,3,no,Esha,low
C1113,2026-01-31,home,kitchen,mobile app,south,4,Review,Highly recommend,positive,6,no,Bob,medium
C1166,2025-07-06,home,kitchen,social media,east,4,No Title,Great support,positive,15,yes,Esha,high
C1157,2026-03-07,fashion,women,website,south,3,Bad,okay product,neutral,14,yes,Bob,high
C1012,2025-01-06,electronics,laptop,survey,south,4,Average,Highly recommend,positive,3,yes,Alice,high
C1263,2026-04-21,home,furniture,website,north,2,Good,late delivery,negative,8,yes,Alice,high
C1210,2026-02-20,electronics,mobile,social media,south,2,Good,late delivery,negative,2,no,Bob,low
C1249,2025-04-16,home,kitchen,website,south,1,Good,poor quality,negative,12,yes,Bob,low
C1264,2025-01-21,beauty,skin,social media,south,1,Average,app crash,negative,10,no,Deepa,high
C1192,2025-08-14,beauty,skin,website,north,2,Good,app crash,negative,9,no,Bob,low
C1164,2025-06-08,home,kitchen,social media,south,3,No Title,acceptable,neutral,3,yes,Chris,high
C1074,2026-03-21,fashion,women,mobile app,west,5,Bad,Highly recommend,positive,7,yes,Esha,high
C1057,2026-01-12,grocery,beverage,survey,north,4,Review,Excellent product,positive,3,yes,Deepa,low
C1191,2026-03-27,electronics,laptop,website,east,3,No Title,nothing special,neutral,13,yes,Chris,low
C1062,2025-05-27,beauty,hair,email,south,1,No Title,app crash,negative,11,yes,Chris,high
C1059,2025-09-12,electronics,laptop,survey,south,2,No Title,support not helpful,negative,4,yes,Esha,low
C1153,2025-10-22,electronics,mobile,survey,south,1,Review,late delivery,negative,15,yes,Deepa,medium
C1123,2026-01-27,beauty,hair,survey,south,1,No Title,app crash,negative,5,no,Deepa,high
C1109,2025-02-02,fashion,women,website,south,3,Bad,works fine,neutral,9,yes,Alice,medium
C1178,2025-12-15,fashion,women,website,south,2,Bad,app crash,negative,10,yes,Chris,medium
C1006,2025-02-28,home,furniture,social media,east,4,Average,Fast delivery,positive,11,no,Bob,medium
C1293,2025-06-18,fashion,women,email,south,1,Bad,late delivery,negative,5,no,Chris,high
C1300,2025-12-05,home,furniture,email,east,3,Average,okay product,neutral,11,yes,Esha,medium
C1087,2025-04-06,home,kitchen,website,west,5,Bad,Fast delivery,positive,15,yes,Esha,medium
C1225,2025-11-24,fashion,men,website,south,4,No Title,Fast delivery,positive,4,no,Chris,high
C1080,2026-04-28,beauty,hair,mobile app,south,2,Good,bad packaging,negative,3,no,Esha,low
C1094,2026-04-18,electronics,mobile,social media,south,1,Good,poor quality,negative,10,yes,Deepa,high
C1160,2025-10-01,beauty,hair,website,south,2,No Title,poor quality,negative,10,yes,Esha,high
C1138,2026-01-14,beauty,hair,website,south,1,Bad,support not helpful,negative,4,yes,Deepa,high
C1289,2025-03-06,home,kitchen,mobile app,east,1,No Title,No Feedback,negative,11,no,Alice,high
C1237,2025-01-23,home,furniture,website,south,5,Average,Loved it,positive,7,no,Deepa,high
C1007,2025-03-14,beauty,skin,mobile app,south,5,No Title,No Feedback,positive,1,yes,Esha,medium
C1093,2026-04-15,grocery,beverage,email,west,2,Good,late delivery,negative,14,yes,Bob,medium
C1001,2026-04-12,beauty,hair,survey,west,3,Bad,works fine,neutral,1,yes,Deepa,medium
C1032,2025-12-25,beauty,skin,mobile app,west,5,Average,Fast delivery,positive,1,no,Bob,medium
C1207,2025-08-29,grocery,beverage,email,east,2,Good,bad packaging,negative,13,no,Chris,low
C1204,2026-01-18,beauty,skin,website,west,2,Bad,poor quality,negative,5,yes,Alice,medium
C1270,2026-01-29,beauty,hair,mobile app,north,3,No Title,average experience,neutral,14,no,Deepa,medium
C1285,2025-10-20,fashion,women,mobile app,south,3,Bad,average experience,neutral,4,yes,Bob,medium
C1082,2026-04-16,grocery,food,mobile app,south,2,Average,bad packaging,negative,5,no,Alice,high
C1086,2026-02-05,home,furniture,mobile app,east,4,Review,Great support,positive,2,yes,Deepa,low
C1196,2025-04-17,beauty,skin,survey,south,3,No Title,nothing special,neutral,3,no,Deepa,high
C1171,2025-04-02,fashion,women,survey,south,1,Average,support not helpful,negative,14,yes,Chris,low
C1110,2025-04-09,grocery,beverage,mobile app,south,4,Good,Loved it,positive,11,yes,Alice,high
C1293,2025-03-28,electronics,laptop,mobile app,south,1,No Title,support not helpful,negative,5,yes,Alice,high
C1067,2026-01-31,home,furniture,mobile app,south,2,Good,poor quality,negative,1,yes,Bob,medium
C1074,2025-11-06,home,furniture,email,south,5,No Title,Excellent product,positive,1,no,Chris,medium
C1037,2025-04-12,electronics,mobile,email,west,5,Good,Excellent product,positive,1,no,Esha,medium
C1091,2025-11-12,home,furniture,mobile app,east,5,Bad,Highly recommend,positive,4,yes,Alice,high
C1011,2025-10-18,electronics,laptop,mobile app,north,1,Good,poor quality,negative,5,yes,Deepa,low
C1233,2025-05-27,grocery,food,survey,south,1,Review,app crash,negative,9,yes,Chris,high
C1272,2025-06-04,electronics,laptop,email,north,4,No Title,Excellent product,positive,9,no,Deepa,high
C1240,2025-09-24,electronics,laptop,social media,south,5,Good,Excellent product,positive,14,yes,Bob,high
C1120,2025-02-12,fashion,men,survey,north,2,Good,poor quality,negative,15,no,Esha,medium
C1182,2025-09-07,fashion,women,social media,south,1,Average,late delivery,negative,1,no,Alice,high
C1105,2025-04-03,beauty,skin,mobile app,west,5,No Title,Great support,positive,1,yes,Bob,low
C1138,2026-01-23,electronics,laptop,social media,east,2,Review,poor quality,negative,8,no,Esha,low
C1281,2025-01-22,beauty,hair,email,west,3,Average,No Feedback,neutral,10,no,Deepa,low
C1095,2026-02-15,grocery,food,website,west,5,Review,Loved it,positive,4,yes,Bob,high
C1009,2025-11-22,grocery,food,social media,south,2,Review,bad packaging,negative,13,yes,Alice,medium
C1173,2025-01-16,electronics,laptop,social media,south,1,Review,app crash,negative,13,yes,Chris,high
C1096,2025-10-06,beauty,skin,survey,west,5,Review,No Feedback,positive,9,no,Deepa,low
C1012,2025-02-26,beauty,skin,social media,west,1,No Title,app crash,negative,1,no,Esha,medium
C1222,2025-08-11,electronics,mobile,social media,north,5,Bad,Excellent product,positive,11,yes,Alice,low
C1121,2025-11-27,beauty,hair,website,east,2,No Title,late delivery,negative,4,yes,Chris,medium
C1019,2025-03-27,fashion,women,website,west,1,No Title,No Feedback,negative,4,yes,Bob,medium
C1102,2026-04-26,home,kitchen,survey,south,4,Bad,Fast delivery,positive,5,no,Bob,low
C1190,2025-05-23,grocery,beverage,social media,east,2,Good,poor quality,negative,13,yes,Esha,high
C1053,2026-01-05,electronics,mobile,survey,south,2,No Title,late delivery,negative,9,yes,Esha,high
C1104,2026-05-16,electronics,mobile,social media,south,4,Review,No Feedback,positive,6,no,Alice,high
C1139,2026-02-04,fashion,men,social media,west,4,Bad,Great support,positive,12,no,Alice,low
C1043,2025-11-12,fashion,men,website,south,2,Average,poor quality,negative,14,yes,Alice,high
C1046,2025-07-12,home,kitchen,social media,east,3,Average,works fine,neutral,1,no,Esha,low
C1253,2025-03-04,grocery,beverage,website,north,2,No Title,late delivery,negative,11,yes,Esha,medium
C1242,2026-02-25,fashion,women,email,south,5,Bad,Great support,positive,15,yes,Alice,high
C1196,2025-05-01,beauty,hair,survey,east,3,Bad,acceptable,neutral,1,no,Deepa,high
C1235,2026-01-18,home,furniture,social media,south,3,Bad,acceptable,neutral,6,yes,Bob,high
C1002,2026-04-14,fashion,men,survey,south,3,Review,average experience,neutral,6,yes,Esha,medium
C1039,2026-02-26,fashion,men,website,south,1,No Title,support not helpful,negative,15,yes,Alice,high
C1234,2025-04-12,fashion,men,website,east,2,No Title,support not helpful,negative,14,no,Deepa,low
C1262,2025-06-12,grocery,beverage,email,south,3,Average,works fine,neutral,6,no,Bob,medium
C1151,2025-02-14,electronics,mobile,website,south,3,No Title,average experience,neutral,7,no,Chris,high
C1097,2026-03-14,home,kitchen,website,south,2,Average,No Feedback,negative,9,yes,Esha,medium
C1253,2025-11-13,grocery,food,survey,south,4,Good,Highly recommend,positive,8,no,Chris,high
C1227,2025-08-24,beauty,skin,social media,north,5,Average,Highly recommend,positive,14,yes,Alice,high
C1028,2025-08-12,electronics,mobile,website,east,3,Review,works fine,neutral,14,yes,Alice,low
C1274,2025-08-28,grocery,beverage,mobile app,east,2,Good,bad packaging,negative,6,yes,Bob,high
C1254,2025-08-25,grocery,beverage,website,south,2,No Title,late delivery,negative,8,no,Bob,low
C1247,2026-03-30,grocery,food,survey,east,2,Bad,app crash,negative,4,no,Chris,high
C1032,2026-01-06,beauty,hair,social media,east,5,Good,Highly recommend,positive,8,no,Deepa,high
C1162,2025-07-30,home,kitchen,survey,north,3,No Title,nothing special,neutral,14,yes,Bob,high
C1165,2025-07-20,home,kitchen,website,west,3,Average,nothing special,neutral,6,yes,Esha,high
C1028,2025-04-27,fashion,men,social media,south,5,No Title,Great support,positive,14,no,Esha,high
C1156,2025-07-22,fashion,women,email,west,5,Bad,Highly recommend,positive,6,yes,Chris,low
C1121,2025-07-15,electronics,mobile,survey,south,4,Bad,Loved it,positive,10,yes,Chris,low
C1223,2026-01-18,electronics,laptop,website,west,4,Good,Highly recommend,positive,7,no,Deepa,low
C1042,2025-07-17,electronics,mobile,email,east,5,No Title,Highly recommend,positive,4,no,Deepa,high
C1231,2025-05-06,grocery,beverage,website,west,5,Bad,Excellent product,positive,10,yes,Deepa,high
C1153,2026-01-31,home,kitchen,social media,north,1,Good,poor quality,negative,2,no,Deepa,high
C1177,2025-10-03,home,kitchen,mobile app,north,1,Average,late delivery,negative,9,no,Chris,high
C1212,2025-02-28,grocery,beverage,website,north,5,No Title,Excellent product,positive,6,no,Alice,high
C1025,2025-10-03,electronics,mobile,social media,east,5,Good,Loved it,positive,15,no,Esha,high
C1151,2025-12-03,electronics,laptop,social media,south,5,No Title,Excellent product,positive,1,yes,Chris,high
C1033,2025-01-02,grocery,beverage,email,south,5,Review,Fast delivery,positive,8,no,Bob,high
C1088,2025-05-12,grocery,food,website,west,5,Average,Great support,positive,10,yes,Chris,low
C1126,2026-02-16,beauty,skin,social media,north,4,Average,Loved it,positive,4,yes,Esha,medium
C1251,2025-08-01,grocery,food,website,east,4,No Title,Loved it,positive,7,yes,Chris,high
C1057,2025-08-30,home,kitchen,email,south,3,Review,okay product,neutral,15,yes,Bob,high
C1026,2025-10-18,fashion,men,survey,south,2,Average,bad packaging,negative,9,yes,Chris,low
C1083,2025-03-27,beauty,hair,website,east,5,Review,Great support,positive,8,yes,Chris,high
C1195,2025-08-09,electronics,laptop,website,south,4,No Title,Excellent product,positive,5,yes,Bob,high
C1171,2025-06-23,grocery,beverage,website,west,1,No Title,support not helpful,negative,5,no,Chris,low
C1183,2025-02-09,fashion,women,website,south,5,Average,Excellent product,positive,12,yes,Deepa,high
C1263,2026-03-28,beauty,hair,website,south,5,Good,Great support,positive,11,yes,Alice,high
C1004,2025-04-11,fashion,women,mobile app,south,3,No Title,average experience,neutral,15,yes,Bob,medium
C1097,2025-12-06,home,kitchen,social media,north,5,No Title,Fast delivery,positive,9,no,Bob,low
C1040,2025-07-22,home,furniture,website,south,5,Good,Fast delivery,positive,14,yes,Deepa,high
C1211,2025-02-05,home,kitchen,website,north,1,Good,bad packaging,negative,10,yes,Alice,medium
C1149,2025-11-16,beauty,hair,email,south,4,No Title,Excellent product,positive,14,yes,Alice,high
C1095,2025-12-13,home,kitchen,social media,north,4,Average,Highly recommend,positive,12,yes,Esha,low
C1220,2026-05-11,home,kitchen,social media,south,1,No Title,support not helpful,negative,4,yes,Deepa,high
C1118,2026-02-03,beauty,hair,mobile app,west,3,Review,okay product,neutral,6,no,Bob,high
C1076,2026-04-29,home,kitchen,website,south,5,Good,Loved it,positive,7,no,Esha,medium
C1170,2025-03-07,fashion,men,social media,south,4,Bad,Excellent product,positive,9,no,Bob,medium
C1178,2025-07-09,electronics,laptop,email,south,4,Review,Excellent product,positive,5,no,Chris,medium
C1208,2026-04-27,beauty,hair,email,north,2,Good,No Feedback,negative,3,no,Chris,high
C1011,2025-10-28,fashion,men,social media,south,4,Bad,Highly recommend,positive,2,yes,Bob,high
C1131,2025-05-01,electronics,laptop,website,east,2,Average,app crash,negative,5,yes,Bob,high
C1135,2025-02-27,home,kitchen,email,south,5,Good,Excellent product,positive,8,yes,Alice,medium
C1271,2025-03-19,grocery,beverage,mobile app,west,1,Good,poor quality,negative,15,no,Chris,medium
C1111,2025-11-14,grocery,food,website,north,3,Average,nothing special,neutral,15,yes,Esha,medium
C1210,2025-06-13,beauty,skin,social media,north,5,Average,Excellent product,positive,15,yes,Bob,high
C1204,2025-08-08,grocery,beverage,survey,south,2,Good,poor quality,negative,14,yes,Deepa,low
C1014,2025-03-17,electronics,mobile,mobile app,south,5,No Title,Excellent product,positive,2,yes,Chris,low
C1059,2026-01-05,beauty,hair,email,north,4,Review,Excellent product,positive,15,yes,Bob,low
C1002,2025-05-13,electronics,mobile,website,west,2,Average,bad packaging,negative,7,no,Alice,low
C1054,2025-04-09,home,kitchen,social media,west,4,Average,Excellent product,positive,6,yes,Esha,medium
C1026,2025-01-15,electronics,laptop,survey,east,1,Average,poor quality,negative,14,no,Chris,high
C1073,2025-12-01,home,furniture,website,south,2,Review,late delivery,negative,15,no,Esha,low
C1140,2026-03-09,grocery,beverage,mobile app,north,3,Review,No Feedback,neutral,11,yes,Esha,low
C1237,2025-05-31,fashion,men,website,south,4,Review,Excellent product,positive,2,yes,Alice,high
C1278,2025-01-03,home,kitchen,survey,west,1,Bad,support not helpful,negative,1,no,Chris,low
C1139,2025-04-29,beauty,skin,survey,south,4,Review,Fast delivery,positive,4,no,Deepa,high
C1296,2025-01-04,fashion,men,mobile app,east,5,No Title,Loved it,positive,12,no,Chris,medium
C1154,2025-08-19,fashion,women,website,north,4,No Title,Fast delivery,positive,7,yes,Alice,medium
C1007,2025-04-08,home,furniture,email,north,4,Review,Highly recommend,positive,1,no,Chris,low
C1150,2025-12-24,home,kitchen,social media,south,1,Review,No Feedback,negative,7,no,Bob,high
C1170,2025-09-05,grocery,beverage,email,south,1,Review,bad packaging,negative,12,yes,Esha,high
C1245,2025-02-08,grocery,beverage,survey,west,4,Good,Excellent product,positive,2,yes,Chris,low
C1269,2026-02-25,fashion,women,website,west,2,No Title,poor quality,negative,12,yes,Esha,high
C1295,2025-05-17,electronics,laptop,social media,south,4,Review,Fast delivery,positive,13,no,Esha,low
C1022,2025-10-14,grocery,food,website,west,2,Good,No Feedback,negative,10,no,Chris,medium
C1138,2025-11-18,electronics,mobile,social media,south,4,Review,Fast delivery,positive,8,yes,Alice,high
C1039,2025-05-21,home,furniture,survey,west,2,Review,poor quality,negative,11,yes,Bob,medium
C1132,2026-04-19,beauty,hair,survey,west,1,Average,bad packaging,negative,4,no,Bob,high
C1232,2026-01-20,home,furniture,mobile app,south,1,Good,poor quality,negative,3,yes,Esha,high
C1293,2025-11-13,grocery,food,social media,south,4,Good,Excellent product,positive,4,yes,Esha,medium
C1048,2025-09-07,fashion,women,website,south,4,Average,Great support,positive,14,no,Deepa,medium
C1017,2026-04-26,home,kitchen,social media,south,3,Review,average experience,neutral,15,yes,Deepa,high
C1100,2025-10-10,fashion,men,website,west,4,Review,Loved it,positive,1,yes,Esha,high
C1009,2025-04-27,fashion,men,survey,south,4,Average,Great support,positive,15,yes,Alice,low
C1003,2026-03-06,home,furniture,social media,west,5,Bad,Highly recommend,positive,3,no,Bob,high
C1069,2026-03-27,home,furniture,email,east,4,Review,Loved it,positive,4,no,Chris,high
C1199,2025-12-09,beauty,skin,survey,west,5,Bad,Fast delivery,positive,1,yes,Alice,high
C1123,2025-05-23,fashion,women,website,south,5,No Title,Highly recommend,positive,8,yes,Bob,high
C1010,2026-04-14,home,kitchen,social media,south,1,Average,No Feedback,negative,10,no,Chris,high
C1265,2025-02-24,home,kitchen,email,south,4,Average,Excellent product,positive,14,yes,Chris,low
C1078,2025-12-18,beauty,hair,website,north,5,Review,Excellent product,positive,11,no,Alice,high
C1025,2025-05-25,fashion,men,website,north,5,Review,Excellent product,positive,5,yes,Chris,high
C1091,2026-03-26,home,furniture,mobile app,south,4,Average,Fast delivery,positive,6,no,Deepa,high
C1245,2025-12-05,home,kitchen,email,east,4,Average,Highly recommend,positive,13,yes,Alice,high
C1055,2026-03-22,grocery,beverage,email,south,5,Bad,Highly recommend,positive,14,yes,Deepa,high
C1264,2025-03-04,beauty,skin,email,south,2,Average,poor quality,negative,10,no,Bob,high
C1224,2025-12-20,beauty,hair,website,north,1,Good,app crash,negative,2,yes,Alice,high
C1098,2025-06-09,beauty,hair,website,east,2,No Title,poor quality,negative,1,yes,Esha,high
C1218,2025-01-03,beauty,skin,mobile app,east,5,Good,Highly recommend,positive,5,yes,Chris,high
C1203,2025-03-02,grocery,beverage,mobile app,south,1,Bad,late delivery,negative,8,yes,Chris,high
C1026,2025-03-14,grocery,beverage,website,east,4,No Title,Highly recommend,positive,2,yes,Deepa,high
C1191,2025-06-02,fashion,women,email,south,2,No Title,late delivery,negative,14,yes,Alice,high
C1110,2025-02-01,grocery,beverage,email,north,5,Average,No Feedback,positive,1,no,Chris,medium
C1280,2026-04-21,grocery,food,social media,south,4,No Title,Loved it,positive,2,yes,Alice,high
C1282,2025-07-24,home,furniture,website,south,5,Review,Loved it,positive,10,yes,Deepa,low
C1127,2026-02-17,home,furniture,mobile app,north,1,Average,late delivery,negative,2,no,Chris,high
C1189,2025-07-06,home,kitchen,social media,south,3,Review,average experience,neutral,2,no,Chris,high
C1134,2026-04-05,fashion,men,email,north,3,Average,nothing special,neutral,14,yes,Alice,high
C1268,2025-10-15,grocery,food,survey,south,1,Good,poor quality,negative,13,no,Bob,high
C1118,2025-07-10,home,kitchen,mobile app,north,3,Good,okay product,neutral,11,no,Deepa,low
C1177,2025-09-01,fashion,women,survey,east,1,Bad,app crash,negative,15,no,Bob,high
C1012,2025-05-11,grocery,food,email,south,1,No Title,bad packaging,negative,4,yes,Deepa,high
C1076,2026-01-31,electronics,laptop,email,south,4,Average,Great support,positive,14,no,Deepa,high
C1215,2025-07-10,grocery,food,survey,east,3,Average,okay product,neutral,11,no,Esha,high
C1251,2025-10-18,fashion,women,website,north,1,Bad,bad packaging,negative,14,no,Alice,high
C1203,2025-05-11,electronics,mobile,social media,north,1,Average,bad packaging,negative,8,yes,Esha,high
C1253,2025-11-04,home,kitchen,website,south,2,No Title,late delivery,negative,1,no,Esha,medium
C1147,2025-05-03,home,kitchen,social media,west,1,Average,late delivery,negative,5,yes,Bob,high
C1143,2025-07-17,beauty,hair,email,west,3,Review,acceptable,neutral,9,no,Alice,high
C1045,2025-05-26,grocery,food,mobile app,south,3,Bad,No Feedback,neutral,11,no,Deepa,medium
C1037,2025-02-28,grocery,food,survey,south,2,Good,bad packaging,negative,15,yes,Bob,medium
C1240,2025-01-27,electronics,laptop,website,north,1,No Title,late delivery,negative,11,yes,Chris,medium
C1244,2025-10-13,home,furniture,website,west,2,Average,late delivery,negative,2,yes,Esha,high
C1075,2026-03-06,beauty,hair,mobile app,south,3,No Title,average experience,neutral,2,yes,Deepa,medium
C1031,2025-10-29,fashion,men,website,south,1,Review,support not helpful,negative,8,yes,Alice,medium
C1092,2026-04-25,beauty,skin,social media,south,5,Review,Fast delivery,positive,9,yes,Esha,medium
C1184,2026-02-26,fashion,women,website,west,1,Review,poor quality,negative,6,yes,Bob,low
C1061,2025-11-13,electronics,laptop,mobile app,east,2,Bad,late delivery,negative,4,yes,Chris,high
C1131,2025-05-21,fashion,women,website,west,2,Review,No Feedback,negative,5,yes,Esha,medium
C1201,2025-09-29,fashion,women,website,east,2,No Title,poor quality,negative,1,no,Alice,low
C1130,2025-12-02,grocery,food,mobile app,south,1,Review,bad packaging,negative,13,no,Deepa,medium
C1042,2025-05-08,electronics,laptop,website,west,2,Good,late delivery,negative,10,yes,Bob,high
C1258,2025-05-30,fashion,women,survey,north,4,Good,Highly recommend,positive,14,yes,Esha,low
C1218,2025-03-16,fashion,women,email,east,2,Average,support not helpful,negative,14,no,Chris,medium
C1261,2025-11-14,grocery,beverage,social media,south,2,Good,poor quality,negative,8,yes,Alice,high
C1176,2026-03-18,grocery,beverage,website,south,1,Average,late delivery,negative,3,yes,Alice,medium
C1010,2025-12-01,home,kitchen,survey,north,5,Average,Excellent product,positive,8,yes,Bob,high
C1261,2025-01-11,fashion,women,email,north,5,Average,Highly recommend,positive,9,no,Bob,low
C1154,2026-04-02,beauty,hair,website,north,4,Bad,Great support,positive,9,yes,Deepa,high
C1056,2025-06-24,grocery,food,mobile app,east,5,Bad,Loved it,positive,4,yes,Alice,high
C1159,2025-07-06,fashion,women,social media,south,4,No Title,Excellent product,positive,8,no,Esha,low
C1300,2025-03-12,grocery,beverage,survey,north,3,Review,average experience,neutral,2,no,Esha,high
C1153,2026-04-20,home,furniture,mobile app,south,5,Bad,Excellent product,positive,1,yes,Chris,high
C1204,2026-01-24,grocery,beverage,website,north,2,Bad,late delivery,negative,4,no,Deepa,high
C1099,2025-09-05,electronics,laptop,website,east,3,Review,No Feedback,neutral,9,no,Esha,medium
C1102,2025-02-14,grocery,food,website,south,4,Average,Loved it,positive,11,no,Esha,medium
C1265,2026-04-04,fashion,women,survey,north,2,Bad,late delivery,negative,3,no,Chris,low
C1139,2026-03-27,electronics,mobile,email,east,5,Bad,Fast delivery,positive,1,no,Chris,high
C1223,2026-04-12,electronics,laptop,mobile app,south,4,Bad,Loved it,positive,2,yes,Deepa,high
C1046,2025-05-06,home,furniture,social media,east,5,Bad,Excellent product,positive,13,no,Bob,high
C1292,2025-06-21,beauty,skin,mobile app,west,4,No Title,Excellent product,positive,13,yes,Deepa,high
C1239,2025-02-23,beauty,hair,mobile app,west,2,Bad,poor quality,negative,8,no,Bob,low
C1213,2025-02-28,fashion,men,social media,south,4,No Title,Highly recommend,positive,5,no,Deepa,low
C1102,2025-08-04,home,furniture,website,east,2,Good,poor quality,negative,15,yes,Deepa,low
C1016,2025-01-21,home,kitchen,website,west,5,Review,No Feedback,positive,15,yes,Bob,low
C1126,2025-01-17,beauty,skin,social media,east,1,Average,support not helpful,negative,15,yes,Esha,low
C1293,2025-11-18,home,kitchen,website,west,3,No Title,acceptable,neutral,5,yes,Esha,high
C1051,2025-12-14,fashion,men,survey,south,4,No Title,No Feedback,positive,6,no,Bob,medium
C1182,2025-05-19,beauty,skin,survey,east,5,Average,Loved it,positive,8,yes,Bob,medium
C1138,2025-03-31,home,furniture,mobile app,east,1,Bad,support not helpful,negative,8,yes,Esha,medium
C1004,2025-07-16,fashion,women,mobile app,east,3,Average,works fine,neutral,2,yes,Chris,low
C1286,2025-07-09,electronics,laptop,social media,north,5,Bad,Great support,positive,8,yes,Chris,high
C1150,2025-05-25,grocery,food,survey,east,1,Bad,poor quality,negative,12,yes,Esha,high
C1284,2025-03-17,fashion,women,email,east,5,Bad,Fast delivery,positive,12,no,Chris,high
C1203,2026-01-03,fashion,women,survey,north,2,Good,app crash,negative,10,no,Alice,high
C1289,2025-06-12,home,kitchen,survey,south,1,No Title,poor quality,negative,11,no,Deepa,medium
C1079,2025-04-18,grocery,food,website,south,1,No Title,poor quality,negative,9,no,Alice,high
C1157,2025-05-23,grocery,beverage,mobile app,north,5,Average,Loved it,positive,11,yes,Esha,medium
C1123,2026-01-09,beauty,skin,social media,south,5,No Title,Highly recommend,positive,8,no,Alice,high
C1147,2025-12-14,home,kitchen,email,south,5,Good,Fast delivery,positive,14,yes,Bob,high
C1296,2026-03-23,electronics,laptop,survey,south,2,Good,poor quality,negative,10,yes,Chris,high
C1294,2025-06-15,home,kitchen,survey,south,5,No Title,Excellent product,positive,10,yes,Chris,low
C1009,2025-08-06,electronics,laptop,website,east,3,Bad,average experience,neutral,15,yes,Chris,high
C1170,2025-07-19,electronics,mobile,email,west,2,No Title,app crash,negative,13,yes,Esha,high
C1198,2025-10-10,grocery,beverage,email,south,1,Average,bad packaging,negative,10,yes,Chris,high
C1197,2025-05-08,electronics,mobile,social media,south,3,Average,works fine,neutral,4,yes,Alice,medium
C1070,2025-08-18,electronics,laptop,mobile app,south,4,Average,Excellent product,positive,15,yes,Deepa,high
C1252,2026-01-13,home,furniture,website,south,5,Review,Highly recommend,positive,12,no,Chris,high
C1210,2025-12-10,home,furniture,website,east,2,Good,bad packaging,negative,3,no,Esha,medium
C1228,2026-03-12,grocery,beverage,mobile app,south,4,No Title,Great support,positive,6,yes,Bob,low
C1274,2025-11-19,fashion,women,website,west,3,Average,works fine,neutral,11,yes,Deepa,medium
C1253,2025-07-02,beauty,skin,survey,south,1,Review,support not helpful,negative,2,no,Chris,low
C1290,2025-05-22,home,kitchen,website,south,5,No Title,Fast delivery,positive,7,no,Bob,high
C1077,2025-02-25,electronics,laptop,social media,west,5,No Title,Great support,positive,9,no,Alice,medium
C1237,2025-09-06,electronics,laptop,mobile app,south,3,Average,average experience,neutral,10,no,Bob,medium
C1182,2025-09-04,electronics,mobile,website,west,5,Good,Loved it,positive,9,no,Bob,low
C1135,2025-12-25,fashion,men,email,south,4,Review,Great support,positive,9,no,Alice,high
C1294,2025-07-11,electronics,laptop,website,east,1,Average,late delivery,negative,1,no,Esha,medium
C1022,2025-09-26,fashion,men,survey,north,1,Bad,poor quality,negative,15,yes,Alice,low
C1119,2026-04-30,electronics,mobile,email,east,4,Good,Highly recommend,positive,14,yes,Chris,high
C1213,2026-03-09,grocery,food,website,east,3,No Title,okay product,neutral,3,yes,Alice,medium
C1279,2026-05-11,home,furniture,social media,north,1,Good,support not helpful,negative,8,yes,Chris,low
C1084,2026-04-29,electronics,mobile,mobile app,east,3,Review,acceptable,neutral,13,yes,Chris,medium
C1105,2025-10-10,electronics,laptop,social media,east,5,No Title,Highly recommend,positive,9,no,Bob,high
C1139,2026-05-10,fashion,women,mobile app,west,1,No Title,bad packaging,negative,6,no,Deepa,low
C1190,2026-02-26,beauty,skin,website,south,5,Bad,Loved it,positive,9,yes,Esha,low
C1219,2026-03-26,beauty,hair,survey,south,2,Good,support not helpful,negative,9,yes,Alice,high
C1138,2026-03-06,beauty,skin,website,south,1,Good,late delivery,negative,7,no,Bob,high
C1274,2025-08-24,fashion,women,website,south,3,Bad,acceptable,neutral,9,no,Esha,high
C1192,2026-01-29,electronics,laptop,email,south,4,Good,Highly recommend,positive,1,no,Alice,medium
C1118,2025-04-03,home,furniture,website,north,5,Review,Excellent product,positive,14,no,Bob,medium
C1129,2025-08-31,fashion,women,website,south,4,Good,Highly recommend,positive,7,yes,Chris,medium
C1178,2025-12-31,home,kitchen,website,south,2,Average,app crash,negative,5,yes,Deepa,high
C1163,2025-01-02,fashion,women,email,south,2,Bad,late delivery,negative,3,yes,Chris,high
C1061,2025-06-24,home,kitchen,social media,east,5,Average,Great support,positive,1,yes,Alice,high
C1279,2025-01-15,fashion,men,website,south,1,No Title,No Feedback,negative,12,yes,Deepa,low
C1287,2025-08-05,home,kitchen,email,south,5,Bad,No Feedback,positive,2,no,Bob,low
C1140,2026-02-22,grocery,food,social media,north,4,Good,Excellent product,positive,3,no,Esha,high
C1176,2026-01-27,home,kitchen,survey,north,1,Average,bad packaging,negative,4,yes,Chris,high
C1118,2025-05-22,electronics,laptop,email,north,5,No Title,Great support,positive,1,no,Esha,high
C1151,2026-02-06,grocery,food,social media,south,1,No Title,support not helpful,negative,7,yes,Esha,high
C1088,2025-03-27,grocery,beverage,mobile app,north,4,Average,Great support,positive,11,yes,Chris,medium
C1204,2025-02-20,home,kitchen,survey,west,5,Review,Great support,positive,1,no,Alice,high
C1062,2026-04-22,beauty,hair,website,south,4,No Title,Great support,positive,2,no,Deepa,high
C1018,2025-01-24,fashion,women,social media,south,2,No Title,late delivery,negative,2,no,Deepa,high
C1198,2025-02-02,home,kitchen,website,west,1,No Title,poor quality,negative,12,yes,Alice,high
C1054,2025-08-05,home,furniture,mobile app,south,3,No Title,late delivery,neutral,12,yes,Chris,high
C1038,2026-03-19,fashion,women,survey,south,2,Average,poor quality,negative,14,no,Esha,medium
C1176,2025-04-29,electronics,mobile,website,south,5,Good,Loved it,positive,12,no,Alice,medium
C1074,2026-05-13,electronics,mobile,website,south,1,Bad,late delivery,negative,2,yes,Deepa,medium
C1049,2025-03-25,electronics,laptop,mobile app,south,3,No Title,acceptable,neutral,12,yes,Bob,medium
C1255,2025-09-10,fashion,men,mobile app,east,5,No Title,Highly recommend,positive,14,yes,Chris,high
C1159,2025-01-31,grocery,food,website,south,1,No Title,app crash,negative,2,no,Chris,high
C1050,2025-08-11,beauty,skin,survey,west,5,No Title,Great support,positive,13,no,Esha,low
C1197,2026-01-22,fashion,men,email,east,4,Good,Excellent product,positive,14,yes,Esha,high
C1154,2025-08-15,fashion,women,survey,south,1,Bad,late delivery,negative,7,yes,Chris,high
C1058,2025-08-07,fashion,women,mobile app,east,1,Bad,No Feedback,negative,7,no,Esha,high
C1105,2025-03-26,electronics,laptop,email,west,2,Review,poor quality,negative,11,no,Chris,medium
C1005,2026-05-14,electronics,mobile,website,north,3,Review,nothing special,neutral,10,no,Bob,high
C1120,2026-04-02,grocery,food,website,north,4,Review,Highly recommend,positive,10,no,Deepa,high
C1215,2026-03-13,electronics,mobile,website,north,3,Good,okay product,neutral,2,no,Esha,high
C1256,2025-08-04,electronics,mobile,social media,west,2,No Title,support not helpful,negative,12,no,Esha,medium
C1282,2025-03-14,fashion,men,website,east,3,Review,acceptable,neutral,11,no,Chris,medium
C1142,2025-02-03,grocery,food,social media,south,5,No Title,Great support,positive,1,no,Chris,high
C1028,2026-02-23,home,furniture,survey,west,1,Good,late delivery,negative,7,yes,Esha,high
C1271,2025-12-10,electronics,mobile,email,north,2,Average,late delivery,negative,1,yes,Esha,medium
C1155,2025-10-11,grocery,food,email,west,3,Bad,works fine,neutral,7,yes,Alice,high
C1043,2025-04-16,grocery,food,website,west,5,Bad,Excellent product,positive,9,yes,Esha,high
C1238,2025-06-26,grocery,beverage,email,west,4,Bad,Excellent product,positive,12,no,Alice,high
C1245,2026-04-22,fashion,men,survey,north,2,Bad,support not helpful,negative,2,no,Alice,high
C1221,2025-02-15,home,furniture,survey,east,5,Bad,No Feedback,positive,8,yes,Alice,medium
C1138,2025-08-07,home,kitchen,website,south,3,Review,okay product,neutral,7,no,Bob,medium
C1232,2025-11-05,fashion,women,social media,east,4,No Title,Highly recommend,positive,9,no,Alice,high
C1074,2025-11-12,beauty,skin,email,east,1,Review,No Feedback,negative,15,yes,Esha,high
C1118,2025-05-07,beauty,skin,social media,south,5,Review,No Feedback,positive,4,no,Deepa,medium
C1294,2025-08-27,beauty,hair,website,west,3,Bad,okay product,neutral,14,yes,Deepa,high
C1132,2026-04-24,home,kitchen,survey,east,3,No Title,nothing special,neutral,1,no,Bob,high
C1207,2025-01-26,beauty,skin,website,east,5,Bad,Highly recommend,positive,14,no,Alice,high
C1020,2025-10-05,electronics,mobile,social media,north,1,Bad,bad packaging,negative,6,yes,Esha,low
C1255,2025-12-13,fashion,men,website,south,5,No Title,Excellent product,positive,9,yes,Chris,medium
C1232,2026-02-02,beauty,hair,survey,east,3,Good,works fine,neutral,5,yes,Chris,low
C1011,2025-06-11,grocery,food,website,south,4,Bad,Highly recommend,positive,6,yes,Alice,high
C1046,2025-04-25,beauty,hair,website,south,5,Review,Loved it,positive,6,no,Chris,high
C1276,2025-08-22,electronics,mobile,survey,north,4,Average,Loved it,positive,7,no,Alice,high
C1145,2025-03-08,electronics,mobile,mobile app,south,4,No Title,Loved it,positive,11,no,Esha,high
C1021,2026-01-27,fashion,men,survey,west,3,Average,okay product,neutral,10,no,Deepa,high
C1202,2025-10-20,grocery,food,email,south,4,Good,No Feedback,positive,5,yes,Alice,high
C1018,2025-10-12,fashion,men,website,north,1,No Title,poor quality,negative,7,no,Deepa,high
C1107,2025-08-04,beauty,hair,email,east,5,Review,Great support,positive,10,yes,Chris,high
C1237,2025-04-12,home,furniture,mobile app,east,4,Review,Great support,positive,6,yes,Esha,low
C1065,2025-03-24,home,furniture,email,south,5,Good,Excellent product,positive,4,yes,Chris,high
C1157,2025-06-02,fashion,men,email,north,5,Good,Highly recommend,positive,4,yes,Bob,high
C1168,2025-08-30,fashion,women,website,west,3,Good,acceptable,neutral,11,yes,Chris,high
C1217,2025-09-23,grocery,food,survey,north,3,Review,nothing special,neutral,11,no,Bob,low
C1243,2026-03-26,fashion,men,survey,west,1,Review,poor quality,negative,7,no,Esha,medium
C1054,2025-09-22,fashion,women,social media,south,4,Bad,Fast delivery,positive,15,yes,Alice,high
C1048,2025-10-21,home,kitchen,mobile app,south,3,Average,average experience,neutral,5,no,Chris,low
C1024,2025-10-21,home,furniture,social media,south,1,Good,support not helpful,negative,10,no,Deepa,high
C1026,2025-07-27,fashion,women,social media,south,2,Review,app crash,negative,12,yes,Esha,high
C1220,2025-10-14,electronics,laptop,email,north,4,Bad,Excellent product,positive,1,no,Bob,low
C1069,2026-03-01,electronics,laptop,social media,south,5,Average,Excellent product,positive,1,no,Deepa,high
C1283,2025-09-18,electronics,laptop,website,north,5,Bad,Excellent product,positive,1,yes,Deepa,medium
C1198,2025-11-23,grocery,food,email,west,3,No Title,average experience,neutral,3,yes,Deepa,medium
C1069,2025-03-24,home,kitchen,website,north,5,Bad,Highly recommend,positive,6,yes,Chris,low
C1010,2026-04-11,grocery,beverage,mobile app,south,4,Good,Loved it,positive,4,no,Alice,high
C1126,2026-03-23,grocery,beverage,survey,east,3,No Title,acceptable,neutral,11,yes,Bob,high
C1007,2025-07-02,grocery,beverage,survey,west,1,Review,bad packaging,negative,11,no,Alice,high
C1211,2025-01-21,grocery,food,social media,south,5,Average,Great support,positive,4,no,Esha,medium
C1068,2025-08-16,grocery,food,survey,south,3,Bad,average experience,neutral,10,yes,Bob,high
C1254,2026-01-01,grocery,food,email,east,3,Good,acceptable,neutral,2,yes,Chris,high
C1074,2025-12-10,grocery,food,website,east,5,No Title,Great support,positive,7,yes,Alice,low
C1279,2025-08-13,electronics,laptop,survey,south,5,Average,Highly recommend,positive,5,yes,Alice,high
C1022,2025-12-08,beauty,hair,email,west,1,Bad,support not helpful,negative,7,no,Alice,medium
C1063,2026-05-10,electronics,mobile,mobile app,south,4,Good,Fast delivery,positive,12,no,Alice,high
C1081,2025-12-25,grocery,food,social media,north,4,Review,Fast delivery,positive,13,no,Deepa,high
C1183,2025-10-25,electronics,mobile,social media,north,3,Bad,works fine,neutral,5,yes,Esha,high
C1170,2025-08-28,home,furniture,mobile app,south,4,No Title,Great support,positive,1,no,Bob,medium
C1205,2025-05-15,grocery,beverage,survey,south,2,Review,poor quality,negative,13,yes,Chris,low
C1023,2025-01-05,fashion,women,website,north,4,Average,Highly recommend,positive,11,yes,Bob,low
C1275,2025-04-17,grocery,food,survey,east,3,Review,acceptable,neutral,13,no,Alice,low
C1266,2025-07-09,home,kitchen,email,east,4,Bad,Great support,positive,15,no,Esha,low
C1052,2025-11-09,beauty,hair,survey,north,1,Good,late delivery,negative,14,yes,Alice,medium
C1208,2025-11-05,beauty,skin,mobile app,east,5,Review,Highly recommend,positive,4,yes,Esha,low
C1278,2026-04-10,home,furniture,survey,south,2,No Title,poor quality,negative,8,yes,Esha,high
C1113,2025-05-05,fashion,men,email,west,4,Review,Highly recommend,positive,14,yes,Bob,high
C1073,2025-08-19,home,kitchen,social media,north,4,Bad,Highly recommend,positive,3,yes,Deepa,low
C1209,2025-01-16,home,kitchen,mobile app,north,5,Good,Excellent product,positive,2,yes,Alice,low
C1277,2025-05-22,electronics,laptop,mobile app,south,4,Good,Fast delivery,positive,5,yes,Alice,high
C1147,2025-01-24,fashion,men,mobile app,east,1,Average,poor quality,negative,7,no,Deepa,high
C1124,2025-01-27,electronics,mobile,email,south,1,Average,poor quality,negative,15,yes,Alice,high
C1014,2025-12-16,fashion,women,mobile app,north,1,Good,poor quality,negative,3,no,Bob,high
C1042,2025-04-03,fashion,men,email,south,4,Bad,Great support,positive,5,yes,Chris,high
C1140,2025-07-19,fashion,women,social media,east,3,No Title,okay product,neutral,11,no,Alice,high
C1296,2026-02-20,electronics,laptop,website,south,4,Review,Fast delivery,positive,9,yes,Alice,high
C1041,2026-03-08,fashion,women,website,west,1,Good,support not helpful,negative,14,yes,Alice,medium
C1288,2025-09-06,beauty,skin,website,south,5,Review,Highly recommend,positive,5,no,Chris,medium
C1086,2025-04-30,home,furniture,social media,west,4,Good,Loved it,positive,12,no,Deepa,high
C1223,2025-12-25,electronics,mobile,social media,west,2,Bad,poor quality,negative,8,no,Bob,high
C1198,2025-11-06,grocery,food,survey,south,1,Bad,late delivery,negative,3,yes,Deepa,high
C1033,2026-03-27,fashion,women,email,south,4,Bad,Fast delivery,positive,13,yes,Chris,high
C1013,2025-04-25,grocery,food,mobile app,east,2,No Title,late delivery,negative,5,no,Chris,high
C1128,2025-04-30,fashion,men,social media,south,5,No Title,Fast delivery,positive,14,no,Alice,medium
C1294,2025-07-10,beauty,skin,email,south,2,Review,support not helpful,negative,4,no,Alice,medium
C1050,2025-11-08,home,furniture,email,north,4,Average,Excellent product,positive,1,no,Deepa,high
C1016,2025-04-04,grocery,beverage,website,east,5,No Title,Loved it,positive,11,yes,Alice,low
C1271,2025-06-04,electronics,mobile,mobile app,west,2,Good,support not helpful,negative,3,no,Deepa,low
C1067,2025-11-12,fashion,men,website,south,3,No Title,average experience,neutral,12,yes,Deepa,medium
C1120,2025-12-22,electronics,mobile,website,north,2,No Title,poor quality,negative,15,yes,Esha,medium
C1116,2025-08-09,fashion,men,website,east,2,Average,support not helpful,negative,4,yes,Deepa,medium
C1228,2025-03-03,beauty,skin,social media,west,1,Average,poor quality,negative,15,no,Chris,low
C1154,2025-02-11,beauty,skin,social media,west,3,Review,nothing special,neutral,1,yes,Chris,high
C1173,2025-03-12,electronics,laptop,website,south,5,Review,Highly recommend,positive,10,yes,Esha,high
C1220,2025-05-21,grocery,beverage,survey,west,5,Good,Highly recommend,positive,15,yes,Chris,medium
C1300,2025-07-08,electronics,laptop,website,north,1,Bad,support not helpful,negative,3,yes,Bob,high
C1168,2025-09-13,electronics,mobile,website,west,1,Bad,bad packaging,negative,2,yes,Bob,high
C1279,2026-04-12,fashion,women,survey,east,4,Review,Excellent product,positive,6,yes,Chris,high
C1064,2026-04-22,home,kitchen,mobile app,east,4,Good,Loved it,positive,4,yes,Esha,low
C1001,2025-06-06,home,kitchen,mobile app,south,2,No Title,No Feedback,negative,14,yes,Deepa,medium
C1269,2026-03-12,electronics,laptop,email,north,4,No Title,Great support,positive,5,yes,Bob,low
C1200,2025-11-10,beauty,hair,mobile app,east,4,Review,Great support,positive,10,yes,Chris,low
C1208,2025-11-17,electronics,mobile,email,south,3,No Title,nothing special,neutral,1,no,Deepa,medium
C1145,2025-08-17,beauty,hair,survey,west,5,Review,Fast delivery,positive,5,yes,Deepa,medium
C1171,2025-10-30,fashion,men,website,north,1,Bad,No Feedback,negative,5,yes,Deepa,high
C1051,2025-12-16,home,furniture,website,north,3,Review,nothing special,neutral,3,no,Bob,medium
C1254,2025-05-08,home,kitchen,survey,east,3,Bad,average experience,neutral,10,no,Esha,low
C1267,2026-03-22,electronics,mobile,survey,west,4,Good,Highly recommend,positive,4,no,Deepa,medium
C1299,2025-01-22,fashion,women,survey,west,1,Bad,poor quality,negative,1,yes,Esha,low
C1210,2025-04-21,grocery,food,website,west,4,Bad,No Feedback,positive,5,no,Chris,medium
C1133,2025-11-30,beauty,hair,mobile app,south,4,Good,Loved it,positive,4,yes,Deepa,low
C1101,2026-03-25,home,furniture,social media,east,3,Review,acceptable,neutral,14,no,Deepa,low
C1189,2026-04-09,grocery,food,website,north,1,No Title,app crash,negative,15,no,Alice,medium
C1025,2026-02-13,beauty,hair,email,west,3,Average,nothing special,neutral,6,no,Alice,medium
C1186,2026-03-12,home,furniture,email,north,1,Average,poor quality,negative,10,yes,Bob,high
C1075,2025-09-18,grocery,food,survey,south,4,Good,Loved it,positive,15,yes,Chris,high
C1074,2026-05-13,home,furniture,website,south,4,Good,Great support,positive,9,no,Esha,high
C1167,2026-03-08,fashion,women,mobile app,east,5,Average,Great support,positive,8,no,Deepa,high
C1200,2025-04-26,fashion,men,website,west,4,Review,Loved it,positive,4,yes,Deepa,low
C1278,2025-08-04,electronics,mobile,website,east,3,Review,acceptable,neutral,12,yes,Alice,low
C1091,2025-02-15,fashion,women,email,north,2,Average,poor quality,negative,4,no,Alice,high
C1092,2025-07-02,grocery,food,email,north,2,Average,app crash,negative,8,yes,Esha,high
C1017,2025-10-01,electronics,mobile,website,south,2,Good,poor quality,negative,10,no,Deepa,high
C1287,2026-03-14,beauty,hair,social media,west,1,No Title,poor quality,negative,12,yes,Chris,medium
C1280,2026-02-26,home,furniture,survey,west,2,Review,late delivery,negative,3,yes,Esha,medium
C1023,2026-04-15,grocery,beverage,social media,west,3,No Title,okay product,neutral,15,no,Deepa,medium
C1251,2026-05-15,fashion,women,website,north,1,Good,bad packaging,negative,11,no,Deepa,medium
C1105,2025-03-20,fashion,men,mobile app,east,5,Bad,Loved it,positive,13,yes,Alice,medium
C1239,2025-12-20,fashion,men,website,south,1,No Title,app crash,negative,13,no,Deepa,high
C1120,2025-09-14,beauty,skin,website,west,4,Bad,Great support,positive,6,yes,Bob,high
C1150,2026-03-09,grocery,beverage,email,west,2,Review,late delivery,negative,2,no,Bob,medium
C1159,2025-08-19,electronics,laptop,website,east,2,Bad,app crash,negative,10,yes,Bob,high
C1088,2025-07-22,electronics,laptop,website,east,5,Average,late delivery,positive,7,no,Alice,medium
C1169,2025-11-11,electronics,laptop,survey,south,1,No Title,app crash,negative,15,yes,Alice,high
C1109,2025-02-18,grocery,food,social media,east,1,No Title,No Feedback,negative,1,no,Bob,medium
C1021,2026-01-02,grocery,food,survey,south,2,Average,late delivery,negative,7,no,Alice,high
C1257,2026-03-10,fashion,women,survey,south,1,Bad,late delivery,negative,5,yes,Chris,high
C1190,2025-01-06,home,kitchen,social media,south,3,No Title,No Feedback,neutral,7,no,Chris,medium
C1207,2025-12-21,beauty,skin,website,west,1,Bad,late delivery,negative,3,yes,Esha,low
C1295,2025-12-05,beauty,hair,website,east,2,Average,app crash,negative,14,no,Alice,medium
C1210,2026-03-04,electronics,mobile,website,east,1,Good,bad packaging,negative,15,yes,Bob,high
C1088,2025-09-01,beauty,hair,email,west,2,Good,support not helpful,negative,8,no,Deepa,low
C1005,2026-05-11,grocery,beverage,website,south,4,Good,Highly recommend,positive,1,no,Deepa,high
C1286,2026-01-18,home,furniture,website,west,4,Review,Highly recommend,positive,8,no,Esha,medium
C1066,2025-11-09,electronics,laptop,website,south,2,No Title,bad packaging,negative,10,yes,Esha,high
C1221,2025-11-10,grocery,food,website,south,1,Average,late delivery,negative,11,yes,Chris,high
C1053,2026-02-21,grocery,beverage,website,east,2,Good,poor quality,negative,15,yes,Bob,high
C1107,2025-07-23,beauty,hair,website,south,1,No Title,poor quality,negative,4,yes,Bob,medium
C1267,2025-04-22,home,kitchen,email,west,5,No Title,Loved it,positive,9,no,Esha,medium
C1008,2026-03-19,home,furniture,mobile app,north,5,Bad,No Feedback,positive,1,no,Deepa,low
C1299,2025-09-11,beauty,hair,website,west,5,Review,Fast delivery,positive,4,no,Esha,high
C1134,2026-04-12,fashion,women,website,north,2,No Title,bad packaging,negative,4,yes,Chris,high
C1180,2026-02-09,home,furniture,email,west,5,Good,Highly recommend,positive,6,yes,Alice,high
C1060,2025-02-22,home,furniture,social media,west,5,Good,Excellent product,positive,1,yes,Chris,high
C1011,2026-02-12,electronics,mobile,website,south,3,No Title,nothing special,neutral,15,no,Chris,high
C1143,2025-02-07,grocery,food,survey,east,4,Good,Excellent product,positive,6,yes,Alice,medium
C1041,2026-05-06,grocery,food,social media,west,3,Average,acceptable,neutral,7,no,Alice,low
C1264,2026-03-18,electronics,laptop,website,west,3,Review,acceptable,neutral,1,yes,Chris,high
C1189,2026-02-11,fashion,women,website,south,4,No Title,Excellent product,positive,11,no,Deepa,high
C1060,2025-02-11,beauty,hair,social media,west,2,Review,bad packaging,negative,7,yes,Esha,medium
C1194,2025-07-22,home,furniture,website,north,3,Review,okay product,neutral,2,yes,Chris,high
C1054,2025-07-19,fashion,men,survey,south,5,No Title,Excellent product,positive,3,no,Alice,high
C1131,2025-05-06,home,furniture,social media,north,1,Review,support not helpful,negative,15,yes,Deepa,high
C1210,2025-10-25,grocery,food,website,south,5,Good,Loved it,positive,5,yes,Esha,low
C1051,2025-05-17,fashion,men,mobile app,east,5,Average,Highly recommend,positive,13,no,Deepa,high
C1047,2025-09-03,beauty,hair,mobile app,south,4,Average,Highly recommend,positive,9,no,Chris,medium
C1035,2026-04-24,electronics,mobile,email,south,1,Average,app crash,negative,8,yes,Esha,high
C1221,2026-02-12,home,furniture,mobile app,west,1,Good,poor quality,negative,3,yes,Chris,high
C1194,2026-05-05,grocery,beverage,social media,east,4,Average,Fast delivery,positive,14,yes,Alice,high
C1206,2025-07-16,electronics,laptop,social media,south,2,Bad,app crash,negative,4,yes,Chris,low
C1218,2025-02-02,fashion,men,social media,south,5,Good,Great support,positive,13,yes,Bob,high
C1138,2026-02-12,electronics,laptop,website,west,3,Bad,okay product,neutral,13,no,Deepa,medium
C1173,2025-09-07,home,furniture,email,south,3,Good,okay product,neutral,5,no,Deepa,medium
C1118,2025-08-17,fashion,men,website,south,5,No Title,Loved it,positive,9,yes,Chris,high
C1018,2026-04-08,home,kitchen,website,east,2,Review,bad packaging,negative,1,no,Esha,low
C1134,2025-12-23,beauty,hair,social media,west,3,Good,nothing special,neutral,14,yes,Bob,high
C1100,2025-08-22,grocery,food,website,south,1,Bad,bad packaging,negative,8,no,Bob,high
C1230,2025-01-05,beauty,hair,website,east,2,Review,bad packaging,negative,11,yes,Bob,low
C1015,2025-02-17,beauty,hair,website,east,1,Good,late delivery,negative,13,yes,Alice,high
C1051,2026-04-18,fashion,women,mobile app,east,4,Average,Great support,positive,1,no,Bob,high
C1199,2025-09-25,beauty,skin,social media,east,1,No Title,support not helpful,negative,5,no,Bob,high
C1254,2025-12-26,grocery,beverage,website,south,2,Review,poor quality,negative,13,yes,Deepa,medium
C1061,2025-12-05,beauty,skin,mobile app,south,3,Bad,acceptable,neutral,6,no,Alice,high
C1121,2025-06-18,beauty,hair,website,north,2,Bad,support not helpful,negative,2,no,Alice,low
C1064,2026-02-07,home,kitchen,website,south,2,Bad,late delivery,negative,1,yes,Deepa,high
C1213,2025-01-21,home,furniture,website,north,2,Average,late delivery,negative,5,no,Deepa,high
C1150,2025-01-14,fashion,men,website,south,5,Good,Fast delivery,positive,1,no,Deepa,high
C1202,2025-12-13,electronics,mobile,website,east,2,Bad,late delivery,negative,14,yes,Esha,low
C1139,2026-03-03,grocery,food,survey,south,3,No Title,nothing special,neutral,3,yes,Chris,low
C1093,2026-05-08,beauty,skin,survey,south,5,Good,Excellent product,positive,11,no,Bob,high
C1160,2025-06-30,electronics,laptop,survey,north,4,Review,Highly recommend,positive,4,no,Alice,medium
C1274,2025-09-24,fashion,men,website,north,2,Bad,late delivery,negative,3,yes,Bob,high
C1080,2025-02-28,grocery,beverage,website,north,2,Bad,bad packaging,negative,13,no,Bob,high
C1058,2025-01-27,fashion,men,mobile app,south,1,Average,app crash,negative,8,yes,Esha,medium
C1226,2025-02-22,fashion,women,website,east,1,Review,No Feedback,negative,6,no,Bob,high
C1153,2026-04-08,grocery,beverage,email,north,5,Average,Fast delivery,positive,3,no,Chris,low
C1126,2025-12-01,electronics,mobile,survey,east,1,Bad,app crash,negative,14,yes,Esha,medium
C1012,2025-09-27,beauty,hair,email,east,4,Average,Fast delivery,positive,3,yes,Bob,high
C1120,2025-05-10,grocery,beverage,website,west,2,Good,poor quality,negative,3,no,Alice,high
C1109,2025-03-02,fashion,men,survey,south,3,Review,acceptable,neutral,6,yes,Deepa,high
C1255,2025-01-01,electronics,mobile,website,south,4,Bad,Excellent product,positive,6,no,Bob,low
C1073,2025-06-04,grocery,beverage,email,east,5,No Title,Great support,positive,6,no,Esha,medium
C1188,2026-01-23,grocery,beverage,survey,west,3,No Title,average experience,neutral,6,no,Esha,low
C1207,2025-08-11,beauty,hair,website,south,5,Good,Loved it,positive,2,no,Alice,high
C1209,2025-10-10,fashion,women,mobile app,south,4,Good,Great support,positive,15,yes,Esha,high
C1159,2025-07-10,fashion,women,website,north,3,Review,average experience,neutral,2,yes,Chris,low
C1189,2025-12-15,home,furniture,mobile app,south,1,Bad,poor quality,negative,13,yes,Deepa,medium
C1237,2026-05-16,grocery,beverage,website,west,2,Average,app crash,negative,14,yes,Deepa,high
C1173,2026-05-03,electronics,laptop,mobile app,east,5,No Title,Excellent product,positive,11,yes,Alice,medium
C1045,2026-03-26,electronics,mobile,website,south,4,Good,Loved it,positive,9,yes,Bob,high
C1131,2026-01-01,electronics,laptop,email,south,5,Good,Loved it,positive,12,no,Bob,high
C1057,2025-07-27,electronics,mobile,social media,east,4,Good,Fast delivery,positive,9,no,Bob,high
C1169,2025-10-20,fashion,men,survey,south,3,Good,okay product,neutral,10,yes,Bob,high
C1173,2025-06-08,beauty,skin,email,south,4,Good,Excellent product,positive,2,no,Chris,low
C1180,2026-03-21,beauty,skin,website,south,1,Average,app crash,negative,1,no,Bob,high
C1026,2025-06-02,grocery,beverage,website,south,3,No Title,average experience,neutral,3,yes,Chris,high
C1150,2026-01-27,grocery,food,website,south,4,Bad,Loved it,positive,7,yes,Esha,high
C1074,2025-09-22,grocery,food,mobile app,south,5,Review,Great support,positive,14,no,Alice,low
C1133,2025-02-08,beauty,hair,website,south,3,Good,works fine,neutral,7,no,Chris,low
C1103,2025-02-10,beauty,skin,social media,west,4,Average,Fast delivery,positive,5,no,Chris,high
C1171,2026-05-14,beauty,skin,email,south,5,Average,Loved it,positive,4,no,Bob,medium
C1169,2026-04-26,electronics,laptop,social media,south,2,Good,app crash,negative,10,yes,Alice,low
C1212,2025-09-30,grocery,beverage,social media,north,2,Good,bad packaging,negative,8,yes,Deepa,high
C1209,2025-03-24,grocery,food,survey,east,5,Review,Great support,positive,6,yes,Esha,high
C1085,2025-12-19,electronics,laptop,survey,east,4,Average,Loved it,positive,15,yes,Deepa,low
C1096,2025-05-23,grocery,food,survey,north,4,No Title,Loved it,positive,3,no,Chris,high
C1118,2025-05-05,electronics,laptop,email,north,3,Bad,works fine,neutral,8,no,Alice,high
C1083,2025-10-14,fashion,men,email,south,2,Review,support not helpful,negative,8,no,Bob,high
C1265,2025-07-12,fashion,men,website,south,2,Average,No Feedback,negative,2,yes,Alice,low
C1215,2026-04-14,electronics,mobile,website,east,2,Bad,bad packaging,negative,13,yes,Chris,low
C1237,2025-04-17,electronics,laptop,email,west,3,Review,nothing special,neutral,6,yes,Bob,low
C1074,2026-01-30,beauty,skin,website,west,5,Review,Loved it,positive,1,yes,Chris,medium
C1090,2025-07-06,fashion,men,mobile app,west,5,Review,Great support,positive,4,no,Deepa,low
C1025,2025-08-18,electronics,laptop,website,south,4,Bad,Loved it,positive,9,no,Esha,medium
C1165,2026-02-08,electronics,mobile,email,south,2,Review,app crash,negative,12,yes,Chris,medium
C1067,2026-02-26,home,kitchen,website,south,3,Good,nothing special,neutral,4,no,Deepa,low
C1285,2026-01-29,electronics,mobile,mobile app,south,2,Average,support not helpful,negative,6,yes,Esha,medium
C1109,2026-02-11,fashion,women,social media,south,2,Good,No Feedback,negative,11,yes,Chris,medium
C1016,2025-09-27,fashion,men,website,east,4,Bad,Highly recommend,positive,10,yes,Chris,low
C1127,2025-05-15,fashion,men,survey,east,2,Good,poor quality,negative,13,yes,Alice,high
C1101,2025-05-10,electronics,laptop,website,north,5,Good,Loved it,positive,8,no,Chris,high
C1181,2025-04-15,fashion,women,survey,east,4,Review,Great support,positive,11,no,Alice,medium
C1251,2025-05-31,beauty,hair,email,west,1,Bad,poor quality,negative,8,no,Esha,medium
C1049,2026-05-04,beauty,hair,email,south,1,Good,poor quality,negative,15,yes,Bob,high
C1087,2026-02-22,fashion,women,mobile app,south,2,Review,bad packaging,negative,7,no,Alice,low
C1154,2025-03-21,home,furniture,email,south,3,No Title,acceptable,neutral,2,yes,Alice,high
C1295,2026-01-06,home,furniture,survey,south,5,Review,Loved it,positive,13,yes,Esha,high
C1112,2026-04-08,grocery,beverage,email,south,4,Bad,Great support,positive,8,yes,Chris,low
C1268,2026-04-05,fashion,men,mobile app,east,2,Review,late delivery,negative,6,no,Deepa,high
C1293,2025-03-22,grocery,food,social media,east,3,Review,okay product,neutral,6,no,Esha,low
C1251,2025-08-19,electronics,mobile,social media,east,2,Review,late delivery,negative,13,yes,Alice,high
C1179,2026-03-15,fashion,men,website,south,2,Review,app crash,negative,4,yes,Deepa,medium
C1052,2025-01-13,home,furniture,survey,west,4,Average,Excellent product,positive,1,yes,Chris,high
C1129,2026-02-25,grocery,beverage,website,north,3,Good,average experience,neutral,4,yes,Esha,medium
C1247,2025-03-19,electronics,laptop,website,south,2,Review,No Feedback,negative,14,yes,Deepa,high
C1299,2026-03-11,electronics,laptop,mobile app,south,1,Bad,late delivery,negative,8,yes,Deepa,high
C1041,2026-03-08,grocery,food,website,east,2,Average,app crash,negative,8,no,Bob,low
C1167,2026-04-24,home,kitchen,social media,north,2,Average,No Feedback,negative,6,no,Deepa,medium
C1044,2025-01-17,grocery,food,social media,south,1,Review,poor quality,negative,7,yes,Alice,high
C1153,2025-06-09,beauty,hair,social media,north,5,Bad,Fast delivery,positive,12,no,Deepa,medium
C1292,2025-10-25,fashion,men,mobile app,south,4,Good,Fast delivery,positive,6,no,Chris,medium
C1272,2025-11-10,beauty,skin,mobile app,west,2,No Title,support not helpful,negative,7,no,Esha,high
C1199,2025-06-11,beauty,hair,website,west,2,Good,bad packaging,negative,12,yes,Bob,low
C1077,2026-04-16,fashion,men,survey,north,3,No Title,works fine,neutral,9,no,Esha,high
C1289,2025-11-01,electronics,laptop,website,east,4,Review,Fast delivery,positive,5,yes,Bob,medium
C1295,2025-08-30,fashion,women,website,north,3,Review,acceptable,neutral,9,no,Chris,low
C1240,2025-11-26,grocery,beverage,email,north,5,No Title,Highly recommend,positive,7,yes,Bob,high
C1114,2026-05-16,electronics,mobile,website,east,4,No Title,Fast delivery,positive,3,yes,Deepa,low
C1034,2025-09-07,fashion,men,website,south,3,No Title,No Feedback,neutral,1,no,Chris,low
C1241,2025-11-23,home,kitchen,mobile app,south,4,Good,Excellent product,positive,14,no,Alice,high
C1296,2025-04-09,grocery,food,email,west,3,Average,works fine,neutral,12,yes,Bob,low
C1000,2025-03-28,fashion,women,mobile app,east,3,No Title,nothing special,neutral,7,yes,Chris,low
C1181,2025-03-29,grocery,food,mobile app,east,3,Good,works fine,neutral,13,yes,Esha,medium
C1005,2026-05-03,beauty,skin,website,south,1,Good,support not helpful,negative,10,no,Deepa,medium
C1111,2025-01-18,beauty,skin,survey,south,2,Average,late delivery,negative,11,no,Deepa,high
C1012,2026-05-06,grocery,food,survey,south,4,Average,Great support,positive,6,yes,Esha,low
C1029,2025-11-16,home,kitchen,website,south,1,Average,poor quality,negative,1,yes,Chris,high
C1037,2025-11-28,grocery,food,website,south,3,Good,acceptable,neutral,1,no,Deepa,low
C1042,2025-09-19,home,kitchen,survey,west,5,Review,Great support,positive,15,yes,Esha,high
C1228,2025-04-05,beauty,hair,social media,west,1,No Title,poor quality,negative,13,yes,Chris,high
C1167,2025-11-06,home,kitchen,email,south,1,Bad,poor quality,negative,3,no,Chris,low
C1071,2026-04-08,fashion,men,email,north,2,Good,late delivery,negative,9,no,Esha,high
C1010,2026-02-06,home,kitchen,website,west,3,Review,works fine,neutral,7,yes,Bob,low
C1126,2025-03-05,home,furniture,website,west,3,Bad,No Feedback,neutral,2,no,Esha,low
C1224,2026-02-14,beauty,hair,email,east,3,No Title,works fine,neutral,2,yes,Esha,low
C1119,2025-11-03,home,furniture,mobile app,north,3,Review,acceptable,neutral,11,no,Alice,high
C1162,2025-02-14,grocery,food,website,south,1,Good,bad packaging,negative,6,yes,Bob,high
C1107,2025-12-18,home,furniture,mobile app,south,3,Good,acceptable,neutral,11,no,Chris,low
C1008,2025-09-30,home,kitchen,website,east,2,Bad,poor quality,negative,15,no,Esha,medium
C1131,2026-03-07,grocery,beverage,website,east,1,Bad,poor quality,negative,1,yes,Esha,high
C1223,2026-01-26,fashion,men,social media,south,2,Average,poor quality,negative,6,yes,Deepa,low
C1170,2025-11-22,fashion,men,website,west,3,Bad,average experience,neutral,3,no,Deepa,low
C1195,2025-08-17,grocery,beverage,mobile app,south,1,Review,bad packaging,negative,3,no,Alice,high
C1104,2025-03-16,fashion,women,website,east,2,Bad,No Feedback,negative,11,no,Alice,high
C1282,2025-01-03,fashion,men,website,south,3,Average,average experience,neutral,5,yes,Chris,medium
C1021,2025-05-09,beauty,skin,website,north,1,Good,poor quality,negative,15,no,Chris,high
C1075,2026-01-25,grocery,beverage,website,east,5,Good,Highly recommend,positive,9,yes,Chris,high
C1038,2025-10-21,grocery,beverage,website,north,2,Review,bad packaging,negative,3,yes,Bob,low
C1131,2026-02-17,fashion,women,website,north,1,No Title,late delivery,negative,13,no,Deepa,medium
C1021,2025-12-28,electronics,mobile,survey,west,2,Good,app crash,negative,10,yes,Chris,low
C1097,2025-04-02,beauty,hair,website,south,3,Review,acceptable,neutral,12,yes,Deepa,high
C1038,2025-12-23,electronics,laptop,mobile app,north,2,Review,poor quality,negative,13,yes,Alice,low
C1050,2025-11-23,grocery,beverage,social media,south,5,No Title,Loved it,positive,7,yes,Deepa,high
C1197,2025-08-29,electronics,laptop,mobile app,east,1,No Title,app crash,negative,13,no,Esha,medium
C1221,2026-04-13,beauty,hair,mobile app,north,3,Review,acceptable,neutral,11,yes,Bob,low
C1139,2026-01-09,fashion,women,email,east,1,No Title,poor quality,negative,4,no,Alice,medium
C1198,2026-01-12,fashion,men,email,east,4,Bad,Fast delivery,positive,14,no,Deepa,medium
C1029,2025-04-22,grocery,beverage,email,west,2,No Title,bad packaging,negative,2,no,Alice,high
C1200,2025-10-11,grocery,beverage,website,south,3,Review,acceptable,neutral,12,yes,Deepa,low
C1041,2026-04-28,home,kitchen,survey,north,3,Good,acceptable,neutral,8,no,Bob,low
C1276,2026-05-11,grocery,food,survey,south,4,Review,Great support,positive,11,no,Deepa,high
C1279,2025-06-10,beauty,skin,website,south,1,Average,bad packaging,negative,7,no,Alice,medium
C1027,2025-08-01,home,kitchen,email,south,3,Review,nothing special,neutral,12,yes,Deepa,high
C1292,2026-03-08,grocery,beverage,survey,west,1,Review,late delivery,negative,2,no,Chris,medium
C1251,2025-05-26,fashion,men,website,east,5,Bad,Loved it,positive,5,yes,Chris,high
C1096,2025-02-19,home,kitchen,email,east,4,Good,Loved it,positive,14,no,Alice,high
C1005,2026-03-20,beauty,hair,website,south,1,Bad,support not helpful,negative,13,yes,Chris,medium
C1277,2026-02-01,beauty,hair,website,south,5,Review,Highly recommend,positive,4,yes,Deepa,high
C1183,2025-11-05,electronics,laptop,email,east,1,No Title,bad packaging,negative,13,no,Deepa,high
C1163,2025-04-04,grocery,beverage,survey,south,2,No Title,bad packaging,negative,5,yes,Chris,low
C1217,2025-10-20,fashion,men,mobile app,south,1,Good,poor quality,negative,2,no,Bob,high
C1270,2026-03-10,home,furniture,website,south,4,Review,No Feedback,positive,15,no,Deepa,low
C1277,2025-04-28,fashion,women,email,north,2,Review,app crash,negative,4,yes,Alice,low
C1263,2026-01-03,grocery,beverage,survey,north,5,Good,Highly recommend,positive,14,no,Alice,low
C1106,2025-09-13,beauty,hair,email,west,1,Average,app crash,negative,10,no,Deepa,medium
C1114,2025-12-22,electronics,mobile,mobile app,south,5,Bad,Great support,positive,13,no,Bob,low
C1184,2025-08-06,electronics,laptop,email,south,5,Good,Great support,positive,15,no,Esha,low
C1108,2025-10-10,fashion,women,social media,east,5,Good,Loved it,positive,6,yes,Bob,high
C1250,2026-05-02,grocery,beverage,survey,south,4,No Title,Highly recommend,positive,14,yes,Alice,medium
C1254,2026-03-29,fashion,women,survey,north,5,Bad,Highly recommend,positive,4,yes,Esha,high
C1214,2025-05-22,electronics,laptop,email,south,2,Review,late delivery,negative,4,yes,Bob,high
C1040,2025-03-21,home,furniture,email,east,4,Bad,No Feedback,positive,7,yes,Chris,high
C1177,2025-12-29,fashion,women,mobile app,north,2,No Title,late delivery,negative,4,yes,Chris,low
C1045,2025-01-24,fashion,women,social media,south,2,Bad,app crash,negative,8,yes,Deepa,high
C1268,2025-01-01,home,kitchen,social media,south,1,Good,No Feedback,negative,3,yes,Chris,high
C1275,2026-02-03,grocery,beverage,website,east,2,Average,No Feedback,negative,11,yes,Esha,medium
C1010,2025-09-20,grocery,beverage,email,north,5,Bad,Excellent product,positive,4,no,Alice,medium
C1044,2025-08-16,electronics,laptop,website,east,2,No Title,bad packaging,negative,15,no,Deepa,high
C1168,2025-03-10,grocery,beverage,survey,east,3,Review,nothing special,neutral,9,no,Bob,low
C1033,2026-01-27,grocery,beverage,website,west,2,No Title,bad packaging,negative,7,yes,Alice,high
C1195,2026-04-13,fashion,women,website,south,3,Good,works fine,neutral,10,yes,Bob,high
C1137,2025-01-14,grocery,beverage,website,south,3,No Title,works fine,neutral,5,no,Esha,high
C1197,2025-03-10,electronics,laptop,website,west,5,Bad,Excellent product,positive,4,no,Esha,low
C1027,2026-05-13,fashion,men,survey,east,2,No Title,bad packaging,negative,15,yes,Alice,low
C1153,2025-03-13,beauty,hair,email,east,5,Bad,Highly recommend,positive,3,no,Deepa,high
C1167,2026-04-12,grocery,food,website,east,3,Bad,average experience,neutral,9,yes,Deepa,low
C1240,2025-02-18,fashion,men,mobile app,west,5,Good,No Feedback,positive,15,yes,Alice,low
C1195,2026-02-21,home,kitchen,website,south,5,Good,No Feedback,positive,11,no,Esha,high
C1216,2025-08-09,home,kitchen,social media,east,3,No Title,okay product,neutral,8,yes,Bob,high
C1044,2025-05-05,fashion,women,email,west,2,Review,bad packaging,negative,3,yes,Alice,high
C1205,2025-08-04,electronics,laptop,website,south,1,Average,support not helpful,negative,10,no,Bob,low
C1171,2026-05-03,home,furniture,mobile app,north,1,Average,poor quality,negative,4,yes,Chris,low
C1254,2025-04-21,home,kitchen,social media,east,4,Average,Excellent product,positive,3,no,Alice,high
C1245,2025-11-20,grocery,beverage,website,east,2,No Title,poor quality,negative,1,yes,Alice,high
C1109,2025-02-10,home,kitchen,social media,south,1,Good,support not helpful,negative,5,no,Bob,high
C1078,2026-02-13,electronics,mobile,email,south,3,Review,nothing special,neutral,11,no,Chris,high
C1274,2025-09-03,home,furniture,website,east,3,No Title,average experience,neutral,1,no,Deepa,medium
C1001,2025-05-26,beauty,skin,mobile app,east,5,No Title,No Feedback,positive,5,yes,Bob,low
C1097,2025-07-31,grocery,food,website,east,1,Average,late delivery,negative,15,no,Bob,high
C1125,2025-06-25,grocery,food,email,west,2,Good,app crash,negative,2,no,Alice,medium
C1157,2026-02-28,electronics,laptop,website,east,1,Bad,bad packaging,negative,9,no,Chris,high
C1069,2025-06-24,home,furniture,social media,north,4,Bad,Excellent product,positive,13,no,Bob,high
C1129,2025-03-04,electronics,laptop,mobile app,east,1,No Title,bad packaging,negative,2,no,Esha,low
C1183,2025-04-17,electronics,mobile,survey,south,2,No Title,bad packaging,negative,11,yes,Deepa,low
C1249,2025-11-29,home,kitchen,website,north,4,No Title,Excellent product,positive,5,yes,Alice,high
C1022,2025-10-09,grocery,food,mobile app,east,2,Good,support not helpful,negative,6,no,Deepa,medium
C1234,2026-01-16,electronics,laptop,website,north,1,Average,bad packaging,negative,14,no,Alice,high
C1023,2025-08-27,grocery,beverage,website,north,1,Bad,support not helpful,negative,10,yes,Bob,medium
C1264,2025-03-01,electronics,mobile,email,south,3,Good,nothing special,neutral,8,yes,Alice,medium
C1062,2026-02-21,electronics,mobile,social media,west,3,Review,acceptable,neutral,14,no,Bob,low
C1220,2026-04-21,home,furniture,survey,west,4,Average,Fast delivery,positive,8,yes,Alice,medium
C1077,2026-02-09,home,kitchen,survey,east,3,Bad,average experience,neutral,15,yes,Bob,high
C1258,2025-04-17,grocery,beverage,website,south,3,Average,nothing special,neutral,13,no,Esha,high
C1209,2025-05-15,grocery,food,social media,west,2,Review,late delivery,negative,14,no,Deepa,low
C1178,2025-02-01,grocery,food,mobile app,east,5,Review,Loved it,positive,14,yes,Chris,high
C1167,2025-11-22,grocery,beverage,survey,north,1,Bad,app crash,negative,12,no,Bob,high
C1121,2025-03-04,beauty,skin,social media,north,3,Review,average experience,neutral,1,no,Deepa,high
C1044,2026-03-28,home,kitchen,website,south,5,Good,Highly recommend,positive,15,yes,Esha,low
C1300,2025-04-22,home,furniture,website,south,1,No Title,poor quality,negative,11,no,Bob,low
C1103,2025-05-05,electronics,laptop,website,east,5,Good,Loved it,positive,8,yes,Esha,high
C1270,2026-05-06,electronics,mobile,survey,east,3,Good,works fine,neutral,3,no,Alice,high
C1117,2025-10-05,beauty,skin,survey,north,2,Bad,poor quality,negative,1,no,Deepa,high
C1218,2025-09-10,grocery,beverage,mobile app,south,4,Review,Loved it,positive,6,yes,Alice,medium
C1199,2025-12-11,beauty,skin,survey,north,3,Bad,average experience,neutral,5,no,Deepa,high
C1051,2025-06-02,fashion,women,social media,west,3,Average,average experience,neutral,10,no,Alice,medium
C1261,2026-01-31,home,furniture,website,north,5,No Title,Excellent product,positive,2,yes,Esha,high
C1096,2025-03-07,home,furniture,email,south,2,Good,late delivery,negative,1,yes,Bob,high
C1022,2025-09-30,home,kitchen,survey,south,4,Bad,Highly recommend,positive,8,no,Deepa,low
C1177,2025-12-26,fashion,women,website,south,5,Average,No Feedback,positive,13,yes,Bob,high
C1066,2026-04-13,beauty,skin,website,north,2,Review,bad packaging,negative,2,yes,Deepa,high
C1068,2026-04-25,fashion,men,email,west,3,Good,acceptable,neutral,13,no,Esha,low
C1146,2025-11-04,grocery,beverage,social media,south,3,Good,average experience,neutral,11,yes,Esha,high
C1292,2025-05-02,home,furniture,social media,south,4,Good,Excellent product,positive,12,yes,Esha,low
C1026,2026-01-18,electronics,mobile,social media,south,4,Review,Fast delivery,positive,11,yes,Deepa,high
C1228,2026-03-05,grocery,food,mobile app,south,5,Good,Highly recommend,positive,7,yes,Bob,low
C1153,2025-03-19,grocery,beverage,website,south,2,No Title,app crash,negative,6,no,Chris,high
C1152,2026-03-08,electronics,mobile,social media,north,4,No Title,Fast delivery,positive,1,no,Esha,medium
C1150,2026-01-06,electronics,laptop,social media,south,2,No Title,bad packaging,negative,13,no,Esha,high
C1180,2025-03-22,grocery,beverage,website,south,5,Review,Excellent product,positive,11,no,Esha,high
C1090,2025-05-16,electronics,mobile,website,north,1,Bad,support not helpful,negative,13,yes,Alice,high
C1063,2025-10-03,home,furniture,mobile app,south,1,Average,bad packaging,negative,5,no,Chris,low
C1202,2025-01-28,grocery,food,survey,west,3,Good,nothing special,neutral,7,yes,Bob,high
C1085,2025-05-04,fashion,men,email,north,5,No Title,Fast delivery,positive,9,yes,Bob,high
C1265,2025-04-25,home,furniture,email,south,1,No Title,late delivery,negative,6,yes,Bob,medium
C1283,2025-09-25,fashion,men,email,north,2,Good,app crash,negative,2,no,Deepa,high
C1241,2025-01-02,electronics,mobile,survey,south,4,Average,Loved it,positive,13,no,Alice,low
C1250,2025-12-09,home,kitchen,website,north,4,Review,Fast delivery,positive,4,yes,Alice,low
C1175,2025-03-07,electronics,laptop,website,east,3,No Title,okay product,neutral,1,yes,Alice,low
C1033,2025-12-31,beauty,skin,website,south,4,Good,Fast delivery,positive,4,no,Bob,low
C1298,2025-05-10,electronics,laptop,social media,south,1,Average,app crash,negative,15,yes,Esha,medium
C1126,2025-09-05,beauty,skin,email,south,1,Review,poor quality,negative,9,no,Esha,medium
C1255,2025-01-01,home,furniture,email,west,2,Good,poor quality,negative,13,no,Deepa,high
C1196,2025-01-04,grocery,food,mobile app,east,2,Good,bad packaging,negative,4,no,Alice,medium
C1242,2025-07-21,grocery,beverage,website,south,4,Average,Fast delivery,positive,7,no,Deepa,high
C1137,2025-01-26,home,kitchen,website,south,5,No Title,Excellent product,positive,13,yes,Deepa,high
C1073,2026-02-28,home,furniture,website,north,5,Bad,Highly recommend,positive,5,no,Bob,high
C1223,2025-12-21,grocery,food,email,west,2,Review,bad packaging,negative,4,yes,Chris,medium
C1131,2025-06-22,fashion,men,survey,south,5,Good,Fast delivery,positive,13,no,Deepa,high
C1296,2025-02-24,electronics,laptop,email,north,2,No Title,support not helpful,negative,10,yes,Deepa,medium
C1257,2025-12-10,home,kitchen,survey,south,3,Good,works fine,neutral,2,yes,Chris,medium
C1102,2025-04-02,home,kitchen,email,south,4,Review,Fast delivery,positive,9,no,Bob,medium
C1032,2025-03-28,electronics,mobile,website,east,4,Review,Loved it,positive,9,no,Chris,low
C1228,2025-02-09,fashion,men,social media,south,3,Average,okay product,neutral,13,yes,Deepa,high
C1112,2025-04-12,fashion,women,email,south,3,No Title,average experience,neutral,13,yes,Bob,high
C1263,2025-03-25,beauty,hair,website,south,5,Good,Great support,positive,4,no,Esha,high
C1264,2025-05-31,home,furniture,survey,west,5,Average,Excellent product,positive,6,yes,Chris,high
C1236,2025-02-07,fashion,men,mobile app,east,1,Review,poor quality,negative,9,no,Alice,medium
C1049,2026-05-08,grocery,beverage,website,south,2,Good,support not helpful,negative,9,yes,Alice,medium
C1260,2025-09-30,fashion,men,mobile app,north,3,Average,acceptable,neutral,13,no,Deepa,high
C1249,2026-03-21,electronics,mobile,website,west,4,Good,Highly recommend,positive,4,no,Esha,low
C1002,2025-08-16,home,kitchen,email,east,4,No Title,Excellent product,positive,4,yes,Deepa,medium
C1291,2025-04-27,home,furniture,website,east,1,No Title,poor quality,negative,14,yes,Chris,high
C1080,2025-05-14,electronics,laptop,email,west,4,Average,Great support,positive,2,no,Chris,medium
C1150,2025-02-20,home,kitchen,website,south,5,Review,Highly recommend,positive,12,yes,Chris,medium
C1151,2025-06-28,home,kitchen,website,south,2,Review,support not helpful,negative,4,yes,Esha,low
C1111,2025-10-21,electronics,laptop,survey,west,3,Bad,nothing special,neutral,14,no,Chris,medium
C1144,2026-03-06,home,kitchen,website,west,2,Average,No Feedback,negative,3,no,Esha,high
C1258,2025-03-22,home,furniture,email,south,3,No Title,nothing special,neutral,7,no,Deepa,high
C1290,2025-01-14,electronics,mobile,email,east,1,Review,app crash,negative,11,no,Deepa,high
C1180,2026-03-30,fashion,women,survey,east,4,No Title,Fast delivery,positive,14,no,Chris,high
C1082,2025-09-14,home,kitchen,website,south,3,No Title,okay product,neutral,9,yes,Esha,medium
C1039,2025-03-16,grocery,food,mobile app,east,5,Average,Great support,positive,10,no,Esha,medium
C1121,2026-04-07,grocery,food,social media,east,1,No Title,app crash,negative,6,no,Deepa,low
C1202,2025-06-04,electronics,mobile,website,west,2,Review,bad packaging,negative,5,yes,Alice,high
C1049,2025-10-15,beauty,skin,social media,east,5,No Title,Loved it,positive,9,no,Bob,medium
C1178,2026-04-05,grocery,beverage,email,south,3,Bad,acceptable,neutral,10,yes,Bob,medium
C1012,2025-04-25,grocery,beverage,email,west,3,Average,nothing special,neutral,10,no,Bob,high
C1027,2026-04-12,electronics,mobile,website,north,4,Bad,Great support,positive,3,no,Deepa,high
C1209,2026-05-08,electronics,laptop,website,south,5,Review,Highly recommend,positive,2,yes,Esha,high
C1124,2026-02-25,beauty,hair,email,west,3,No Title,nothing special,neutral,9,yes,Bob,high
C1055,2025-06-20,electronics,laptop,website,south,2,No Title,poor quality,negative,3,yes,Bob,high
C1029,2026-04-10,grocery,food,website,west,4,Good,Loved it,positive,15,no,Esha,high
C1168,2026-02-24,electronics,laptop,email,west,2,No Title,No Feedback,negative,7,no,Bob,high
C1162,2025-09-27,grocery,beverage,mobile app,east,1,No Title,app crash,negative,14,no,Deepa,high
C1166,2025-01-27,beauty,skin,website,east,2,No Title,poor quality,negative,9,no,Deepa,high
C1116,2026-03-14,grocery,food,social media,north,5,No Title,Highly recommend,positive,6,yes,Bob,high
C1142,2025-03-29,beauty,skin,website,east,2,Average,poor quality,negative,11,no,Chris,low
C1039,2025-07-22,home,kitchen,mobile app,south,2,Review,late delivery,negative,6,yes,Esha,high
C1212,2025-03-21,beauty,skin,social media,south,2,No Title,bad packaging,negative,8,yes,Esha,low
C1298,2025-05-18,fashion,men,social media,west,4,Good,Great support,positive,13,yes,Chris,low
C1247,2025-11-17,fashion,women,survey,south,2,Bad,app crash,negative,8,no,Bob,high
C1072,2025-04-08,beauty,hair,email,south,1,No Title,poor quality,negative,4,no,Bob,high
C1196,2025-07-21,beauty,skin,social media,north,5,No Title,Great support,positive,2,yes,Deepa,high
C1135,2026-03-29,grocery,food,website,west,4,Average,Great support,positive,7,no,Esha,medium
C1077,2026-04-14,home,kitchen,email,south,3,No Title,works fine,neutral,8,no,Chris,medium
C1111,2026-05-05,home,kitchen,website,south,1,Good,late delivery,negative,14,yes,Deepa,low
C1064,2026-03-15,fashion,women,mobile app,west,4,Bad,Fast delivery,positive,4,no,Chris,high
C1055,2025-12-05,fashion,men,survey,south,5,Review,Loved it,positive,7,no,Chris,high
C1010,2025-06-06,grocery,food,email,north,1,Average,bad packaging,negative,6,no,Bob,high
C1212,2026-04-19,electronics,laptop,email,south,1,Review,support not helpful,negative,11,yes,Deepa,high
C1036,2026-03-14,grocery,beverage,mobile app,south,5,Review,Highly recommend,positive,2,no,Chris,low
C1083,2025-11-12,home,kitchen,survey,north,2,Average,poor quality,negative,2,yes,Bob,medium
C1032,2025-03-25,grocery,food,email,south,5,Good,Loved it,positive,3,no,Bob,low
C1142,2025-10-30,grocery,food,website,north,4,Bad,Loved it,positive,14,yes,Bob,high
C1090,2025-08-17,electronics,mobile,social media,east,2,No Title,support not helpful,negative,12,yes,Chris,high
C1090,2025-07-02,beauty,hair,social media,north,3,Review,okay product,neutral,7,no,Esha,high
C1279,2026-04-07,beauty,skin,website,south,2,Review,poor quality,negative,11,yes,Chris,low
C1228,2025-02-02,grocery,food,website,south,2,Bad,poor quality,negative,3,yes,Deepa,high
C1241,2026-01-26,grocery,food,survey,north,3,Bad,average experience,neutral,7,no,Esha,high
C1169,2025-07-13,home,kitchen,social media,south,1,Average,poor quality,negative,2,no,Alice,medium
C1115,2025-09-18,fashion,men,website,east,3,Review,works fine,neutral,13,yes,Chris,high
C1227,2025-04-09,fashion,men,mobile app,west,4,Review,Loved it,positive,4,no,Chris,medium
C1222,2026-05-02,beauty,hair,website,west,5,Average,Great support,positive,2,yes,Esha,low
C1288,2025-04-19,fashion,men,email,north,2,Good,bad packaging,negative,6,yes,Esha,high
C1289,2026-01-17,grocery,beverage,survey,south,5,Average,Fast delivery,positive,13,yes,Deepa,low
C1098,2026-05-01,grocery,food,survey,south,5,Review,Fast delivery,positive,14,no,Bob,high
C1129,2025-03-26,electronics,laptop,website,east,4,Average,Excellent product,positive,3,yes,Bob,high
C1110,2025-07-04,grocery,food,mobile app,west,3,Bad,average experience,neutral,1,yes,Alice,high
C1127,2025-08-04,fashion,women,mobile app,north,2,No Title,No Feedback,negative,5,no,Chris,high
C1123,2025-04-26,electronics,mobile,survey,south,4,Bad,Great support,positive,9,no,Chris,high
C1196,2025-08-05,fashion,men,email,east,5,Bad,Highly recommend,positive,9,no,Esha,low
C1005,2025-12-11,electronics,laptop,survey,north,2,Bad,No Feedback,negative,7,no,Deepa,low
C1027,2025-12-19,electronics,mobile,website,south,3,Bad,okay product,neutral,12,no,Alice,high
C1292,2026-05-12,home,kitchen,website,south,3,Review,acceptable,neutral,3,yes,Bob,low
C1135,2026-03-25,home,furniture,website,south,5,Review,Excellent product,positive,10,no,Alice,medium
C1286,2026-02-20,electronics,laptop,social media,south,2,Average,poor quality,negative,12,yes,Esha,low
C1093,2025-01-07,beauty,skin,survey,east,4,Average,Excellent product,positive,6,no,Esha,medium
C1244,2025-09-16,beauty,skin,social media,north,4,No Title,Great support,positive,12,yes,Bob,high
C1012,2025-01-18,beauty,skin,website,south,5,Bad,Highly recommend,positive,8,yes,Esha,low
C1296,2026-03-21,grocery,food,website,north,2,Bad,support not helpful,negative,5,no,Alice,high
C1046,2025-05-20,fashion,women,email,north,4,Review,Highly recommend,positive,13,yes,Esha,high
C1177,2025-03-18,fashion,women,social media,west,3,Average,okay product,neutral,13,no,Alice,high
C1219,2026-04-03,fashion,men,survey,north,3,Review,works fine,neutral,3,yes,Alice,medium
C1143,2025-11-04,electronics,laptop,website,north,2,Bad,bad packaging,negative,7,yes,Deepa,high
C1240,2026-02-20,beauty,hair,website,west,1,Average,app crash,negative,8,no,Deepa,low
C1068,2026-02-12,home,furniture,email,north,3,No Title,average experience,neutral,12,no,Esha,high
C1274,2025-06-26,beauty,hair,social media,west,1,Review,bad packaging,negative,10,no,Bob,high
C1069,2026-02-19,beauty,skin,website,south,2,No Title,late delivery,negative,7,yes,Bob,medium
C1006,2025-08-12,electronics,laptop,website,east,5,Good,Fast delivery,positive,7,yes,Deepa,high
C1081,2025-03-20,home,furniture,social media,north,1,Bad,support not helpful,negative,7,yes,Alice,high
C1114,2025-01-29,home,furniture,mobile app,west,2,No Title,poor quality,negative,3,yes,Deepa,low
C1196,2026-04-28,grocery,beverage,social media,west,5,Review,Great support,positive,11,yes,Esha,high
C1064,2025-05-25,grocery,beverage,mobile app,west,1,Average,bad packaging,negative,15,yes,Chris,high
C1151,2025-05-05,grocery,food,email,east,1,No Title,bad packaging,negative,9,yes,Esha,low
C1276,2026-05-11,beauty,hair,survey,west,3,Review,works fine,neutral,6,yes,Esha,medium
C1102,2025-11-18,grocery,beverage,email,south,3,No Title,acceptable,neutral,12,yes,Bob,low
C1275,2025-08-21,home,furniture,social media,south,3,No Title,works fine,neutral,9,yes,Deepa,medium
C1230,2025-12-06,home,furniture,survey,south,1,Review,No Feedback,negative,5,yes,Chris,low
C1097,2026-03-14,beauty,skin,social media,north,4,Bad,Excellent product,positive,1,no,Deepa,low
C1196,2026-04-19,beauty,hair,mobile app,south,3,Bad,works fine,neutral,15,no,Chris,high
C1063,2025-02-07,home,kitchen,mobile app,west,2,Bad,support not helpful,negative,7,no,Chris,medium
C1114,2025-03-13,home,furniture,social media,west,4,Good,Fast delivery,positive,2,yes,Esha,low
C1122,2025-02-11,fashion,women,email,south,1,Average,bad packaging,negative,11,no,Bob,low
C1098,2025-07-01,electronics,laptop,mobile app,south,1,Review,late delivery,negative,15,no,Deepa,high
C1260,2026-02-07,home,kitchen,mobile app,east,2,Average,poor quality,negative,14,yes,Esha,low
C1261,2025-12-16,beauty,hair,social media,south,1,No Title,support not helpful,negative,5,no,Alice,low
C1066,2025-10-20,home,furniture,website,east,4,Average,Loved it,positive,9,no,Deepa,medium
C1095,2025-08-23,electronics,laptop,website,north,5,Review,Fast delivery,positive,12,no,Chris,high
C1226,2026-05-13,fashion,men,website,west,2,Average,bad packaging,negative,1,yes,Chris,low
C1129,2026-01-23,beauty,skin,mobile app,west,4,Average,Excellent product,positive,15,no,Bob,high
C1281,2026-04-29,home,kitchen,mobile app,south,3,Bad,acceptable,neutral,5,no,Alice,medium
C1106,2026-03-15,home,furniture,website,north,5,Bad,Great support,positive,6,yes,Deepa,medium
C1152,2025-06-06,beauty,hair,mobile app,west,2,Good,No Feedback,negative,15,no,Alice,low
C1157,2025-04-01,grocery,food,social media,south,3,Good,average experience,neutral,2,no,Alice,high
C1056,2025-12-11,grocery,beverage,website,west,2,Review,late delivery,negative,14,yes,Esha,high
C1278,2026-03-02,fashion,men,survey,north,3,No Title,okay product,neutral,9,yes,Alice,high
C1108,2025-08-31,electronics,laptop,survey,south,2,No Title,support not helpful,negative,15,yes,Deepa,medium
C1008,2025-07-28,fashion,men,survey,west,3,Bad,works fine,neutral,14,no,Esha,low
C1141,2025-05-07,beauty,hair,website,south,2,Bad,late delivery,negative,10,no,Alice,high
C1162,2026-04-07,home,kitchen,survey,south,1,Average,app crash,negative,9,yes,Chris,medium
C1083,2026-04-06,beauty,hair,website,south,4,Review,Highly recommend,positive,3,yes,Chris,medium
C1204,2025-10-19,beauty,hair,website,west,5,No Title,Excellent product,positive,12,no,Chris,low
C1078,2025-08-23,home,kitchen,survey,north,1,Good,app crash,negative,9,no,Esha,medium
C1221,2026-02-13,electronics,mobile,survey,south,3,Review,nothing special,neutral,11,yes,Alice,low
C1036,2025-04-02,fashion,men,survey,south,5,Review,Highly recommend,positive,12,no,Esha,high
C1293,2025-10-27,fashion,men,website,east,4,Good,Loved it,positive,5,no,Alice,high
C1107,2025-12-07,electronics,laptop,survey,north,3,Review,acceptable,neutral,2,yes,Chris,high
C1113,2025-10-01,home,kitchen,mobile app,south,4,Average,Fast delivery,positive,9,yes,Alice,high
C1160,2025-03-19,home,furniture,email,west,4,Average,Great support,positive,13,no,Bob,high
C1091,2026-02-25,electronics,mobile,social media,south,3,Good,average experience,neutral,5,yes,Bob,low
C1228,2025-12-21,grocery,food,mobile app,west,4,No Title,Loved it,positive,3,no,Chris,low
C1143,2025-08-23,fashion,men,website,south,2,Bad,support not helpful,negative,6,yes,Esha,medium
C1003,2025-06-14,home,furniture,website,south,3,Review,nothing special,neutral,8,yes,Chris,high
C1059,2026-01-04,grocery,beverage,survey,south,5,Bad,Highly recommend,positive,9,no,Alice,high
C1225,2025-05-01,fashion,women,social media,south,5,Good,Loved it,positive,6,yes,Esha,high
C1125,2026-03-22,electronics,mobile,email,south,3,Review,nothing special,neutral,13,yes,Alice,high
C1285,2025-10-03,home,furniture,email,west,4,Bad,Excellent product,positive,15,no,Chris,medium
C1028,2025-01-03,fashion,men,social media,west,2,Good,support not helpful,negative,5,no,Deepa,low
C1132,2026-02-21,electronics,laptop,website,south,5,Average,Excellent product,positive,10,no,Chris,high
C1154,2026-04-10,electronics,mobile,social media,south,5,Good,Loved it,positive,13,yes,Deepa,medium
C1140,2025-07-03,grocery,beverage,website,east,2,Review,app crash,negative,11,no,Chris,low
C1217,2025-01-30,beauty,skin,website,north,3,Review,No Feedback,neutral,12,yes,Chris,medium
C1274,2025-03-19,home,furniture,email,north,3,Average,nothing special,neutral,15,yes,Esha,medium
C1273,2025-10-05,home,furniture,website,north,5,No Title,Loved it,positive,2,no,Chris,high
C1091,2025-01-05,beauty,hair,email,north,1,Good,support not helpful,negative,8,no,Bob,medium
C1072,2026-05-05,beauty,skin,website,east,4,Average,Fast delivery,positive,11,yes,Esha,low
C1152,2025-11-08,beauty,hair,email,south,2,Good,late delivery,negative,15,yes,Esha,high
C1120,2025-12-27,fashion,men,email,south,1,Good,No Feedback,negative,10,no,Deepa,medium
C1074,2026-01-23,fashion,women,website,west,1,Average,poor quality,negative,8,yes,Esha,high
C1285,2025-08-04,home,furniture,website,south,2,No Title,app crash,negative,9,yes,Chris,high
C1225,2025-01-24,beauty,skin,mobile app,south,5,Good,Great support,positive,12,yes,Chris,high
C1104,2025-10-03,electronics,mobile,mobile app,east,2,Review,support not helpful,negative,10,yes,Esha,high
C1101,2025-09-27,electronics,laptop,website,west,1,Review,late delivery,negative,11,yes,Alice,low
C1153,2025-09-16,fashion,men,website,north,4,Bad,Loved it,positive,3,no,Chris,medium
C1007,2026-03-13,beauty,hair,website,west,1,Average,late delivery,negative,1,yes,Alice,low
C1229,2026-04-23,beauty,skin,email,east,4,Review,Great support,positive,15,no,Deepa,high
C1189,2025-04-23,beauty,skin,social media,north,2,Review,app crash,negative,4,yes,Esha,medium
C1269,2025-04-05,electronics,laptop,social media,east,5,Bad,No Feedback,positive,7,no,Esha,low
C1096,2025-11-11,grocery,beverage,email,east,4,Average,Excellent product,positive,8,yes,Deepa,high
C1200,2025-06-12,beauty,hair,survey,east,5,Average,Fast delivery,positive,13,yes,Alice,high
C1229,2026-05-06,beauty,hair,website,south,2,Good,support not helpful,negative,13,no,Bob,high
C1022,2026-05-10,fashion,women,website,south,3,Good,nothing special,neutral,15,yes,Deepa,low
C1239,2025-09-06,beauty,hair,email,east,2,No Title,poor quality,negative,14,no,Deepa,low
C1085,2026-03-11,electronics,laptop,email,north,3,No Title,average experience,neutral,2,yes,Alice,medium
C1217,2026-03-06,fashion,women,email,east,4,Review,No Feedback,positive,7,yes,Bob,high
C1200,2026-03-12,fashion,women,social media,north,4,Bad,Loved it,positive,14,no,Chris,high
C1184,2025-09-29,electronics,laptop,survey,north,5,Average,Highly recommend,positive,5,yes,Chris,low
C1130,2025-08-29,grocery,food,social media,north,4,Good,Great support,positive,5,no,Alice,medium
C1060,2025-09-12,grocery,beverage,website,east,3,Good,acceptable,neutral,6,no,Chris,medium
C1276,2026-01-23,beauty,skin,survey,south,2,Good,support not helpful,negative,7,yes,Alice,high
C1255,2025-07-14,electronics,laptop,survey,south,1,Review,poor quality,negative,6,yes,Alice,low
C1208,2025-05-18,home,kitchen,website,east,5,Good,Excellent product,positive,14,yes,Alice,high
C1139,2025-01-06,beauty,skin,email,south,3,Average,okay product,neutral,8,no,Chris,medium
C1045,2026-04-27,beauty,skin,social media,south,2,No Title,late delivery,negative,14,no,Esha,low
C1114,2025-09-23,fashion,women,email,east,3,Bad,acceptable,neutral,6,no,Esha,low
C1012,2025-07-29,home,furniture,website,north,1,Bad,support not helpful,negative,4,yes,Deepa,high
C1229,2026-02-17,home,kitchen,social media,east,1,Good,support not helpful,negative,11,no,Alice,medium
C1234,2025-07-31,electronics,laptop,email,south,4,Average,No Feedback,positive,8,yes,Bob,high
C1131,2025-03-01,electronics,laptop,social media,east,5,Bad,Great support,positive,5,yes,Alice,high
C1282,2025-11-19,home,kitchen,survey,east,3,No Title,average experience,neutral,12,yes,Chris,medium
C1141,2025-01-19,fashion,men,social media,north,1,Average,late delivery,negative,13,no,Esha,high
C1285,2025-01-18,electronics,mobile,survey,west,3,Bad,nothing special,neutral,12,no,Esha,high
C1065,2026-01-11,beauty,hair,survey,north,5,Average,No Feedback,positive,13,no,Esha,high
C1046,2025-12-25,beauty,skin,social media,west,5,Review,Fast delivery,positive,10,no,Bob,low
C1087,2025-01-14,beauty,skin,social media,south,1,Average,poor quality,negative,4,yes,Chris,high
C1242,2025-04-14,home,kitchen,website,west,3,No Title,No Feedback,neutral,12,yes,Bob,low
C1189,2026-04-15,beauty,skin,mobile app,south,1,Review,poor quality,negative,5,no,Alice,medium
C1230,2025-04-13,electronics,mobile,website,east,3,Average,nothing special,neutral,11,no,Alice,low
C1289,2025-10-03,beauty,skin,survey,east,2,Bad,bad packaging,negative,4,no,Alice,low
C1021,2026-03-19,beauty,skin,website,west,5,Average,Great support,positive,9,yes,Alice,high
C1039,2026-03-15,fashion,men,survey,north,2,Average,app crash,negative,1,no,Chris,medium
C1102,2025-12-08,electronics,mobile,mobile app,east,2,No Title,app crash,negative,4,yes,Deepa,high
C1047,2025-01-28,grocery,beverage,mobile app,south,2,No Title,bad packaging,negative,9,no,Deepa,high
C1270,2025-11-17,beauty,skin,website,north,2,Good,No Feedback,negative,5,yes,Esha,high
C1103,2025-12-28,home,furniture,social media,south,4,Review,Highly recommend,positive,4,no,Bob,high
C1047,2025-08-20,fashion,women,mobile app,west,1,Bad,poor quality,negative,8,yes,Chris,high
C1097,2025-12-09,home,kitchen,mobile app,south,1,Good,app crash,negative,7,yes,Deepa,medium
C1055,2025-06-16,fashion,women,website,south,2,Good,poor quality,negative,2,yes,Bob,high
C1149,2025-06-28,beauty,hair,social media,west,3,No Title,average experience,neutral,6,yes,Alice,high
C1227,2025-11-22,fashion,men,website,south,2,No Title,support not helpful,negative,4,yes,Chris,low
C1209,2026-05-08,home,kitchen,survey,south,1,No Title,late delivery,negative,7,no,Bob,low
C1013,2025-02-11,electronics,laptop,mobile app,south,1,No Title,support not helpful,negative,1,yes,Chris,high
C1242,2025-02-17,home,kitchen,mobile app,east,5,Bad,Great support,positive,14,yes,Alice,high
C1066,2025-07-29,home,furniture,email,south,1,Review,support not helpful,negative,6,yes,Esha,medium
C1093,2025-05-26,electronics,laptop,website,west,1,No Title,poor quality,negative,13,yes,Esha,medium
C1023,2026-02-22,fashion,men,social media,west,5,Review,Great support,positive,7,yes,Alice,high
C1235,2025-07-30,fashion,men,mobile app,west,1,Average,No Feedback,negative,13,no,Chris,high
C1254,2025-09-06,beauty,hair,survey,south,4,Average,Excellent product,positive,5,yes,Bob,high
C1107,2025-08-15,electronics,laptop,mobile app,north,1,No Title,late delivery,negative,11,no,Esha,high
C1245,2026-02-27,beauty,skin,email,north,3,Bad,okay product,neutral,1,yes,Bob,high
C1204,2025-03-14,fashion,men,mobile app,south,1,No Title,app crash,negative,3,no,Deepa,medium
C1148,2025-08-25,fashion,men,website,west,3,No Title,acceptable,neutral,1,no,Bob,medium
C1263,2026-04-13,electronics,mobile,website,south,1,Average,poor quality,negative,15,no,Deepa,low
C1120,2025-10-02,electronics,mobile,website,east,1,Bad,app crash,negative,4,yes,Esha,low
C1007,2025-07-19,fashion,women,mobile app,east,4,Review,No Feedback,positive,6,yes,Bob,medium
C1269,2025-06-28,electronics,laptop,mobile app,south,1,Good,support not helpful,negative,8,no,Bob,high
C1198,2025-06-23,grocery,beverage,website,south,4,Good,Great support,positive,1,no,Deepa,high
C1017,2025-09-19,grocery,food,website,south,1,No Title,poor quality,negative,9,yes,Chris,high
C1193,2026-01-27,beauty,skin,social media,east,5,Good,Great support,positive,13,yes,Chris,high
C1121,2025-05-05,fashion,men,email,north,3,Review,acceptable,neutral,5,yes,Deepa,high
C1128,2025-02-26,beauty,skin,mobile app,south,3,Average,No Feedback,neutral,14,yes,Esha,high
C1252,2025-12-10,beauty,skin,email,east,2,Average,late delivery,negative,9,yes,Chris,high
C1180,2025-08-21,fashion,women,website,south,4,Good,Fast delivery,positive,2,no,Alice,high
C1094,2025-12-12,beauty,skin,social media,south,3,No Title,okay product,neutral,15,yes,Bob,low
C1213,2025-09-01,electronics,mobile,mobile app,south,3,Review,acceptable,neutral,1,no,Bob,high
C1191,2026-05-01,electronics,mobile,social media,south,3,Good,works fine,neutral,13,yes,Bob,high
C1109,2025-04-23,beauty,hair,website,west,5,Good,Highly recommend,positive,2,yes,Bob,medium
C1236,2026-01-01,beauty,skin,email,south,3,Good,nothing special,neutral,13,no,Deepa,medium
C1111,2025-04-21,beauty,hair,survey,east,1,Review,No Feedback,negative,8,yes,Esha,medium
C1283,2025-02-18,home,furniture,website,south,3,Review,works fine,neutral,2,yes,Deepa,high
C1109,2025-02-06,fashion,women,website,west,4,Good,Excellent product,positive,11,no,Chris,medium
C1002,2026-02-22,home,kitchen,social media,south,3,Good,nothing special,neutral,8,yes,Alice,high
C1248,2025-09-04,electronics,mobile,website,south,3,Good,acceptable,neutral,14,yes,Chris,high
C1064,2025-08-13,grocery,beverage,social media,west,3,Average,average experience,neutral,7,yes,Esha,high
C1012,2026-01-09,fashion,men,social media,south,5,Bad,Fast delivery,positive,4,yes,Alice,high
C1148,2025-05-25,electronics,laptop,mobile app,north,3,No Title,nothing special,neutral,11,no,Bob,high
C1244,2025-05-21,electronics,mobile,social media,north,1,Average,late delivery,negative,14,yes,Bob,high
C1143,2025-09-13,home,furniture,survey,north,2,No Title,No Feedback,negative,14,yes,Chris,medium
C1129,2025-11-05,electronics,mobile,social media,south,2,Review,late delivery,negative,10,no,Bob,high
C1290,2025-01-08,electronics,laptop,email,south,1,Average,support not helpful,negative,8,no,Esha,high
C1069,2025-12-01,home,kitchen,website,north,3,Average,average experience,neutral,4,no,Chris,high
C1111,2026-04-24,grocery,food,email,east,3,Bad,average experience,neutral,15,no,Bob,high
C1190,2026-03-15,grocery,beverage,survey,south,4,Average,Highly recommend,positive,11,no,Alice,high
C1280,2025-01-09,home,furniture,social media,south,2,No Title,support not helpful,negative,9,yes,Deepa,low
C1274,2026-03-09,beauty,hair,survey,east,4,Average,Great support,positive,2,yes,Esha,low
C1137,2025-08-25,electronics,mobile,survey,north,3,Good,average experience,neutral,7,no,Deepa,high
C1031,2026-03-24,home,furniture,website,east,1,Bad,bad packaging,negative,1,no,Chris,medium
C1155,2025-07-03,fashion,women,social media,east,4,Good,Loved it,positive,4,no,Deepa,low
C1127,2025-07-13,home,kitchen,mobile app,south,5,Bad,Excellent product,positive,13,no,Deepa,high
C1278,2025-09-03,electronics,laptop,email,west,4,Average,Highly recommend,positive,9,no,Esha,high
C1060,2026-03-29,electronics,mobile,website,north,3,No Title,works fine,neutral,10,no,Alice,high
C1023,2026-01-12,home,furniture,website,east,4,Bad,Excellent product,positive,13,no,Deepa,low
C1213,2025-10-18,fashion,women,social media,east,5,Average,Highly recommend,positive,9,no,Chris,high
C1072,2026-03-17,grocery,beverage,social media,north,4,No Title,No Feedback,positive,12,no,Bob,high
C1128,2025-12-10,fashion,women,mobile app,east,5,Review,Great support,positive,8,yes,Esha,low
C1141,2026-01-16,fashion,men,website,south,3,No Title,acceptable,neutral,11,yes,Chris,high
C1011,2025-04-08,beauty,hair,website,south,3,Average,okay product,neutral,5,yes,Alice,high
C1219,2025-02-08,home,kitchen,social media,north,5,Bad,Great support,positive,11,no,Bob,high
C1122,2025-12-31,home,furniture,website,north,5,Review,Loved it,positive,1,no,Alice,high
C1199,2025-07-22,home,furniture,mobile app,south,5,Average,No Feedback,positive,3,yes,Alice,high
C1050,2025-01-24,beauty,skin,website,west,2,Good,support not helpful,negative,10,yes,Alice,high
C1206,2025-12-07,grocery,food,social media,north,5,Good,Fast delivery,positive,2,no,Esha,medium
C1290,2026-01-15,beauty,skin,survey,south,1,Good,late delivery,negative,8,no,Alice,high
C1114,2025-07-31,home,kitchen,survey,east,1,No Title,app crash,negative,7,no,Esha,high
C1119,2025-03-19,grocery,beverage,website,west,3,Good,nothing special,neutral,14,yes,Esha,high
C1081,2026-01-23,beauty,hair,social media,west,5,No Title,Highly recommend,positive,3,yes,Esha,medium
C1096,2026-01-31,fashion,men,email,west,5,Review,Highly recommend,positive,11,yes,Deepa,low
C1001,2025-05-10,beauty,hair,website,north,5,No Title,Highly recommend,positive,6,no,Deepa,high
C1172,2025-11-24,grocery,beverage,website,south,4,Good,Highly recommend,positive,11,no,Esha,medium
C1265,2025-02-24,fashion,women,survey,south,4,Bad,Highly recommend,positive,6,no,Esha,low
C1049,2026-02-09,grocery,beverage,website,north,5,Average,No Feedback,positive,4,no,Esha,low
C1279,2025-06-22,beauty,hair,social media,east,1,No Title,support not helpful,negative,7,yes,Alice,high
C1251,2025-04-07,beauty,hair,survey,north,1,Bad,app crash,negative,7,yes,Esha,low
C1145,2025-01-08,fashion,men,website,north,1,Review,late delivery,negative,7,no,Alice,low
C1099,2025-01-14,fashion,women,social media,east,1,Bad,app crash,negative,9,yes,Esha,medium
C1142,2025-02-24,beauty,hair,email,west,3,No Title,works fine,neutral,7,no,Bob,high
C1216,2025-04-17,beauty,hair,mobile app,south,3,Bad,No Feedback,neutral,5,no,Deepa,low
C1093,2025-03-28,home,furniture,email,south,2,Good,bad packaging,negative,2,yes,Esha,high
C1250,2025-02-13,fashion,men,website,west,3,Good,nothing special,neutral,13,no,Chris,high
C1243,2026-03-20,fashion,women,social media,east,1,Average,support not helpful,negative,10,no,Bob,high
C1281,2025-01-17,electronics,laptop,survey,west,2,Bad,app crash,negative,9,no,Esha,low
C1035,2025-06-08,home,furniture,survey,east,2,Good,bad packaging,negative,6,yes,Deepa,low
C1018,2025-06-13,fashion,men,website,east,3,No Title,works fine,neutral,9,no,Deepa,low
C1297,2025-04-13,electronics,laptop,social media,south,4,Review,Fast delivery,positive,7,yes,Alice,low
C1053,2025-07-25,grocery,beverage,survey,west,5,Review,Loved it,positive,6,yes,Alice,low
C1191,2025-09-13,beauty,skin,email,south,1,Review,late delivery,negative,14,no,Esha,low
C1225,2025-05-10,grocery,beverage,social media,west,4,Good,Loved it,positive,2,yes,Bob,low
C1278,2025-08-25,electronics,laptop,email,west,2,No Title,late delivery,negative,10,yes,Bob,low
C1267,2025-05-06,electronics,mobile,social media,south,3,Bad,acceptable,neutral,15,no,Deepa,high
C1148,2025-09-04,electronics,mobile,website,north,4,Review,Highly recommend,positive,8,yes,Deepa,low
C1120,2025-02-25,electronics,mobile,mobile app,south,1,Good,late delivery,negative,8,yes,Bob,high
C1052,2025-10-11,home,kitchen,email,north,2,Average,late delivery,negative,5,yes,Esha,high
C1265,2025-11-15,electronics,laptop,mobile app,south,4,Average,Great support,positive,15,no,Alice,low
C1048,2025-07-09,beauty,skin,website,north,3,Bad,No Feedback,neutral,4,no,Alice,high
C1037,2026-01-25,fashion,men,mobile app,south,5,Good,No Feedback,positive,10,no,Alice,high
C1014,2025-01-28,beauty,hair,website,south,4,Average,Loved it,positive,9,no,Bob,low
C1024,2025-11-17,home,kitchen,social media,south,3,Good,acceptable,neutral,6,no,Deepa,low
C1022,2025-06-18,grocery,beverage,survey,north,5,Review,Great support,positive,11,no,Esha,high
C1292,2026-01-26,electronics,laptop,website,west,2,Average,poor quality,negative,5,yes,Esha,high
C1246,2025-06-13,grocery,beverage,website,south,2,No Title,bad packaging,negative,8,no,Chris,high
C1228,2025-12-18,grocery,beverage,mobile app,west,3,No Title,average experience,neutral,5,no,Deepa,high
C1108,2025-07-15,fashion,women,website,east,4,Average,Great support,positive,14,yes,Bob,low
C1287,2025-02-10,beauty,hair,website,west,4,No Title,Fast delivery,positive,12,no,Chris,medium
C1252,2026-04-05,fashion,women,email,east,5,Good,Excellent product,positive,11,yes,Chris,high
C1241,2025-06-03,beauty,skin,website,west,5,Bad,Fast delivery,positive,7,yes,Alice,low
C1099,2026-04-04,grocery,beverage,social media,west,3,Review,acceptable,neutral,9,no,Chris,medium
C1246,2025-10-25,fashion,men,survey,east,5,Average,No Feedback,positive,7,yes,Esha,low
C1093,2026-01-31,grocery,food,social media,west,4,No Title,Great support,positive,4,yes,Bob,medium
C1080,2025-04-02,grocery,beverage,social media,south,5,Average,Excellent product,positive,6,yes,Esha,high
C1143,2025-11-19,grocery,beverage,website,west,5,Average,Fast delivery,positive,15,no,Deepa,high
C1005,2025-05-09,fashion,men,mobile app,south,3,Bad,nothing special,neutral,6,no,Chris,low
C1067,2025-04-28,beauty,skin,social media,north,3,No Title,average experience,neutral,6,yes,Bob,high
C1149,2025-12-20,fashion,men,survey,south,4,Review,Highly recommend,positive,12,yes,Chris,high
C1014,2026-05-07,fashion,men,survey,south,1,Bad,support not helpful,negative,7,yes,Bob,medium
C1017,2025-07-08,home,furniture,email,east,3,Bad,acceptable,neutral,4,yes,Chris,medium
C1013,2025-04-01,grocery,beverage,website,west,5,No Title,No Feedback,positive,4,no,Alice,medium
C1136,2025-03-05,home,kitchen,website,south,5,Average,Loved it,positive,2,yes,Chris,high
C1220,2025-08-19,grocery,food,survey,west,2,Good,bad packaging,negative,4,yes,Deepa,medium
C1105,2025-10-11,home,kitchen,email,south,4,Good,No Feedback,positive,1,yes,Deepa,low
C1158,2025-07-29,electronics,laptop,survey,east,5,Average,Fast delivery,positive,1,yes,Bob,medium
C1021,2025-01-21,grocery,food,social media,north,3,No Title,works fine,neutral,11,no,Bob,medium
C1036,2025-11-08,beauty,hair,website,north,3,Good,acceptable,neutral,2,no,Esha,low
C1115,2025-05-29,home,furniture,social media,east,2,Average,app crash,negative,8,no,Chris,high
C1212,2025-09-14,electronics,laptop,survey,east,4,Average,Highly recommend,positive,9,yes,Deepa,high
C1042,2025-11-22,home,kitchen,survey,south,5,Average,Loved it,positive,10,no,Chris,high
C1085,2025-06-24,beauty,hair,website,south,3,Bad,okay product,neutral,9,no,Bob,high
C1050,2026-01-10,beauty,hair,website,east,5,Review,Great support,positive,13,yes,Alice,low
C1108,2026-01-07,grocery,food,social media,west,4,Good,Fast delivery,positive,13,yes,Chris,medium
C1076,2026-03-14,home,furniture,social media,west,2,Bad,late delivery,negative,13,yes,Alice,high
C1041,2026-05-13,beauty,hair,website,north,5,Good,Highly recommend,positive,6,no,Bob,high
C1030,2025-07-28,grocery,beverage,survey,south,3,Bad,nothing special,neutral,11,yes,Esha,high
C1212,2025-12-23,home,kitchen,email,south,3,Review,No Feedback,neutral,14,yes,Deepa,low
C1101,2026-03-29,beauty,skin,website,south,2,Good,poor quality,negative,11,yes,Chris,low
C1174,2026-03-26,home,kitchen,website,west,3,Bad,works fine,neutral,10,yes,Esha,medium
C1263,2025-01-17,electronics,laptop,website,east,2,Good,poor quality,negative,10,no,Bob,high
C1073,2025-02-15,fashion,women,website,west,2,Average,bad packaging,negative,3,yes,Bob,high
C1144,2025-11-21,grocery,beverage,mobile app,north,4,Average,Great support,positive,4,yes,Alice,high
C1263,2025-05-20,grocery,food,website,west,5,Bad,Loved it,positive,7,yes,Esha,high
C1285,2026-05-10,electronics,laptop,website,west,5,Bad,Highly recommend,positive,3,yes,Deepa,high
C1210,2025-01-13,beauty,skin,mobile app,south,4,No Title,Fast delivery,positive,13,yes,Deepa,high
C1291,2025-07-19,home,furniture,website,south,5,Review,Fast delivery,positive,9,yes,Chris,high
C1053,2025-06-27,home,kitchen,website,south,5,Good,Fast delivery,positive,4,no,Deepa,low
C1263,2026-01-28,beauty,hair,social media,south,2,Good,poor quality,negative,8,yes,Alice,low
C1252,2026-03-30,fashion,women,email,east,2,Good,app crash,negative,11,yes,Bob,high
C1109,2026-03-27,beauty,skin,website,south,1,Bad,app crash,negative,9,yes,Alice,medium
C1280,2025-06-07,home,furniture,social media,north,2,Bad,support not helpful,negative,3,yes,Esha,high
C1126,2025-02-28,beauty,skin,mobile app,south,4,Bad,Excellent product,positive,1,yes,Bob,low
C1192,2025-12-13,electronics,laptop,website,south,1,Review,late delivery,negative,1,no,Chris,medium
C1142,2026-02-06,electronics,laptop,survey,south,2,Good,No Feedback,negative,12,no,Chris,low
C1093,2025-08-02,electronics,laptop,website,south,3,Good,okay product,neutral,11,no,Deepa,high
C1031,2025-12-13,fashion,men,email,north,5,Good,Fast delivery,positive,3,no,Chris,low
C1141,2025-03-14,fashion,women,website,south,2,Average,support not helpful,negative,5,yes,Bob,high
C1210,2026-02-02,home,furniture,email,south,2,Review,bad packaging,negative,9,yes,Deepa,medium
C1103,2025-02-11,fashion,women,mobile app,west,5,Good,Fast delivery,positive,15,no,Alice,low
C1053,2025-12-08,electronics,laptop,email,west,5,Review,Loved it,positive,3,no,Bob,low
C1019,2025-11-19,beauty,hair,survey,south,2,Good,poor quality,negative,5,yes,Bob,medium
C1066,2026-01-31,fashion,men,website,south,3,Review,acceptable,neutral,3,yes,Bob,high
C1263,2025-06-23,beauty,skin,mobile app,west,1,Bad,app crash,negative,8,no,Chris,high
C1046,2025-11-23,electronics,mobile,website,south,3,Average,okay product,neutral,11,yes,Esha,medium
C1073,2025-10-10,beauty,skin,mobile app,south,2,No Title,app crash,negative,3,yes,Alice,high
C1076,2026-01-18,beauty,skin,social media,south,2,Good,app crash,negative,6,yes,Esha,high
C1259,2025-05-06,grocery,food,social media,south,1,Average,app crash,negative,2,no,Bob,high
C1187,2025-03-22,electronics,mobile,social media,north,5,Review,Great support,positive,15,yes,Bob,medium
C1123,2025-06-28,fashion,women,mobile app,south,4,Bad,Highly recommend,positive,11,no,Esha,high
C1257,2026-04-26,electronics,laptop,email,south,4,Review,Fast delivery,positive,9,yes,Alice,high
C1056,2025-03-30,electronics,mobile,survey,north,2,Good,support not helpful,negative,8,no,Esha,high
C1008,2025-03-12,beauty,skin,website,north,5,No Title,No Feedback,positive,1,yes,Esha,medium
C1077,2025-05-30,fashion,men,email,east,2,Review,bad packaging,negative,14,yes,Chris,medium
C1284,2025-11-20,beauty,hair,website,north,2,Review,support not helpful,negative,3,yes,Deepa,high
C1184,2026-05-08,home,furniture,email,south,2,Good,poor quality,negative,14,yes,Deepa,low
C1284,2026-02-08,electronics,mobile,mobile app,east,4,Bad,Excellent product,positive,6,yes,Deepa,high
C1031,2025-05-23,beauty,skin,survey,south,1,No Title,app crash,negative,3,yes,Chris,high
C1237,2025-02-28,grocery,food,survey,south,3,Average,nothing special,neutral,14,yes,Alice,medium
C1143,2026-03-10,electronics,laptop,website,east,2,No Title,bad packaging,negative,12,no,Deepa,low
C1223,2025-04-29,home,kitchen,website,east,4,Review,Great support,positive,2,yes,Bob,medium
C1242,2026-03-28,beauty,skin,website,west,3,Review,average experience,neutral,15,yes,Esha,low
C1260,2026-05-02,home,kitchen,social media,west,3,Good,No Feedback,neutral,9,no,Chris,high
C1287,2026-03-09,fashion,men,survey,south,1,Bad,support not helpful,negative,5,no,Alice,low
C1073,2025-02-02,grocery,food,website,north,5,Review,No Feedback,positive,9,yes,Chris,high
C1038,2025-01-27,home,furniture,email,west,3,Bad,acceptable,neutral,9,yes,Chris,low
C1179,2025-12-01,fashion,men,mobile app,north,1,No Title,app crash,negative,7,no,Alice,high
C1124,2025-11-29,electronics,laptop,email,south,4,Bad,Fast delivery,positive,12,no,Bob,high
C1210,2025-11-07,home,furniture,mobile app,south,3,Good,works fine,neutral,5,no,Esha,high
C1198,2025-09-02,electronics,laptop,mobile app,east,2,Review,bad packaging,negative,4,yes,Chris,high
C1075,2025-08-27,home,furniture,social media,south,5,Review,Fast delivery,positive,15,no,Esha,high
C1156,2026-01-08,grocery,beverage,mobile app,south,3,Bad,average experience,neutral,1,no,Bob,high
C1256,2025-11-21,home,furniture,website,south,1,Good,late delivery,negative,14,yes,Esha,high
C1085,2025-02-15,electronics,laptop,website,west,5,Review,Fast delivery,positive,13,no,Bob,high
C1070,2025-07-12,fashion,women,email,south,2,Good,poor quality,negative,12,yes,Bob,medium
C1112,2025-10-10,home,furniture,website,south,5,Bad,Great support,positive,10,yes,Esha,low
C1110,2025-07-03,fashion,women,website,north,3,No Title,okay product,neutral,10,yes,Alice,medium
C1239,2025-04-19,home,furniture,mobile app,west,5,Good,Fast delivery,positive,11,yes,Esha,high
C1144,2026-04-20,beauty,hair,website,south,1,No Title,late delivery,negative,7,no,Alice,medium
C1130,2025-06-14,beauty,hair,mobile app,east,3,Review,No Feedback,neutral,9,no,Bob,low
C1108,2025-04-27,grocery,beverage,survey,south,3,Bad,acceptable,neutral,8,yes,Alice,high
C1267,2026-04-03,grocery,food,survey,north,3,Bad,works fine,neutral,7,yes,Esha,medium
C1293,2025-09-26,home,kitchen,mobile app,west,3,Review,okay product,neutral,10,yes,Esha,medium
C1174,2025-07-19,beauty,hair,social media,north,2,No Title,support not helpful,negative,15,yes,Deepa,low
C1188,2026-03-21,beauty,skin,website,east,3,Bad,acceptable,neutral,1,no,Deepa,high
C1007,2026-03-06,beauty,hair,email,south,3,Average,average experience,neutral,4,yes,Chris,high
C1149,2025-10-28,electronics,laptop,mobile app,east,3,Good,nothing special,neutral,7,yes,Deepa,high
C1044,2025-08-22,home,furniture,social media,north,1,Average,poor quality,negative,15,no,Chris,low
C1027,2026-05-11,fashion,women,email,south,2,Bad,bad packaging,negative,2,yes,Bob,high
C1281,2025-11-17,home,kitchen,website,south,5,Bad,Loved it,positive,13,no,Chris,low
C1074,2025-11-12,beauty,hair,website,south,3,Good,okay product,neutral,8,yes,Alice,high
C1020,2026-02-20,beauty,hair,mobile app,west,4,No Title,Fast delivery,positive,15,no,Esha,medium
C1149,2026-04-16,home,furniture,website,south,5,Average,Fast delivery,positive,15,yes,Bob,low
C1122,2026-01-07,electronics,mobile,website,north,3,No Title,average experience,neutral,5,no,Alice,low
C1140,2025-01-29,electronics,mobile,website,south,4,Good,No Feedback,positive,2,no,Alice,low
C1076,2025-06-22,beauty,hair,social media,south,5,Good,Excellent product,positive,10,no,Bob,low
C1065,2025-03-24,electronics,laptop,website,north,2,Good,late delivery,negative,9,yes,Alice,medium
C1096,2026-04-15,beauty,skin,website,west,4,No Title,Fast delivery,positive,13,yes,Esha,medium
C1130,2025-02-06,electronics,laptop,survey,west,3,Good,No Feedback,neutral,14,yes,Chris,medium
C1116,2026-04-04,electronics,mobile,survey,south,3,Average,acceptable,neutral,15,yes,Bob,medium
C1121,2025-02-10,electronics,laptop,mobile app,east,5,Average,Excellent product,positive,14,no,Chris,low
C1087,2026-01-08,home,kitchen,social media,south,1,Review,app crash,negative,9,yes,Deepa,low
C1158,2026-04-06,beauty,hair,mobile app,west,1,Good,bad packaging,negative,1,yes,Alice,medium
C1099,2025-04-07,beauty,hair,mobile app,east,4,Review,Loved it,positive,8,yes,Alice,medium
C1066,2025-02-07,electronics,mobile,email,west,1,Review,poor quality,negative,6,yes,Alice,high
C1300,2026-03-07,grocery,beverage,mobile app,south,4,Good,Loved it,positive,12,yes,Bob,medium
C1071,2025-03-11,home,kitchen,social media,south,1,Bad,app crash,negative,15,yes,Chris,low
C1134,2025-04-05,grocery,food,mobile app,west,2,Average,bad packaging,negative,2,yes,Alice,low
C1247,2026-04-21,electronics,laptop,social media,south,5,Bad,Fast delivery,positive,10,no,Esha,high
C1111,2025-04-21,electronics,laptop,mobile app,south,1,Bad,late delivery,negative,10,no,Alice,low
C1034,2025-01-25,beauty,skin,social media,south,3,Good,No Feedback,neutral,1,yes,Deepa,high
C1107,2026-04-12,beauty,skin,website,south,1,Good,support not helpful,negative,6,yes,Esha,medium
C1071,2025-06-20,fashion,women,website,south,5,Review,Highly recommend,positive,10,yes,Esha,high
C1050,2025-11-06,beauty,hair,website,south,4,Average,Highly recommend,positive,10,no,Chris,medium
C1232,2025-04-21,electronics,mobile,email,north,4,No Title,Fast delivery,positive,1,yes,Bob,low
C1289,2025-05-01,grocery,beverage,survey,south,4,No Title,Excellent product,positive,3,yes,Deepa,medium
C1007,2025-04-18,home,furniture,website,east,4,No Title,Fast delivery,positive,12,yes,Deepa,low
C1055,2025-08-03,grocery,food,social media,north,2,Review,bad packaging,negative,5,yes,Deepa,high
C1121,2026-01-30,fashion,women,website,north,3,Average,acceptable,neutral,5,yes,Esha,low
C1148,2025-01-11,fashion,women,email,south,3,Good,average experience,neutral,11,yes,Deepa,low
C1042,2025-01-31,home,furniture,social media,north,5,No Title,Fast delivery,positive,12,yes,Deepa,high
C1103,2026-03-23,electronics,laptop,mobile app,north,4,Review,Loved it,positive,2,no,Alice,high
C1252,2025-03-05,electronics,mobile,website,north,1,Review,No Feedback,negative,11,no,Chris,high
C1110,2025-05-18,home,furniture,mobile app,north,5,Good,Great support,positive,9,no,Esha,high
C1065,2025-06-15,home,furniture,social media,west,1,Good,No Feedback,negative,7,yes,Bob,high
C1105,2025-12-27,grocery,beverage,website,south,3,Review,works fine,neutral,11,yes,Bob,high
C1127,2025-01-22,electronics,laptop,mobile app,west,1,Average,bad packaging,negative,7,no,Esha,medium
C1010,2026-03-05,grocery,food,mobile app,north,1,Good,poor quality,negative,13,no,Esha,medium
C1090,2025-10-30,grocery,food,website,north,4,Bad,No Feedback,positive,9,no,Esha,high
C1045,2025-01-23,beauty,skin,mobile app,east,3,Good,okay product,neutral,1,yes,Bob,high
C1017,2026-04-11,beauty,skin,mobile app,east,1,Review,poor quality,negative,12,no,Deepa,medium
C1103,2025-12-04,fashion,men,survey,west,1,Average,late delivery,negative,5,no,Esha,medium
C1039,2025-01-13,grocery,beverage,social media,south,4,Good,Highly recommend,positive,9,no,Esha,low
C1176,2026-01-16,beauty,hair,email,north,4,Review,Highly recommend,positive,3,no,Alice,medium
C1231,2026-03-15,home,kitchen,social media,south,2,No Title,app crash,negative,5,yes,Bob,high
C1254,2025-02-14,grocery,food,email,south,4,Good,Great support,positive,9,yes,Deepa,low
C1200,2025-11-07,home,furniture,website,north,2,Review,late delivery,negative,12,yes,Alice,high
C1067,2026-03-22,beauty,hair,email,south,3,Average,average experience,neutral,5,no,Deepa,low
C1125,2025-01-04,fashion,women,survey,east,2,Average,bad packaging,negative,2,yes,Deepa,low
C1158,2025-02-09,grocery,food,website,west,1,Good,poor quality,negative,4,yes,Alice,low
C1005,2025-09-10,beauty,skin,social media,south,2,Review,app crash,negative,15,yes,Esha,high
C1240,2026-04-10,electronics,laptop,social media,north,1,Average,app crash,negative,14,no,Bob,high
C1065,2025-01-15,electronics,laptop,social media,south,1,Good,No Feedback,negative,15,yes,Bob,low
C1203,2025-02-07,beauty,skin,mobile app,south,2,No Title,app crash,negative,8,no,Deepa,medium
C1243,2026-04-22,electronics,mobile,social media,north,5,Review,Loved it,positive,6,yes,Deepa,high
C1081,2025-07-20,beauty,hair,website,south,4,Good,Highly recommend,positive,7,yes,Esha,medium
C1238,2025-11-01,beauty,skin,website,south,4,Average,Fast delivery,positive,10,yes,Esha,low
C1071,2025-01-30,electronics,mobile,website,west,3,Average,average experience,neutral,2,no,Alice,medium
C1072,2025-03-07,fashion,men,website,west,5,Average,Excellent product,positive,11,yes,Bob,high
C1155,2025-10-26,home,kitchen,mobile app,south,4,Average,Excellent product,positive,7,no,Deepa,high
C1172,2025-08-31,grocery,beverage,survey,south,2,No Title,bad packaging,negative,15,yes,Esha,high
C1029,2025-07-13,electronics,mobile,website,south,4,Review,Fast delivery,positive,14,yes,Chris,medium
C1241,2025-02-17,electronics,mobile,mobile app,west,5,Average,Loved it,positive,7,no,Deepa,medium
C1262,2025-02-25,beauty,skin,website,east,5,Average,Excellent product,positive,13,yes,Bob,low
C1047,2025-07-07,grocery,food,mobile app,east,2,Good,poor quality,negative,9,yes,Deepa,high
C1128,2025-03-27,grocery,beverage,email,south,2,Good,support not helpful,negative,9,no,Bob,high
C1173,2025-01-26,grocery,beverage,website,north,1,No Title,poor quality,negative,1,yes,Esha,medium
C1100,2025-01-15,home,kitchen,social media,south,4,No Title,Fast delivery,positive,1,yes,Esha,low
C1240,2025-08-31,grocery,food,survey,west,5,Review,Excellent product,positive,13,no,Bob,high
C1111,2025-06-14,fashion,men,email,south,2,Average,bad packaging,negative,13,no,Bob,high
C1281,2025-04-05,home,furniture,social media,north,2,Review,late delivery,negative,11,yes,Alice,low
C1098,2025-05-29,beauty,hair,mobile app,north,1,No Title,app crash,negative,13,yes,Esha,high
C1160,2025-02-03,grocery,beverage,email,south,5,Bad,Great support,positive,8,yes,Deepa,high
C1191,2025-02-04,electronics,laptop,website,south,1,Bad,No Feedback,negative,11,yes,Bob,medium
C1036,2025-01-16,electronics,mobile,website,west,4,No Title,Loved it,positive,6,yes,Esha,high
C1123,2026-03-15,electronics,mobile,website,west,4,Good,Excellent product,positive,12,yes,Chris,high
C1016,2026-01-11,grocery,food,website,south,2,Bad,support not helpful,negative,1,yes,Bob,medium
C1183,2025-04-01,electronics,laptop,website,north,2,No Title,poor quality,negative,8,no,Esha,low
C1233,2025-09-23,grocery,food,email,south,2,Good,bad packaging,negative,13,yes,Alice,low
C1020,2025-11-17,grocery,beverage,mobile app,east,3,Average,acceptable,neutral,9,no,Chris,low
C1300,2025-06-13,electronics,mobile,website,north,1,Bad,bad packaging,negative,9,yes,Chris,high
C1056,2025-05-24,beauty,skin,social media,east,4,Bad,Great support,positive,13,no,Chris,low
C1113,2025-08-16,fashion,men,social media,south,4,Bad,Fast delivery,positive,9,yes,Bob,medium
C1224,2025-04-26,beauty,skin,social media,east,1,Average,support not helpful,negative,14,no,Chris,low
C1033,2025-09-14,beauty,hair,website,south,5,Average,Fast delivery,positive,5,yes,Esha,low
C1225,2026-05-16,electronics,laptop,mobile app,south,1,Review,support not helpful,negative,11,yes,Bob,low
C1037,2026-03-20,grocery,beverage,website,south,3,Good,nothing special,neutral,12,no,Bob,low
C1197,2025-07-12,beauty,hair,website,south,1,No Title,support not helpful,negative,15,no,Esha,high
C1147,2025-10-04,grocery,food,website,west,2,Bad,app crash,negative,11,yes,Alice,low
C1282,2025-05-13,home,furniture,mobile app,south,4,No Title,Fast delivery,positive,7,yes,Esha,high
C1002,2026-02-15,electronics,mobile,website,south,4,No Title,Excellent product,positive,11,yes,Bob,high
C1300,2025-01-12,fashion,men,email,north,1,Review,late delivery,negative,5,yes,Deepa,high
C1259,2025-09-13,grocery,food,website,north,1,Good,bad packaging,negative,9,yes,Chris,low
C1011,2026-03-19,beauty,skin,email,north,2,Bad,bad packaging,negative,2,yes,Chris,low
C1277,2026-01-31,home,kitchen,mobile app,east,3,Good,works fine,neutral,13,yes,Deepa,low
C1077,2025-04-21,beauty,hair,email,south,3,Average,acceptable,neutral,11,no,Bob,high
C1040,2025-02-14,grocery,food,mobile app,west,1,Bad,bad packaging,negative,6,yes,Alice,low
C1124,2025-12-01,beauty,hair,website,south,3,Good,okay product,neutral,3,no,Deepa,high
C1056,2025-09-07,beauty,hair,email,south,4,Average,Loved it,positive,6,no,Deepa,high
C1103,2026-04-23,fashion,women,website,south,4,No Title,Loved it,positive,8,yes,Deepa,high
C1021,2025-07-04,grocery,beverage,mobile app,west,1,Average,No Feedback,negative,4,yes,Deepa,low
C1106,2025-10-08,home,kitchen,social media,east,3,Bad,average experience,neutral,11,no,Esha,low
C1243,2025-08-17,home,kitchen,social media,south,4,Review,Highly recommend,positive,7,yes,Deepa,high
C1281,2026-04-05,electronics,mobile,website,north,4,Good,Fast delivery,positive,1,yes,Deepa,medium
C1085,2025-04-07,home,furniture,social media,east,1,Review,late delivery,negative,12,yes,Esha,medium
C1126,2025-07-24,electronics,laptop,survey,north,3,Review,nothing special,neutral,15,yes,Bob,high
C1226,2026-02-25,fashion,men,social media,north,1,Average,support not helpful,negative,7,no,Chris,medium
C1237,2025-11-18,electronics,laptop,website,south,4,Bad,Great support,positive,13,no,Alice,medium
C1271,2025-06-04,beauty,skin,website,east,4,Bad,Loved it,positive,11,yes,Bob,medium
C1235,2025-07-12,beauty,hair,survey,south,2,No Title,support not helpful,negative,2,yes,Chris,high
C1002,2026-02-10,electronics,laptop,email,south,3,Review,okay product,neutral,10,no,Bob,high
C1008,2025-11-28,grocery,beverage,social media,east,1,No Title,app crash,negative,1,yes,Chris,low
C1031,2025-02-23,home,kitchen,social media,north,4,No Title,No Feedback,positive,12,no,Esha,low
C1004,2026-03-28,grocery,food,mobile app,west,1,Good,late delivery,negative,8,no,Bob,high
C1050,2026-01-27,home,furniture,survey,west,3,Review,works fine,neutral,15,yes,Bob,medium
C1177,2025-09-21,fashion,men,survey,east,1,No Title,support not helpful,negative,8,no,Deepa,high
C1092,2025-01-31,electronics,laptop,mobile app,east,1,Bad,support not helpful,negative,12,no,Alice,medium
C1079,2026-01-04,fashion,men,website,south,2,No Title,poor quality,negative,14,yes,Alice,low
C1050,2025-02-01,home,furniture,website,east,5,Average,Fast delivery,positive,4,no,Bob,low
C1283,2025-11-11,beauty,skin,survey,east,2,Good,late delivery,negative,10,no,Bob,high
C1091,2025-02-03,fashion,women,website,south,2,Average,late delivery,negative,2,no,Deepa,high
C1253,2025-01-03,home,kitchen,website,north,3,Good,works fine,neutral,3,no,Alice,high
C1010,2025-09-06,electronics,mobile,website,east,1,Bad,bad packaging,negative,10,no,Bob,high
C1205,2025-07-07,fashion,women,mobile app,south,1,Good,poor quality,negative,12,yes,Chris,high
C1120,2025-10-27,home,kitchen,mobile app,south,4,Average,Great support,positive,1,no,Chris,medium
C1227,2025-10-16,electronics,mobile,email,south,5,Bad,Excellent product,positive,5,no,Deepa,low
C1152,2025-09-12,electronics,laptop,email,south,5,No Title,Fast delivery,positive,13,no,Alice,low
C1030,2025-09-29,fashion,women,survey,south,5,Good,Great support,positive,11,yes,Chris,medium
C1255,2026-01-05,home,furniture,website,south,2,Average,bad packaging,negative,2,yes,Alice,high
C1080,2025-01-08,grocery,food,website,east,5,No Title,Great support,positive,10,no,Bob,medium
C1282,2025-08-29,grocery,food,website,east,4,Good,Highly recommend,positive,2,yes,Alice,medium
C1249,2026-01-09,fashion,men,email,east,1,No Title,poor quality,negative,13,yes,Chris,low
C1238,2025-02-24,fashion,women,website,west,4,Good,Great support,positive,2,yes,Esha,high
C1007,2025-05-18,home,furniture,social media,south,3,Average,acceptable,neutral,2,no,Deepa,low
C1196,2025-04-15,fashion,men,social media,south,4,Average,Fast delivery,positive,4,no,Esha,high
C1064,2025-11-08,electronics,mobile,email,west,5,Bad,Great support,positive,15,no,Alice,high
C1261,2025-03-25,grocery,food,survey,west,4,No Title,Highly recommend,positive,2,yes,Esha,high
C1297,2026-02-04,grocery,beverage,website,south,3,Good,acceptable,neutral,8,no,Alice,low
C1038,2026-05-01,grocery,food,mobile app,west,1,Review,bad packaging,negative,5,yes,Deepa,high
C1177,2025-09-18,grocery,beverage,mobile app,east,1,Review,app crash,negative,11,yes,Deepa,low
C1012,2026-01-22,beauty,skin,email,west,2,Review,late delivery,negative,15,yes,Esha,low
C1025,2026-01-01,grocery,food,mobile app,east,5,Review,Highly recommend,positive,3,no,Alice,low
C1034,2025-02-17,electronics,mobile,website,south,4,Review,Fast delivery,positive,15,yes,Alice,high
C1271,2026-04-03,home,furniture,social media,east,3,Good,okay product,neutral,12,no,Deepa,medium
C1230,2025-06-21,home,furniture,survey,east,5,No Title,Excellent product,positive,1,no,Esha,medium
C1179,2025-06-26,grocery,beverage,social media,west,2,Bad,app crash,negative,9,yes,Deepa,medium
C1141,2026-03-01,grocery,food,survey,south,3,Average,acceptable,neutral,2,no,Deepa,high
C1115,2025-11-17,electronics,mobile,survey,west,5,Bad,Great support,positive,8,yes,Esha,low
C1138,2026-03-16,grocery,beverage,website,east,2,Good,app crash,negative,12,no,Esha,high
C1156,2026-03-12,electronics,mobile,mobile app,south,4,Review,Highly recommend,positive,10,yes,Deepa,low
C1281,2025-02-19,fashion,men,mobile app,west,4,Average,Great support,positive,14,yes,Chris,low
C1276,2026-03-19,grocery,food,social media,south,4,No Title,Fast delivery,positive,7,no,Chris,medium
C1221,2025-06-02,beauty,skin,survey,south,4,No Title,Highly recommend,positive,15,no,Alice,medium
C1103,2025-07-05,fashion,men,mobile app,south,1,Review,poor quality,negative,12,yes,Alice,low
C1154,2025-02-21,grocery,food,email,west,1,No Title,app crash,negative,1,no,Chris,low
C1249,2025-09-20,grocery,beverage,social media,west,5,No Title,Excellent product,positive,7,no,Esha,high
C1215,2025-10-24,home,furniture,social media,east,3,Review,acceptable,neutral,9,no,Chris,medium
C1214,2025-06-13,grocery,beverage,social media,south,4,Review,No Feedback,positive,14,yes,Alice,low
C1164,2026-05-03,grocery,food,mobile app,north,5,Review,Fast delivery,positive,10,yes,Chris,high
C1074,2025-06-29,electronics,laptop,mobile app,west,4,No Title,Highly recommend,positive,9,yes,Deepa,medium
C1062,2025-04-19,grocery,beverage,mobile app,south,1,Review,app crash,negative,1,no,Esha,medium
C1052,2025-12-17,home,kitchen,website,west,5,Good,Fast delivery,positive,2,yes,Alice,medium
C1053,2026-04-15,grocery,beverage,website,south,2,Bad,poor quality,negative,2,no,Chris,high
C1185,2025-12-16,home,kitchen,mobile app,south,1,Review,support not helpful,negative,6,no,Bob,medium
C1002,2025-03-21,fashion,women,survey,north,1,No Title,support not helpful,negative,8,no,Esha,low
C1094,2026-03-08,electronics,laptop,website,south,1,Average,poor quality,negative,15,yes,Deepa,low
C1081,2025-11-04,beauty,skin,website,south,3,Review,acceptable,neutral,13,no,Chris,medium
C1051,2025-04-30,beauty,skin,website,south,2,Review,bad packaging,negative,10,no,Deepa,high
C1099,2025-11-13,beauty,hair,social media,south,3,Good,okay product,neutral,7,no,Deepa,high
C1288,2025-04-17,fashion,women,mobile app,west,3,Review,acceptable,neutral,11,yes,Alice,high
C1139,2026-04-27,grocery,food,email,north,1,Review,late delivery,negative,8,no,Esha,medium
C1204,2025-08-10,grocery,beverage,email,east,2,Good,support not helpful,negative,8,no,Chris,low
C1032,2025-10-06,home,furniture,mobile app,west,3,Average,acceptable,neutral,15,yes,Bob,high
C1142,2025-12-13,home,kitchen,social media,west,3,Average,average experience,neutral,2,yes,Esha,low
C1221,2025-09-22,beauty,hair,mobile app,west,1,Bad,bad packaging,negative,11,no,Esha,low
C1229,2025-12-26,fashion,men,social media,south,3,Review,okay product,neutral,2,no,Bob,low
C1061,2025-12-27,beauty,hair,survey,south,1,Review,No Feedback,negative,11,yes,Alice,high
C1027,2025-06-08,fashion,women,website,south,3,No Title,No Feedback,neutral,4,no,Chris,low
C1139,2025-09-21,grocery,food,survey,east,2,No Title,app crash,negative,3,no,Chris,high
C1222,2025-07-06,home,furniture,mobile app,east,5,Bad,No Feedback,positive,8,yes,Alice,high
C1297,2025-03-16,beauty,hair,social media,south,2,Bad,late delivery,negative,4,yes,Esha,medium
C1104,2026-02-08,home,furniture,mobile app,south,5,Average,Highly recommend,positive,1,no,Esha,high
C1246,2025-03-01,beauty,skin,email,south,3,Good,okay product,neutral,1,no,Deepa,medium
C1080,2025-08-29,home,furniture,social media,south,5,Bad,Fast delivery,positive,7,yes,Alice,high
C1189,2026-04-03,beauty,skin,website,north,3,Average,okay product,neutral,11,yes,Chris,low
C1009,2025-03-27,beauty,skin,website,south,5,Review,Excellent product,positive,14,yes,Chris,medium
C1251,2025-08-28,fashion,men,email,south,2,No Title,support not helpful,negative,3,no,Esha,high
C1293,2025-11-19,beauty,hair,mobile app,south,4,Review,Fast delivery,positive,8,yes,Deepa,medium
C1080,2025-09-12,fashion,women,website,south,2,Review,poor quality,negative,9,no,Esha,medium
C1053,2025-06-01,grocery,beverage,website,south,4,Average,Loved it,positive,15,no,Esha,high
C1216,2025-01-24,grocery,beverage,mobile app,east,5,Good,Highly recommend,positive,14,yes,Esha,high
C1205,2025-07-13,grocery,food,social media,south,3,Bad,No Feedback,neutral,2,no,Bob,high
C1071,2025-01-01,fashion,women,website,south,5,Average,No Feedback,positive,13,no,Deepa,high
C1050,2025-06-18,beauty,skin,website,south,3,No Title,No Feedback,neutral,7,yes,Bob,high
C1127,2026-04-14,fashion,women,website,east,4,Bad,Great support,positive,8,yes,Alice,high
C1105,2025-03-05,beauty,hair,email,east,4,Review,Great support,positive,15,no,Bob,medium
C1041,2026-01-03,home,kitchen,mobile app,south,4,Bad,Excellent product,positive,12,yes,Bob,high
C1278,2025-06-29,beauty,hair,website,east,5,Bad,Loved it,positive,10,no,Alice,low
C1237,2025-11-07,fashion,men,website,south,1,Bad,bad packaging,negative,10,yes,Chris,high
C1155,2025-09-07,electronics,laptop,survey,west,2,Average,poor quality,negative,9,yes,Alice,high
C1011,2025-12-21,home,kitchen,social media,east,1,Average,late delivery,negative,7,yes,Esha,high
C1107,2025-01-27,fashion,women,website,east,1,Review,app crash,negative,12,yes,Deepa,low
C1124,2026-01-01,home,furniture,mobile app,west,4,Average,Great support,positive,9,no,Bob,high
C1051,2026-04-01,beauty,hair,website,south,1,Review,No Feedback,negative,7,no,Bob,high
C1216,2025-09-28,grocery,food,social media,west,1,Bad,bad packaging,negative,6,no,Bob,high
C1186,2026-03-06,fashion,men,social media,north,4,Good,Excellent product,positive,4,no,Alice,high
C1147,2025-03-18,electronics,mobile,survey,south,5,Review,Fast delivery,positive,5,no,Bob,medium
C1199,2026-03-09,beauty,skin,website,south,5,Review,Loved it,positive,11,yes,Alice,low
C1226,2025-02-08,grocery,beverage,email,south,4,Bad,No Feedback,positive,14,yes,Alice,low
C1183,2025-05-08,grocery,beverage,social media,south,1,Review,late delivery,negative,9,yes,Deepa,high
C1274,2025-10-08,grocery,food,mobile app,west,3,Review,works fine,neutral,11,yes,Alice,medium
C1258,2026-04-02,fashion,men,survey,north,1,Review,support not helpful,negative,14,no,Chris,medium
C1054,2026-02-17,fashion,men,survey,west,3,Good,works fine,neutral,14,yes,Chris,high
C1131,2026-05-16,home,kitchen,survey,south,2,Good,No Feedback,negative,5,no,Alice,high
C1246,2026-03-23,beauty,skin,website,north,4,No Title,Loved it,positive,4,no,Alice,low
C1119,2025-04-30,grocery,beverage,website,south,2,Good,poor quality,negative,7,no,Alice,high
C1163,2025-10-19,electronics,laptop,survey,east,4,Average,Great support,positive,3,yes,Bob,medium
C1219,2026-01-31,electronics,laptop,survey,west,4,No Title,Excellent product,positive,10,yes,Esha,high
C1168,2025-03-11,grocery,food,website,north,1,Bad,bad packaging,negative,7,no,Bob,high
C1191,2025-02-01,electronics,mobile,email,south,2,Good,late delivery,negative,5,yes,Alice,high
C1223,2025-12-14,beauty,skin,mobile app,south,1,Average,app crash,negative,3,yes,Alice,low
C1198,2026-01-25,beauty,skin,website,south,2,Review,late delivery,negative,10,yes,Alice,low
C1141,2026-03-28,beauty,skin,email,north,4,Bad,Excellent product,positive,7,no,Deepa,high
C1004,2025-06-16,beauty,hair,website,south,1,Good,late delivery,negative,5,no,Chris,high
C1054,2026-02-27,home,furniture,mobile app,east,5,No Title,Great support,positive,13,yes,Deepa,high
C1077,2025-06-09,grocery,food,survey,north,2,Bad,support not helpful,negative,6,yes,Bob,high
C1292,2025-03-11,home,furniture,email,east,2,Bad,support not helpful,negative,1,no,Bob,medium
C1050,2026-02-21,beauty,hair,survey,south,1,Bad,poor quality,negative,5,no,Deepa,high
C1179,2025-10-19,fashion,men,mobile app,east,4,Good,Highly recommend,positive,11,yes,Chris,medium
C1137,2026-02-12,home,kitchen,survey,north,4,Bad,Great support,positive,1,yes,Esha,medium
C1097,2026-05-07,electronics,mobile,mobile app,south,3,Bad,acceptable,neutral,8,yes,Deepa,high
C1161,2026-03-26,fashion,men,email,south,1,Average,late delivery,negative,11,yes,Alice,low
C1093,2025-06-01,home,furniture,survey,west,3,Average,acceptable,neutral,2,yes,Alice,medium
C1048,2026-03-15,beauty,hair,survey,east,5,No Title,Highly recommend,positive,15,no,Esha,low
C1042,2025-07-15,electronics,laptop,email,south,1,Review,bad packaging,negative,6,yes,Deepa,high
C1083,2025-03-24,electronics,laptop,email,north,5,Bad,Fast delivery,positive,5,no,Alice,medium
C1191,2025-08-31,fashion,women,survey,south,2,Bad,late delivery,negative,12,no,Esha,high
C1164,2025-10-09,beauty,skin,website,south,1,Review,poor quality,negative,11,no,Bob,low
C1181,2025-09-13,electronics,mobile,website,east,3,Bad,works fine,neutral,7,yes,Chris,high
C1116,2026-03-13,home,kitchen,mobile app,north,3,Review,average experience,neutral,11,no,Alice,high
C1211,2025-02-21,fashion,men,social media,east,2,No Title,No Feedback,negative,5,yes,Deepa,low
C1021,2026-03-29,home,furniture,website,east,2,No Title,support not helpful,negative,3,yes,Alice,high
C1209,2025-11-05,electronics,laptop,mobile app,south,3,Bad,acceptable,neutral,14,no,Alice,medium
C1286,2026-03-10,beauty,skin,mobile app,north,3,Average,No Feedback,neutral,12,yes,Bob,low
C1086,2026-02-20,fashion,women,email,south,1,Review,late delivery,negative,12,no,Alice,high
C1051,2025-01-22,fashion,women,survey,south,5,Good,Loved it,positive,7,yes,Chris,medium
C1261,2025-12-25,beauty,skin,social media,south,5,Good,Excellent product,positive,4,no,Chris,high
C1080,2025-09-01,fashion,men,mobile app,north,5,Good,Great support,positive,3,no,Chris,high
C1245,2026-04-14,home,furniture,mobile app,east,2,No Title,No Feedback,negative,14,no,Alice,medium
C1217,2026-02-02,home,furniture,social media,south,4,No Title,No Feedback,positive,4,no,Bob,high
C1032,2025-09-25,electronics,mobile,social media,west,5,Review,Excellent product,positive,1,yes,Esha,medium
C1131,2025-09-23,fashion,men,website,south,1,Review,poor quality,negative,15,no,Deepa,low
C1135,2026-04-17,grocery,beverage,survey,north,2,Average,poor quality,negative,13,yes,Esha,high
C1121,2026-04-16,beauty,skin,website,north,4,No Title,Excellent product,positive,5,no,Deepa,low
C1141,2025-02-08,home,kitchen,email,south,3,Bad,nothing special,neutral,11,no,Esha,high
C1204,2025-11-28,beauty,skin,website,north,1,Average,support not helpful,negative,12,yes,Chris,low
C1248,2025-07-05,electronics,mobile,website,south,3,Good,average experience,neutral,9,yes,Bob,high
C1020,2025-12-07,beauty,hair,website,west,1,Average,poor quality,negative,14,no,Bob,high
C1070,2026-05-02,fashion,women,mobile app,south,2,Average,app crash,negative,2,no,Chris,high
C1085,2025-09-05,beauty,skin,social media,east,1,Review,support not helpful,negative,7,no,Alice,medium
C1245,2025-11-26,beauty,hair,website,south,4,Bad,Loved it,positive,5,yes,Bob,low
C1080,2026-01-09,beauty,hair,social media,south,5,Good,Great support,positive,9,yes,Esha,high
C1244,2026-05-05,home,furniture,email,west,1,No Title,support not helpful,negative,13,yes,Alice,high
C1065,2025-09-17,grocery,beverage,social media,south,4,Good,Great support,positive,13,yes,Deepa,high
C1151,2026-05-02,home,kitchen,email,south,2,No Title,bad packaging,negative,11,no,Esha,high
C1131,2025-02-11,grocery,food,mobile app,south,2,Average,app crash,negative,13,no,Chris,high
C1266,2026-01-22,beauty,skin,mobile app,south,2,Review,bad packaging,negative,7,no,Bob,low
C1262,2025-11-07,electronics,mobile,mobile app,south,5,Good,No Feedback,positive,1,yes,Deepa,high
C1190,2025-07-16,electronics,laptop,survey,west,3,Average,okay product,neutral,13,yes,Deepa,low
C1199,2025-06-17,beauty,skin,website,east,1,Average,bad packaging,negative,11,no,Deepa,medium
C1175,2025-07-01,home,kitchen,website,south,5,Average,No Feedback,positive,8,no,Chris,high
C1269,2025-01-23,fashion,women,survey,east,5,Average,Fast delivery,positive,9,no,Deepa,low
C1194,2026-05-10,beauty,skin,email,south,2,Bad,support not helpful,negative,6,no,Alice,high
C1128,2025-06-04,fashion,men,mobile app,north,5,Average,Excellent product,positive,10,no,Deepa,high
C1244,2025-04-15,fashion,men,website,north,5,Review,No Feedback,positive,11,yes,Bob,medium
C1164,2025-01-14,home,kitchen,email,west,5,Average,Great support,positive,1,yes,Alice,medium
C1236,2025-01-27,electronics,laptop,survey,south,3,No Title,average experience,neutral,15,no,Alice,low
C1167,2026-04-27,beauty,skin,website,south,2,Average,late delivery,negative,7,no,Bob,high
C1165,2026-04-11,beauty,skin,mobile app,east,2,Good,late delivery,negative,1,yes,Alice,low
C1138,2025-12-19,grocery,food,social media,south,4,Review,Highly recommend,positive,1,yes,Alice,high
C1261,2026-03-20,grocery,beverage,social media,north,5,Average,Loved it,positive,9,no,Esha,high
C1143,2025-02-25,fashion,men,mobile app,south,1,Good,poor quality,negative,14,no,Deepa,low
C1105,2025-12-04,fashion,women,email,north,4,Bad,No Feedback,positive,8,no,Deepa,high
C1198,2025-02-24,electronics,laptop,survey,south,1,Review,late delivery,negative,3,yes,Esha,low
C1158,2026-03-22,fashion,women,website,west,2,No Title,No Feedback,negative,12,no,Alice,high
C1227,2025-10-30,grocery,food,website,north,5,Review,Excellent product,positive,9,no,Deepa,low
C1181,2026-04-13,electronics,mobile,website,south,3,Good,average experience,neutral,15,no,Chris,high
C1089,2025-09-06,fashion,men,mobile app,north,4,Review,Highly recommend,positive,8,no,Bob,low
C1300,2025-06-14,electronics,mobile,website,south,2,Average,poor quality,negative,14,yes,Chris,high
C1156,2025-09-22,fashion,women,website,south,3,Average,okay product,neutral,14,no,Bob,high
C1242,2025-08-07,fashion,women,website,west,4,Review,Highly recommend,positive,4,yes,Esha,high
C1122,2025-09-26,fashion,men,social media,south,1,Bad,app crash,negative,11,no,Alice,high
C1136,2025-06-18,beauty,skin,email,west,2,Review,bad packaging,negative,14,yes,Alice,medium
C1267,2025-11-05,grocery,food,survey,north,1,Good,poor quality,negative,2,yes,Chris,high
C1139,2025-12-28,grocery,food,social media,west,2,Good,bad packaging,negative,2,yes,Chris,medium
C1237,2025-05-22,fashion,women,email,south,5,No Title,Highly recommend,positive,7,yes,Alice,low
C1045,2025-05-25,electronics,mobile,survey,south,3,Good,average experience,neutral,11,no,Esha,low
C1227,2025-06-13,beauty,skin,mobile app,south,1,No Title,app crash,negative,15,yes,Chris,low
C1095,2025-07-29,beauty,hair,social media,north,2,Good,poor quality,negative,13,no,Deepa,high
C1227,2025-03-08,electronics,mobile,website,north,3,Review,nothing special,neutral,7,no,Esha,low
C1271,2026-04-12,electronics,mobile,social media,west,1,No Title,app crash,negative,5,yes,Bob,medium
C1138,2026-02-09,beauty,hair,website,west,3,Average,nothing special,neutral,12,yes,Chris,high
C1087,2025-04-23,grocery,beverage,email,east,4,Review,Great support,positive,2,yes,Deepa,low
C1115,2026-05-15,grocery,beverage,mobile app,east,3,Bad,average experience,neutral,9,no,Esha,high
C1176,2025-10-21,beauty,hair,mobile app,south,4,Review,Highly recommend,positive,2,no,Bob,high
C1163,2025-04-18,electronics,laptop,survey,south,2,Review,late delivery,negative,10,no,Esha,high
C1036,2025-12-26,electronics,laptop,website,south,1,No Title,poor quality,negative,4,yes,Esha,low
C1241,2026-04-12,fashion,men,email,south,2,Average,poor quality,negative,14,no,Deepa,high
C1055,2025-01-01,home,kitchen,social media,south,4,Good,Loved it,positive,12,no,Deepa,medium
C1290,2025-10-23,beauty,hair,website,south,2,No Title,support not helpful,negative,2,no,Alice,high
C1114,2025-01-10,beauty,skin,social media,east,3,Good,average experience,neutral,1,yes,Deepa,high
C1114,2025-10-15,fashion,men,website,north,1,No Title,support not helpful,negative,9,no,Bob,high
C1237,2026-04-21,home,furniture,email,east,4,No Title,Highly recommend,positive,1,yes,Deepa,low
C1075,2025-03-24,fashion,women,mobile app,south,4,Review,Excellent product,positive,8,no,Alice,medium
C1024,2025-07-08,fashion,women,website,south,2,Average,poor quality,negative,1,yes,Deepa,high
C1093,2025-01-01,home,furniture,survey,east,4,Review,Excellent product,positive,5,no,Bob,high
C1061,2025-04-23,beauty,hair,email,south,1,Review,app crash,negative,2,no,Bob,high
C1051,2025-06-15,grocery,food,mobile app,west,5,Review,Highly recommend,positive,11,no,Chris,high
C1266,2025-01-04,grocery,beverage,survey,south,4,Bad,Great support,positive,2,no,Chris,high
C1225,2026-03-14,fashion,men,email,north,3,Good,acceptable,neutral,7,no,Deepa,high
C1283,2025-10-13,fashion,women,website,east,3,Average,okay product,neutral,6,no,Esha,low
C1149,2025-12-13,fashion,women,social media,south,4,No Title,Excellent product,positive,10,no,Deepa,medium
C1021,2026-01-15,electronics,mobile,website,east,5,Good,Great support,positive,8,yes,Esha,low
C1018,2025-10-14,beauty,skin,social media,south,4,No Title,Loved it,positive,11,yes,Esha,low
C1162,2026-02-03,electronics,laptop,social media,east,1,Average,bad packaging,negative,1,yes,Esha,high
C1275,2026-02-10,beauty,hair,website,south,2,Bad,support not helpful,negative,1,yes,Esha,low
C1225,2026-05-06,fashion,women,survey,south,1,Average,bad packaging,negative,11,no,Alice,low
C1217,2025-05-12,electronics,laptop,website,east,2,Average,app crash,negative,6,yes,Alice,high
C1212,2025-06-20,home,furniture,survey,south,4,No Title,Fast delivery,positive,9,yes,Chris,low
C1057,2025-11-05,electronics,laptop,survey,west,1,Good,No Feedback,negative,11,yes,Bob,high
C1141,2026-03-27,electronics,mobile,website,south,4,Bad,Great support,positive,1,yes,Esha,high
C1079,2025-04-27,grocery,food,mobile app,east,5,Good,No Feedback,positive,8,yes,Deepa,low
C1057,2025-10-24,beauty,hair,email,west,4,No Title,Loved it,positive,12,no,Deepa,high
C1138,2026-03-08,fashion,women,survey,west,4,Good,Excellent product,positive,13,no,Alice,high
C1105,2025-03-29,grocery,beverage,website,east,5,Average,Fast delivery,positive,15,yes,Esha,high
C1202,2025-07-03,beauty,hair,survey,east,4,Review,Loved it,positive,1,yes,Deepa,high
C1228,2025-02-22,beauty,hair,email,west,1,Average,app crash,negative,12,no,Deepa,high
C1083,2025-10-22,home,kitchen,mobile app,south,2,Review,bad packaging,negative,7,yes,Chris,low
C1117,2025-01-26,home,furniture,social media,west,3,Average,acceptable,neutral,10,yes,Alice,medium
C1224,2025-07-05,fashion,women,mobile app,west,1,Review,bad packaging,negative,9,yes,Deepa,high
C1268,2026-05-01,grocery,food,survey,east,1,No Title,late delivery,negative,5,no,Chris,medium
C1049,2026-04-01,fashion,women,email,west,1,Average,support not helpful,negative,8,yes,Esha,medium
C1170,2026-04-13,beauty,hair,website,north,3,Review,works fine,neutral,2,no,Deepa,high
C1167,2026-02-28,grocery,beverage,mobile app,south,1,Bad,poor quality,negative,4,yes,Esha,high
C1228,2026-01-11,beauty,skin,website,west,5,Average,Great support,positive,12,no,Esha,medium
C1245,2025-02-23,electronics,mobile,website,south,2,Review,support not helpful,negative,3,yes,Esha,low
C1079,2026-04-03,electronics,mobile,website,south,3,No Title,average experience,neutral,12,no,Deepa,high
C1172,2026-03-05,grocery,beverage,website,east,1,Review,bad packaging,negative,3,no,Alice,low
C1234,2025-12-10,grocery,beverage,website,east,3,Average,No Feedback,neutral,14,yes,Bob,medium
C1029,2025-11-28,home,kitchen,website,east,4,No Title,Loved it,positive,5,no,Bob,medium
C1222,2026-04-11,beauty,skin,mobile app,south,1,Bad,app crash,negative,6,no,Esha,medium
C1083,2025-02-16,fashion,men,website,north,2,Review,poor quality,negative,14,yes,Alice,medium
C1116,2026-05-13,home,furniture,email,west,4,Good,Excellent product,positive,7,yes,Chris,high
C1098,2025-02-22,electronics,mobile,mobile app,south,2,Average,bad packaging,negative,9,no,Deepa,low
C1292,2025-10-06,home,furniture,mobile app,south,2,Bad,late delivery,negative,10,yes,Deepa,high
C1111,2026-03-05,grocery,beverage,website,south,4,No Title,Great support,positive,13,yes,Alice,low
C1019,2025-02-16,electronics,laptop,survey,west,1,Good,support not helpful,negative,3,no,Deepa,high
C1020,2025-05-21,beauty,hair,website,west,3,Average,okay product,neutral,7,no,Deepa,high
C1083,2026-01-20,home,kitchen,survey,south,1,No Title,poor quality,negative,1,yes,Esha,high
C1053,2025-08-17,beauty,hair,website,east,2,Review,late delivery,negative,14,no,Chris,high
C1190,2025-05-03,fashion,men,social media,west,1,Average,support not helpful,negative,15,no,Chris,low
C1139,2025-06-18,electronics,mobile,survey,west,5,Review,Excellent product,positive,2,yes,Chris,low
C1188,2025-10-03,electronics,laptop,website,east,4,Good,Fast delivery,positive,15,no,Bob,low
C1294,2025-06-29,electronics,laptop,email,east,5,Review,Loved it,positive,14,no,Chris,high
C1220,2026-04-26,home,furniture,website,south,1,No Title,late delivery,negative,3,no,Deepa,low
C1201,2026-04-22,grocery,food,mobile app,east,1,Review,poor quality,negative,6,yes,Deepa,low
C1027,2025-03-11,home,kitchen,website,north,5,No Title,Loved it,positive,15,yes,Bob,high
C1131,2025-04-19,home,furniture,mobile app,south,2,Review,support not helpful,negative,1,yes,Chris,high
C1174,2026-04-29,grocery,food,mobile app,south,2,Average,app crash,negative,9,no,Deepa,high
C1129,2026-01-26,home,kitchen,website,west,2,Good,bad packaging,negative,1,no,Deepa,low
C1077,2025-02-06,home,furniture,email,west,2,Good,bad packaging,negative,6,yes,Chris,medium
C1184,2025-06-02,home,kitchen,email,east,2,Good,poor quality,negative,5,yes,Esha,medium
C1273,2025-03-25,home,furniture,mobile app,north,3,No Title,acceptable,neutral,12,yes,Esha,high
C1185,2025-07-05,grocery,food,social media,north,3,Bad,works fine,neutral,2,no,Chris,medium
C1264,2025-06-18,grocery,beverage,mobile app,north,5,Review,Loved it,positive,10,yes,Deepa,high
C1276,2026-03-28,beauty,hair,survey,north,3,Good,nothing special,neutral,3,no,Bob,high
C1281,2025-05-18,fashion,women,social media,north,2,No Title,late delivery,negative,14,yes,Deepa,high
C1027,2025-04-24,home,furniture,mobile app,south,2,Review,bad packaging,negative,15,yes,Chris,low
C1032,2025-02-15,electronics,mobile,website,south,1,Good,poor quality,negative,6,no,Deepa,medium
C1265,2025-05-06,fashion,women,website,south,1,Review,No Feedback,negative,3,yes,Esha,high
C1199,2025-10-06,grocery,food,social media,west,5,Average,Great support,positive,10,yes,Deepa,high
C1277,2025-03-13,home,furniture,mobile app,south,4,Average,Fast delivery,positive,12,no,Alice,high
C1280,2026-02-02,fashion,women,social media,east,1,Bad,late delivery,negative,5,no,Chris,low
C1255,2025-06-05,electronics,mobile,website,south,5,No Title,No Feedback,positive,13,no,Esha,high
C1110,2026-03-29,fashion,men,email,east,1,No Title,poor quality,negative,1,yes,Chris,low
C1000,2025-02-19,home,kitchen,mobile app,south,2,Review,poor quality,negative,8,no,Bob,medium
C1273,2025-07-17,grocery,food,social media,west,3,Average,acceptable,neutral,10,no,Deepa,high
C1216,2025-01-29,home,furniture,social media,south,2,Bad,late delivery,negative,12,no,Esha,medium
C1213,2025-12-01,home,kitchen,mobile app,south,4,Bad,Fast delivery,positive,6,yes,Bob,medium
C1165,2025-09-01,electronics,laptop,survey,east,3,No Title,okay product,neutral,1,no,Deepa,low
C1017,2025-04-10,fashion,men,social media,north,2,Bad,support not helpful,negative,5,no,Alice,low
C1084,2025-04-29,electronics,mobile,website,west,3,Good,okay product,neutral,11,yes,Alice,high
C1116,2025-01-18,home,furniture,website,west,2,Average,support not helpful,negative,3,yes,Esha,high
C1169,2025-08-23,electronics,mobile,website,south,5,Average,Fast delivery,positive,15,no,Chris,low
C1145,2025-02-13,beauty,hair,email,west,1,Average,poor quality,negative,8,yes,Alice,medium
C1220,2025-03-01,electronics,mobile,social media,south,1,Good,bad packaging,negative,11,yes,Chris,low
C1035,2026-04-09,grocery,food,survey,west,4,Average,Loved it,positive,1,no,Deepa,medium
C1127,2026-02-13,fashion,women,mobile app,west,3,Average,works fine,neutral,7,no,Deepa,high
C1152,2026-05-03,beauty,skin,website,north,4,No Title,Great support,positive,14,yes,Chris,high
C1293,2026-02-28,fashion,women,email,north,5,Review,No Feedback,positive,8,no,Esha,medium
C1138,2026-04-11,electronics,laptop,mobile app,north,5,Average,Great support,positive,11,no,Chris,medium
C1192,2025-12-13,grocery,beverage,website,south,3,Review,nothing special,neutral,1,no,Chris,high
C1207,2026-03-03,home,furniture,mobile app,north,3,Bad,No Feedback,neutral,14,yes,Chris,medium
C1227,2025-06-08,grocery,beverage,mobile app,north,4,Bad,Great support,positive,1,no,Deepa,high
C1250,2025-09-22,fashion,men,website,south,1,Average,late delivery,negative,10,yes,Bob,low
C1102,2025-06-17,beauty,skin,survey,east,5,No Title,Fast delivery,positive,10,no,Esha,low
C1075,2025-04-15,grocery,food,website,south,2,Review,bad packaging,negative,2,yes,Bob,high
C1178,2025-08-26,beauty,skin,mobile app,north,2,Bad,support not helpful,negative,9,no,Chris,high
C1158,2025-11-03,electronics,mobile,survey,south,5,Review,Great support,positive,6,yes,Chris,high
C1081,2025-08-24,fashion,men,email,east,1,Average,poor quality,negative,2,yes,Deepa,medium
C1198,2026-02-04,beauty,skin,website,west,1,Good,bad packaging,negative,10,no,Deepa,high
C1299,2026-01-08,electronics,mobile,website,south,1,Review,late delivery,negative,11,no,Deepa,low
C1282,2025-02-27,beauty,skin,website,east,4,Review,Loved it,positive,12,yes,Chris,medium
C1270,2025-12-09,electronics,laptop,email,north,4,Average,Loved it,positive,2,yes,Deepa,high
C1135,2026-01-09,beauty,hair,social media,south,1,Review,poor quality,negative,12,no,Esha,medium
C1079,2025-11-30,grocery,beverage,mobile app,south,2,No Title,bad packaging,negative,3,no,Deepa,medium
C1155,2025-06-24,beauty,hair,mobile app,west,4,Bad,Fast delivery,positive,1,no,Esha,high
C1267,2025-11-15,electronics,mobile,social media,east,1,Good,bad packaging,negative,1,yes,Chris,high
C1019,2026-03-03,electronics,mobile,mobile app,east,3,Bad,acceptable,neutral,10,no,Bob,high
C1252,2025-07-06,beauty,hair,mobile app,north,2,Bad,app crash,negative,11,yes,Chris,high
C1052,2025-05-05,electronics,laptop,mobile app,north,3,Review,average experience,neutral,4,no,Deepa,high
C1027,2025-10-09,electronics,mobile,website,south,3,No Title,acceptable,neutral,14,no,Bob,high
C1183,2025-04-24,grocery,beverage,email,west,1,Review,app crash,negative,3,yes,Alice,high
C1197,2025-05-13,fashion,women,mobile app,north,3,Review,average experience,neutral,13,yes,Alice,high
C1197,2025-09-20,home,kitchen,email,north,5,Bad,Excellent product,positive,2,no,Alice,high
C1186,2025-09-04,electronics,mobile,email,south,5,Good,Fast delivery,positive,8,yes,Deepa,low
C1000,2025-09-09,fashion,men,website,north,3,Average,nothing special,neutral,12,no,Chris,high
C1007,2025-12-28,beauty,hair,survey,north,4,No Title,Excellent product,positive,8,yes,Chris,medium
C1157,2025-02-25,beauty,skin,mobile app,east,5,Bad,Excellent product,positive,5,yes,Bob,medium
C1285,2026-03-15,grocery,beverage,social media,east,4,Bad,Great support,positive,10,no,Deepa,medium
C1253,2026-03-08,home,furniture,website,south,2,No Title,bad packaging,negative,11,yes,Chris,low
C1252,2025-06-18,fashion,men,mobile app,west,4,Average,Highly recommend,positive,10,yes,Esha,high
C1211,2025-03-14,electronics,laptop,mobile app,south,1,Bad,bad packaging,negative,1,yes,Deepa,high
C1145,2025-04-13,fashion,women,website,south,5,Bad,Great support,positive,9,no,Bob,low
C1197,2025-11-02,beauty,hair,website,west,2,Bad,late delivery,negative,5,yes,Deepa,high
C1094,2025-11-24,grocery,food,mobile app,west,4,Average,Great support,positive,13,yes,Esha,medium
C1244,2026-04-25,electronics,mobile,mobile app,north,5,Review,Highly recommend,positive,2,yes,Deepa,low
C1294,2025-12-29,fashion,women,survey,east,5,No Title,Great support,positive,14,yes,Bob,high
C1236,2026-05-09,home,furniture,website,north,5,Average,Fast delivery,positive,10,no,Alice,medium
C1063,2026-02-28,electronics,mobile,website,east,5,Good,Excellent product,positive,15,no,Bob,medium
C1264,2025-10-08,electronics,mobile,website,south,1,Bad,late delivery,negative,13,no,Chris,high
C1223,2025-01-16,grocery,food,survey,north,1,Bad,No Feedback,negative,2,no,Esha,high
C1245,2025-08-04,home,furniture,social media,west,1,Average,poor quality,negative,5,no,Chris,high
C1099,2025-10-25,electronics,mobile,website,north,1,Good,poor quality,negative,2,no,Bob,medium
C1198,2025-03-22,beauty,hair,survey,north,5,Good,Highly recommend,positive,12,no,Deepa,low
C1107,2025-03-10,grocery,food,social media,east,2,Bad,bad packaging,negative,7,no,Chris,high
C1075,2026-01-22,fashion,men,email,south,2,Good,poor quality,negative,3,no,Deepa,low
C1268,2025-04-06,grocery,food,website,south,2,Average,app crash,negative,10,yes,Alice,high
C1106,2025-07-08,fashion,women,website,north,2,Good,late delivery,negative,2,yes,Esha,high
C1289,2025-12-07,home,kitchen,website,west,5,Bad,Loved it,positive,12,yes,Chris,high
C1293,2026-01-20,home,kitchen,survey,west,5,Good,Fast delivery,positive,14,yes,Alice,medium
C1264,2026-03-06,fashion,men,website,west,3,Good,works fine,neutral,6,yes,Bob,low
C1018,2026-02-03,home,kitchen,mobile app,east,4,Average,Fast delivery,positive,13,yes,Chris,high
C1273,2025-12-05,fashion,men,email,east,1,No Title,late delivery,negative,5,yes,Alice,high
C1039,2025-11-04,electronics,mobile,mobile app,north,5,Good,Highly recommend,positive,13,no,Esha,high
C1293,2026-04-28,beauty,hair,survey,north,4,Review,Fast delivery,positive,15,yes,Esha,low
C1046,2026-03-17,beauty,skin,email,west,4,Good,Excellent product,positive,5,yes,Alice,low
C1097,2025-08-22,beauty,skin,website,south,1,No Title,app crash,negative,6,yes,Alice,high
C1223,2025-12-22,beauty,skin,survey,east,1,Good,bad packaging,negative,15,no,Esha,high
C1245,2025-11-27,fashion,men,email,west,2,No Title,app crash,negative,7,no,Deepa,high
C1089,2025-09-02,beauty,hair,website,north,3,Average,okay product,neutral,12,no,Alice,medium
C1063,2026-04-30,beauty,skin,social media,north,3,Bad,works fine,neutral,12,yes,Bob,medium
C1108,2025-01-23,electronics,mobile,website,north,1,Review,late delivery,negative,2,yes,Chris,low
C1033,2025-05-08,fashion,men,website,south,2,Review,late delivery,negative,2,no,Bob,high
C1205,2025-02-03,home,furniture,survey,north,2,Bad,bad packaging,negative,12,no,Bob,medium
C1001,2026-01-03,fashion,women,website,north,1,Review,support not helpful,negative,12,no,Chris,low
C1086,2025-06-05,beauty,hair,survey,south,4,Bad,No Feedback,positive,4,yes,Deepa,high
C1097,2025-12-14,electronics,mobile,website,east,5,Review,Loved it,positive,14,no,Deepa,high
C1058,2026-02-01,home,kitchen,email,south,4,Bad,Great support,positive,9,yes,Bob,medium
C1030,2025-10-15,beauty,skin,social media,south,5,Average,Great support,positive,12,yes,Bob,medium
C1172,2025-05-04,grocery,food,survey,west,1,Bad,app crash,negative,14,yes,Esha,medium
C1176,2026-04-10,grocery,beverage,website,north,4,Bad,Excellent product,positive,6,yes,Esha,high
C1009,2025-05-01,home,furniture,mobile app,south,1,Average,bad packaging,negative,14,no,Chris,low
C1020,2025-02-16,beauty,skin,mobile app,north,2,Good,poor quality,negative,2,no,Deepa,medium
C1272,2025-05-16,grocery,beverage,social media,south,1,Average,No Feedback,negative,7,yes,Alice,medium
C1281,2025-05-17,beauty,skin,social media,south,5,Bad,Great support,positive,13,no,Alice,low
C1145,2025-05-02,fashion,men,website,east,5,Average,Highly recommend,positive,13,yes,Deepa,low
C1092,2025-11-24,electronics,mobile,email,south,5,Average,Highly recommend,positive,1,no,Alice,low
C1124,2025-03-16,electronics,laptop,mobile app,west,1,Review,support not helpful,negative,8,yes,Deepa,medium
C1109,2025-06-02,grocery,beverage,social media,west,1,Review,support not helpful,negative,15,yes,Deepa,high
C1178,2025-11-01,grocery,beverage,social media,south,2,Average,bad packaging,negative,5,no,Bob,medium
C1075,2025-05-13,home,kitchen,website,north,3,Good,works fine,neutral,13,no,Chris,high
C1229,2025-04-06,fashion,women,mobile app,south,2,Average,late delivery,negative,7,no,Chris,high
C1131,2026-02-01,beauty,skin,mobile app,south,2,Good,late delivery,negative,3,yes,Chris,high
C1218,2025-10-06,grocery,beverage,website,west,1,Bad,late delivery,negative,7,yes,Bob,high
C1109,2025-04-23,home,kitchen,survey,east,1,Review,late delivery,negative,9,no,Deepa,high
C1124,2025-12-29,fashion,men,social media,east,1,Bad,late delivery,negative,4,no,Alice,high
C1246,2025-10-26,beauty,skin,survey,south,5,Average,Highly recommend,positive,15,no,Alice,medium
C1051,2025-04-30,grocery,food,mobile app,south,5,Review,Highly recommend,positive,3,yes,Chris,medium
C1278,2025-05-25,fashion,men,website,south,3,Bad,nothing special,neutral,9,no,Alice,medium
C1214,2025-01-26,electronics,laptop,website,east,1,Bad,late delivery,negative,4,yes,Esha,high
C1198,2025-05-10,electronics,mobile,website,south,4,Good,Great support,positive,4,no,Deepa,medium
C1183,2025-02-16,fashion,women,website,east,2,Review,support not helpful,negative,5,yes,Bob,high
C1254,2025-06-23,home,furniture,survey,south,4,Good,Highly recommend,positive,2,yes,Alice,low
C1131,2025-06-04,fashion,women,website,south,1,Good,app crash,negative,10,no,Chris,medium
C1162,2025-10-29,electronics,mobile,survey,east,4,Good,Fast delivery,positive,10,no,Chris,high
C1029,2025-06-29,beauty,skin,survey,west,2,Bad,bad packaging,negative,13,yes,Bob,high
C1046,2025-05-28,home,furniture,social media,south,2,Bad,app crash,negative,10,no,Chris,low
C1114,2025-10-26,beauty,hair,website,west,4,Bad,Excellent product,positive,12,no,Alice,high
C1063,2025-12-18,fashion,men,mobile app,south,5,Review,Excellent product,positive,1,no,Alice,high
C1200,2025-08-07,grocery,beverage,survey,west,2,Average,poor quality,negative,5,no,Bob,high
C1040,2025-12-26,electronics,laptop,website,north,5,Review,Excellent product,positive,2,no,Chris,high
C1212,2025-08-03,home,kitchen,survey,west,2,Good,poor quality,negative,12,no,Bob,low
C1071,2025-05-02,fashion,women,mobile app,south,3,Good,nothing special,neutral,10,yes,Bob,high
C1213,2025-01-02,home,furniture,email,west,1,Average,late delivery,negative,4,yes,Alice,low
C1093,2026-04-07,electronics,laptop,mobile app,east,1,No Title,poor quality,negative,6,no,Alice,medium
C1289,2025-02-05,grocery,food,social media,south,5,Review,Loved it,positive,6,no,Bob,high
C1180,2025-01-12,home,kitchen,mobile app,north,2,No Title,support not helpful,negative,2,no,Alice,low
C1238,2025-11-10,electronics,mobile,website,north,5,Average,Loved it,positive,10,no,Alice,high
C1202,2025-08-29,beauty,hair,website,south,5,Average,Loved it,positive,11,yes,Chris,low
C1149,2025-05-19,fashion,men,mobile app,north,5,Review,Great support,positive,15,yes,Chris,low
C1204,2025-08-30,fashion,women,email,east,5,Good,Loved it,positive,8,no,Chris,high
C1127,2025-03-17,home,kitchen,mobile app,east,1,Review,poor quality,negative,8,yes,Alice,high
C1120,2025-09-07,fashion,men,email,east,3,Bad,No Feedback,neutral,8,yes,Bob,high
C1250,2025-04-30,beauty,hair,website,west,5,Average,Loved it,positive,6,no,Alice,medium
C1282,2025-09-17,electronics,laptop,website,south,2,Bad,late delivery,negative,3,yes,Deepa,medium
C1145,2025-01-02,grocery,food,website,north,1,Review,poor quality,negative,12,yes,Bob,low
C1297,2026-03-22,beauty,skin,mobile app,south,1,Good,support not helpful,negative,7,yes,Bob,low
C1082,2025-12-04,beauty,hair,website,east,5,Good,Highly recommend,positive,13,no,Chris,low
C1029,2025-10-15,fashion,women,website,north,2,Good,bad packaging,negative,1,yes,Alice,low
C1088,2026-01-11,electronics,mobile,social media,south,4,Average,Excellent product,positive,2,yes,Bob,medium
C1117,2025-08-29,grocery,beverage,website,north,2,Bad,support not helpful,negative,1,yes,Bob,high
C1010,2025-02-07,beauty,skin,social media,west,1,Average,app crash,negative,2,yes,Alice,high
C1115,2025-10-12,grocery,food,social media,east,2,Good,bad packaging,negative,7,yes,Bob,low
C1227,2025-09-14,grocery,food,website,east,1,No Title,bad packaging,negative,5,yes,Bob,high
C1121,2025-09-29,grocery,food,website,north,2,No Title,app crash,negative,1,no,Alice,high
C1263,2026-01-11,electronics,laptop,survey,south,1,Bad,late delivery,negative,8,no,Chris,low
C1172,2025-10-23,grocery,beverage,survey,south,3,Good,nothing special,neutral,10,yes,Deepa,low
C1209,2025-03-13,beauty,skin,website,south,1,Review,poor quality,negative,7,yes,Bob,low
C1092,2025-06-19,fashion,men,social media,north,3,Average,works fine,neutral,8,no,Esha,high
C1169,2025-12-01,fashion,women,email,east,4,No Title,Great support,positive,2,no,Bob,high
C1186,2026-02-16,home,kitchen,survey,east,4,Bad,No Feedback,positive,15,yes,Deepa,medium
C1280,2025-05-30,home,kitchen,website,south,1,Average,support not helpful,negative,1,yes,Esha,high
C1274,2025-12-11,home,kitchen,social media,north,5,No Title,Fast delivery,positive,1,yes,Bob,high
C1119,2025-04-24,electronics,mobile,mobile app,north,4,Good,Excellent product,positive,12,yes,Alice,low
C1151,2025-11-28,electronics,mobile,survey,south,2,Bad,support not helpful,negative,3,yes,Bob,high
C1209,2025-06-10,fashion,women,social media,west,2,Good,late delivery,negative,11,yes,Esha,medium
C1205,2025-03-21,home,furniture,social media,south,5,Bad,Fast delivery,positive,4,no,Chris,medium
C1213,2025-08-29,grocery,beverage,website,south,2,Average,bad packaging,negative,3,yes,Alice,high
C1224,2025-10-04,home,furniture,website,west,5,Bad,Loved it,positive,7,no,Chris,high
C1019,2025-05-25,grocery,food,social media,east,4,Bad,Excellent product,positive,14,yes,Esha,high
C1034,2025-05-25,grocery,food,website,west,4,Bad,Loved it,positive,14,no,Chris,high
C1218,2026-03-06,grocery,food,website,north,3,No Title,works fine,neutral,14,yes,Deepa,medium
C1123,2025-10-02,beauty,skin,website,west,1,Average,support not helpful,negative,10,yes,Deepa,high
C1078,2025-06-19,home,kitchen,mobile app,south,5,Average,Excellent product,positive,6,no,Chris,high
C1023,2026-03-26,fashion,women,survey,east,3,Review,okay product,neutral,6,yes,Esha,high
C1015,2025-08-01,fashion,men,email,east,5,Bad,Highly recommend,positive,2,yes,Chris,high
C1063,2025-03-23,grocery,beverage,social media,west,5,Good,Excellent product,positive,11,no,Chris,high
C1000,2025-06-17,home,kitchen,website,south,3,Average,acceptable,neutral,1,no,Chris,high
C1010,2026-04-22,fashion,women,social media,south,4,Bad,Loved it,positive,14,yes,Deepa,high
C1100,2025-03-24,grocery,food,website,north,4,Good,Excellent product,positive,5,no,Alice,high
C1138,2025-05-26,grocery,food,website,west,2,No Title,bad packaging,negative,7,no,Bob,high
C1133,2025-08-27,home,furniture,email,west,3,Bad,acceptable,neutral,10,no,Chris,low
C1240,2025-10-04,electronics,mobile,social media,west,2,Average,app crash,negative,11,no,Chris,high
C1238,2025-07-25,beauty,skin,mobile app,south,5,No Title,Fast delivery,positive,3,no,Alice,high
C1122,2025-03-06,beauty,skin,survey,north,5,Average,No Feedback,positive,5,yes,Alice,high
C1010,2026-01-23,electronics,mobile,email,north,4,Average,Excellent product,positive,12,yes,Bob,low
C1290,2026-04-29,fashion,women,survey,west,4,Review,Fast delivery,positive,14,no,Bob,medium
C1207,2025-02-08,home,kitchen,survey,south,4,Review,Great support,positive,15,yes,Alice,low
C1049,2025-04-07,beauty,skin,survey,north,5,Good,Highly recommend,positive,9,yes,Deepa,medium
C1041,2025-06-07,grocery,beverage,survey,east,2,Bad,poor quality,negative,14,yes,Deepa,high
C1202,2026-01-07,electronics,laptop,mobile app,east,2,Bad,support not helpful,negative,3,yes,Bob,low
C1075,2025-07-26,electronics,laptop,mobile app,north,2,Bad,poor quality,negative,14,no,Deepa,medium
C1032,2026-04-30,home,kitchen,website,north,4,No Title,Highly recommend,positive,3,no,Deepa,low
C1178,2026-03-21,fashion,men,website,north,2,Review,poor quality,negative,2,yes,Esha,high
C1187,2025-06-07,electronics,laptop,email,west,2,No Title,poor quality,negative,11,no,Bob,high
C1215,2025-05-07,home,furniture,survey,north,2,Average,app crash,negative,2,no,Chris,low
C1094,2025-10-07,home,furniture,website,north,3,No Title,acceptable,neutral,4,no,Chris,high
C1044,2025-06-21,electronics,mobile,website,west,1,Bad,late delivery,negative,12,no,Alice,high
C1154,2025-11-22,beauty,hair,website,west,3,Good,okay product,neutral,12,no,Esha,high
C1241,2026-01-23,fashion,women,website,west,2,Bad,poor quality,negative,7,no,Deepa,high
C1259,2025-12-16,fashion,men,survey,east,3,Review,nothing special,neutral,9,no,Chris,medium
C1179,2025-11-09,grocery,beverage,mobile app,west,5,Average,Great support,positive,13,no,Chris,medium
C1121,2025-08-05,fashion,women,social media,south,5,Bad,Excellent product,positive,14,yes,Deepa,medium
C1044,2025-05-07,electronics,mobile,survey,west,3,Bad,nothing special,neutral,12,no,Esha,low
C1284,2025-07-13,beauty,skin,email,west,4,No Title,Loved it,positive,15,yes,Bob,medium
C1225,2026-01-23,electronics,laptop,survey,south,2,Average,support not helpful,negative,7,yes,Chris,high
C1159,2025-10-21,fashion,women,email,south,3,No Title,nothing special,neutral,2,yes,Alice,high
C1107,2026-03-19,beauty,skin,mobile app,west,3,Review,nothing special,neutral,10,no,Bob,high
C1282,2026-05-03,beauty,skin,email,west,1,Review,late delivery,negative,9,yes,Chris,medium
C1076,2025-05-03,electronics,laptop,website,south,2,Bad,late delivery,negative,13,no,Bob,high
C1041,2025-08-20,fashion,women,website,north,2,Bad,late delivery,negative,6,yes,Esha,medium
C1056,2025-01-05,fashion,women,email,south,3,Bad,nothing special,neutral,2,no,Chris,high
C1273,2025-01-28,home,furniture,survey,south,3,Good,works fine,neutral,6,no,Chris,low
C1019,2025-10-17,grocery,food,social media,south,5,Bad,Fast delivery,positive,2,yes,Deepa,medium
C1017,2025-09-24,fashion,men,website,south,1,Good,support not helpful,negative,12,yes,Bob,low
C1193,2026-01-05,home,kitchen,website,south,5,Review,Great support,positive,4,no,Chris,medium
C1005,2025-01-30,electronics,laptop,social media,east,1,Review,late delivery,negative,10,yes,Esha,low
C1268,2026-02-28,grocery,beverage,website,west,3,Bad,works fine,neutral,7,no,Alice,high
C1104,2025-12-19,home,kitchen,survey,east,3,Review,acceptable,neutral,15,yes,Esha,high
C1114,2025-07-23,electronics,mobile,social media,south,5,Average,Loved it,positive,14,yes,Bob,low
C1176,2025-06-13,beauty,hair,website,north,2,No Title,late delivery,negative,1,yes,Chris,high
C1126,2026-01-28,electronics,mobile,website,north,3,Review,okay product,neutral,7,no,Chris,medium
C1176,2025-12-06,home,furniture,email,north,1,Good,poor quality,negative,15,yes,Alice,high
C1032,2025-04-24,beauty,hair,website,west,3,Average,nothing special,neutral,2,yes,Alice,high
C1263,2025-02-20,beauty,hair,email,south,4,No Title,Great support,positive,5,no,Chris,low
C1061,2025-06-11,fashion,women,website,west,1,No Title,bad packaging,negative,1,no,Bob,high
C1001,2025-10-25,electronics,laptop,mobile app,west,4,Average,Great support,positive,7,no,Esha,low
C1185,2026-04-30,grocery,beverage,email,south,1,Review,app crash,negative,8,yes,Bob,medium
C1002,2025-01-24,grocery,beverage,mobile app,south,3,Review,okay product,neutral,9,no,Bob,high
C1022,2026-04-21,electronics,laptop,website,east,5,Good,Highly recommend,positive,3,yes,Deepa,medium
C1294,2025-09-29,beauty,hair,social media,west,1,Bad,bad packaging,negative,5,yes,Chris,low
C1110,2026-04-27,electronics,mobile,survey,north,3,Review,nothing special,neutral,12,yes,Deepa,high
C1187,2025-08-17,electronics,laptop,survey,north,5,Average,Loved it,positive,8,no,Chris,high
C1120,2025-02-19,grocery,beverage,mobile app,south,2,Good,poor quality,negative,6,no,Deepa,low
C1112,2026-05-11,beauty,hair,website,south,1,Average,bad packaging,negative,7,yes,Bob,low
C1026,2025-12-10,electronics,mobile,mobile app,east,2,Bad,support not helpful,negative,2,no,Deepa,high
C1072,2025-03-15,grocery,beverage,website,east,4,Average,Fast delivery,positive,12,yes,Deepa,low
C1049,2025-12-30,beauty,hair,mobile app,west,2,Good,late delivery,negative,13,yes,Chris,medium
C1012,2025-11-09,grocery,food,website,south,1,Review,bad packaging,negative,12,yes,Deepa,high
C1219,2025-04-07,home,furniture,mobile app,south,2,Review,late delivery,negative,15,yes,Esha,low
C1071,2025-03-17,beauty,hair,website,south,1,Average,bad packaging,negative,15,no,Alice,high
C1099,2026-01-30,fashion,women,social media,north,4,Bad,Great support,positive,15,no,Chris,high
C1115,2025-06-23,grocery,food,website,south,1,No Title,support not helpful,negative,12,yes,Chris,high
C1067,2025-08-20,electronics,laptop,mobile app,south,4,Bad,Fast delivery,positive,15,no,Bob,high
C1270,2025-04-16,electronics,mobile,social media,north,4,Good,Highly recommend,positive,3,no,Chris,low
C1138,2026-03-05,home,kitchen,social media,south,2,No Title,poor quality,negative,3,no,Esha,low
C1183,2026-05-13,fashion,women,mobile app,east,3,No Title,okay product,neutral,2,yes,Chris,high
C1292,2025-05-21,electronics,mobile,survey,south,2,Bad,poor quality,negative,10,yes,Deepa,high
C1047,2026-03-15,home,kitchen,email,south,2,Average,bad packaging,negative,4,yes,Chris,high
C1111,2025-06-09,fashion,women,website,west,2,Bad,late delivery,negative,13,yes,Deepa,high
C1205,2026-04-13,electronics,mobile,mobile app,west,2,Average,support not helpful,negative,10,yes,Alice,low
C1085,2025-08-22,electronics,mobile,survey,south,5,Average,Loved it,positive,2,yes,Chris,high
C1097,2025-12-16,grocery,beverage,website,north,3,Review,nothing special,neutral,6,no,Bob,high
C1026,2025-11-20,beauty,hair,website,south,3,Review,acceptable,neutral,9,no,Alice,high
C1069,2025-05-09,grocery,food,social media,south,5,Bad,Excellent product,positive,11,yes,Esha,high
C1254,2025-02-22,grocery,food,website,east,5,Good,Loved it,positive,2,yes,Bob,high
C1206,2025-06-04,beauty,hair,survey,east,4,Good,No Feedback,positive,11,no,Bob,low
C1293,2025-03-16,grocery,food,social media,south,2,Bad,poor quality,negative,5,yes,Deepa,medium
C1195,2025-03-07,electronics,laptop,website,west,5,No Title,Loved it,positive,5,no,Chris,high
C1254,2026-01-22,fashion,women,social media,south,1,Bad,poor quality,negative,10,no,Deepa,low
C1021,2026-04-19,fashion,women,email,south,2,Bad,late delivery,negative,14,yes,Alice,high
C1023,2025-09-19,electronics,mobile,website,north,2,Review,late delivery,negative,9,no,Esha,low
C1157,2026-04-19,beauty,skin,website,south,5,Bad,Fast delivery,positive,6,yes,Alice,medium
C1130,2026-05-10,home,kitchen,website,south,2,Average,app crash,negative,1,no,Bob,high
C1048,2025-09-09,fashion,men,email,east,1,Bad,bad packaging,negative,9,no,Deepa,high
C1124,2026-02-18,fashion,men,survey,south,5,Review,Highly recommend,positive,6,yes,Bob,high
C1256,2025-04-13,beauty,hair,social media,west,2,Good,bad packaging,negative,10,no,Deepa,medium
C1128,2025-11-02,home,kitchen,social media,north,1,No Title,poor quality,negative,3,yes,Deepa,high
C1212,2025-04-21,grocery,food,website,south,4,Bad,Excellent product,positive,4,no,Bob,high
C1114,2025-06-19,home,furniture,social media,south,4,Average,Excellent product,positive,9,no,Chris,low
C1010,2025-09-05,home,furniture,social media,south,2,Average,poor quality,negative,1,yes,Deepa,low
C1190,2025-05-02,beauty,skin,email,west,2,Bad,poor quality,negative,13,no,Bob,medium
C1104,2025-03-24,home,kitchen,survey,south,3,Bad,average experience,neutral,14,no,Alice,low
C1241,2025-12-08,grocery,beverage,survey,south,5,No Title,Excellent product,positive,11,no,Deepa,high
C1190,2025-12-26,grocery,food,social media,south,3,Bad,okay product,neutral,2,no,Bob,high
C1265,2025-12-23,fashion,men,website,south,4,Bad,Fast delivery,positive,8,yes,Alice,medium
C1238,2025-07-27,fashion,men,email,west,4,Review,Fast delivery,positive,7,yes,Alice,high
C1131,2026-03-29,home,furniture,mobile app,north,2,Average,support not helpful,negative,14,yes,Alice,medium
C1052,2026-02-16,electronics,laptop,mobile app,south,1,Bad,support not helpful,negative,13,no,Deepa,low
C1012,2025-10-28,electronics,mobile,social media,east,1,Average,support not helpful,negative,15,no,Chris,medium
C1159,2026-05-09,beauty,hair,mobile app,north,1,Bad,late delivery,negative,11,yes,Deepa,medium
C1098,2025-04-06,grocery,food,website,south,4,Good,Fast delivery,positive,6,yes,Deepa,low
C1172,2025-07-03,fashion,women,social media,south,2,Good,poor quality,negative,10,yes,Bob,high
C1187,2025-10-10,fashion,women,email,east,5,No Title,No Feedback,positive,5,no,Bob,high
C1223,2025-11-24,home,furniture,survey,south,4,Average,Great support,positive,5,yes,Esha,high
C1254,2025-01-31,fashion,women,website,west,3,Average,acceptable,neutral,15,yes,Bob,medium
C1106,2026-03-26,beauty,hair,website,south,2,Good,support not helpful,negative,8,no,Alice,high
C1278,2025-03-07,grocery,beverage,website,north,4,No Title,Excellent product,positive,13,no,Bob,high
C1013,2026-03-31,fashion,women,social media,south,3,Bad,works fine,neutral,1,yes,Chris,low
C1075,2025-08-02,fashion,women,website,east,1,Bad,bad packaging,negative,6,yes,Deepa,high
C1032,2026-05-11,electronics,laptop,survey,south,1,Average,No Feedback,negative,8,yes,Esha,low
C1147,2025-01-05,beauty,skin,email,west,3,No Title,average experience,neutral,14,no,Deepa,low
C1068,2025-06-26,home,furniture,survey,north,1,Bad,late delivery,negative,14,yes,Alice,low
C1101,2025-06-12,grocery,beverage,website,south,2,Good,poor quality,negative,15,no,Esha,high
C1041,2025-07-06,fashion,men,website,north,2,Bad,No Feedback,negative,1,no,Chris,high
C1105,2025-07-21,home,furniture,website,south,2,Average,bad packaging,negative,9,yes,Deepa,low
C1230,2025-08-04,electronics,mobile,social media,south,1,Average,late delivery,negative,1,yes,Chris,low
C1169,2026-03-14,beauty,skin,social media,west,3,Bad,nothing special,neutral,10,no,Chris,high
C1121,2025-02-20,beauty,hair,website,east,4,Good,Excellent product,positive,12,yes,Esha,low
C1251,2026-02-01,beauty,skin,social media,west,5,Average,Excellent product,positive,9,no,Chris,high
C1100,2026-03-14,beauty,skin,website,west,2,Bad,poor quality,negative,7,no,Alice,high
C1093,2025-12-27,fashion,women,website,south,5,No Title,Great support,positive,5,no,Esha,low
C1192,2025-09-07,electronics,mobile,website,south,1,Average,app crash,negative,3,no,Esha,low
C1183,2025-09-01,grocery,food,social media,south,4,Good,Loved it,positive,8,yes,Esha,low
C1104,2025-02-15,home,furniture,survey,south,1,Review,bad packaging,negative,6,no,Esha,high
C1207,2026-02-13,home,kitchen,email,south,3,Bad,works fine,neutral,1,yes,Deepa,high
C1122,2025-09-15,electronics,laptop,survey,north,4,Review,Excellent product,positive,11,yes,Esha,high
C1176,2026-03-23,electronics,laptop,email,north,3,Average,works fine,neutral,14,no,Chris,medium
C1253,2025-08-19,home,kitchen,email,east,1,Average,bad packaging,negative,13,no,Deepa,medium
C1130,2026-01-08,home,furniture,social media,west,2,Review,support not helpful,negative,10,no,Alice,low
C1295,2025-07-03,home,kitchen,email,west,5,Bad,Highly recommend,positive,13,yes,Esha,medium
C1053,2025-03-20,fashion,women,website,north,4,Average,No Feedback,positive,10,yes,Deepa,low
C1267,2025-02-16,beauty,hair,website,south,4,Good,Great support,positive,9,yes,Deepa,high
C1209,2025-07-16,fashion,men,website,east,3,Review,okay product,neutral,13,no,Alice,medium
C1037,2025-04-03,grocery,food,survey,south,4,Good,Great support,positive,12,yes,Bob,low
C1149,2025-11-15,home,kitchen,social media,east,5,Good,Excellent product,positive,5,no,Esha,medium
C1127,2025-11-04,electronics,mobile,survey,south,1,No Title,bad packaging,negative,5,yes,Bob,high
C1011,2025-06-29,electronics,laptop,mobile app,west,2,No Title,bad packaging,negative,8,no,Esha,high
C1144,2025-04-24,grocery,food,email,south,3,No Title,okay product,neutral,13,no,Chris,high
C1289,2026-04-12,grocery,beverage,survey,south,3,No Title,okay product,neutral,13,no,Alice,low
C1276,2025-09-23,electronics,laptop,website,east,3,Review,acceptable,neutral,3,yes,Chris,medium
C1196,2025-09-07,grocery,beverage,website,south,5,No Title,Loved it,positive,3,no,Alice,high
C1233,2025-05-05,beauty,hair,website,south,2,Review,poor quality,negative,6,no,Esha,low
C1180,2025-04-04,home,furniture,social media,east,4,Average,Highly recommend,positive,5,no,Bob,high
C1239,2025-05-24,electronics,mobile,email,north,4,No Title,Highly recommend,positive,6,yes,Esha,high
C1233,2025-03-24,fashion,women,email,west,1,Good,support not helpful,negative,13,no,Esha,low
C1293,2025-06-04,electronics,laptop,website,east,1,Review,No Feedback,negative,6,no,Alice,high
C1096,2025-10-14,home,kitchen,website,north,2,Bad,bad packaging,negative,9,no,Chris,high
C1094,2025-07-30,fashion,women,email,east,4,No Title,Excellent product,positive,8,yes,Deepa,high
C1263,2026-05-13,home,kitchen,social media,west,1,Bad,late delivery,negative,9,yes,Deepa,low
C1158,2025-12-22,home,kitchen,website,south,3,Good,nothing special,neutral,13,yes,Chris,high
C1076,2025-03-14,electronics,laptop,email,north,2,Bad,bad packaging,negative,14,no,Esha,high
C1273,2026-03-14,grocery,beverage,website,south,2,Good,late delivery,negative,2,yes,Chris,high
C1108,2025-10-27,fashion,men,website,south,3,Good,nothing special,neutral,8,yes,Alice,low
C1257,2025-10-22,beauty,skin,website,north,1,Good,late delivery,negative,2,no,Chris,high
C1272,2025-10-19,electronics,mobile,website,south,5,Review,Great support,positive,4,no,Chris,high
C1267,2025-11-01,grocery,beverage,website,north,3,Average,nothing special,neutral,14,no,Chris,high
C1077,2025-07-17,electronics,mobile,email,east,4,No Title,Great support,positive,7,yes,Bob,high
C1207,2025-03-06,electronics,mobile,survey,east,3,Average,nothing special,neutral,7,yes,Alice,high
C1164,2025-04-25,home,kitchen,mobile app,east,3,No Title,okay product,neutral,4,no,Chris,high
C1051,2026-03-08,fashion,women,survey,east,2,Review,poor quality,negative,1,yes,Esha,high
C1103,2025-09-22,grocery,beverage,website,north,3,Average,works fine,neutral,9,yes,Bob,medium
C1228,2025-11-24,fashion,men,email,east,4,Review,No Feedback,positive,13,no,Bob,low
C1093,2025-07-30,fashion,women,website,west,5,Bad,Loved it,positive,5,no,Esha,high
C1110,2025-06-07,electronics,laptop,mobile app,north,1,Review,bad packaging,negative,5,yes,Alice,medium
C1173,2025-07-05,fashion,women,mobile app,east,2,Average,late delivery,negative,12,yes,Esha,medium
C1049,2025-08-16,electronics,laptop,website,north,2,Bad,late delivery,negative,12,yes,Bob,low
C1145,2025-08-09,fashion,women,survey,north,1,Review,No Feedback,negative,5,yes,Alice,low
C1203,2025-01-21,fashion,women,survey,south,4,Average,Highly recommend,positive,1,yes,Deepa,high
C1246,2025-01-24,home,furniture,mobile app,south,4,No Title,Fast delivery,positive,15,no,Alice,low
C1061,2025-10-07,beauty,hair,survey,east,5,Average,Great support,positive,14,no,Alice,high
C1036,2026-04-21,electronics,mobile,mobile app,east,5,Good,Excellent product,positive,12,yes,Alice,low
C1187,2025-04-12,home,furniture,survey,north,4,Review,Highly recommend,positive,15,no,Esha,high
C1141,2025-08-23,home,furniture,email,west,2,Good,bad packaging,negative,11,no,Esha,high
C1063,2025-03-16,fashion,women,website,south,4,Review,Loved it,positive,3,yes,Deepa,high
C1076,2025-02-02,home,furniture,mobile app,north,4,Good,Highly recommend,positive,5,yes,Alice,high
C1113,2026-02-01,electronics,mobile,survey,west,5,Good,Excellent product,positive,7,no,Chris,low
C1153,2025-03-17,beauty,hair,social media,south,1,No Title,No Feedback,negative,2,yes,Chris,high
C1085,2025-11-19,grocery,beverage,website,south,4,Review,Excellent product,positive,4,yes,Deepa,high
C1281,2025-10-01,grocery,beverage,website,south,4,Good,Highly recommend,positive,12,yes,Deepa,medium
C1162,2025-04-11,beauty,hair,mobile app,east,5,Average,Loved it,positive,9,yes,Esha,high
C1160,2026-01-24,grocery,food,survey,south,3,Good,acceptable,neutral,6,yes,Alice,medium
C1163,2025-11-25,electronics,mobile,website,south,2,Good,late delivery,negative,4,yes,Chris,low
C1285,2026-04-23,electronics,laptop,website,south,3,Good,average experience,neutral,9,yes,Alice,high
C1091,2026-01-19,home,furniture,mobile app,north,4,Good,Excellent product,positive,1,yes,Esha,low
C1294,2025-11-05,grocery,food,mobile app,south,2,No Title,support not helpful,negative,4,no,Bob,medium
C1018,2025-11-16,grocery,beverage,email,south,3,Review,nothing special,neutral,4,no,Bob,low
C1158,2025-05-15,fashion,women,social media,south,2,Good,bad packaging,negative,4,no,Chris,high
C1253,2025-07-12,home,furniture,website,east,2,Good,poor quality,negative,1,no,Alice,low
C1094,2026-04-17,fashion,men,social media,east,3,Bad,acceptable,neutral,6,no,Alice,low
C1223,2025-02-27,home,kitchen,mobile app,south,2,Review,poor quality,negative,12,no,Alice,high
C1245,2025-12-31,grocery,food,mobile app,south,1,Average,app crash,negative,14,no,Alice,low
C1021,2025-04-22,electronics,mobile,social media,south,3,Good,average experience,neutral,10,yes,Chris,high
C1208,2025-10-09,beauty,skin,mobile app,south,3,No Title,nothing special,neutral,3,yes,Deepa,high
C1283,2025-11-25,home,kitchen,survey,west,1,Average,app crash,negative,7,yes,Alice,low
C1246,2025-12-21,fashion,men,mobile app,south,3,Review,works fine,neutral,15,no,Bob,low
C1249,2025-06-03,grocery,beverage,website,south,1,No Title,support not helpful,negative,8,no,Esha,low
C1290,2025-04-19,grocery,food,website,south,4,Review,Loved it,positive,15,yes,Alice,high
C1003,2026-04-17,home,furniture,website,east,4,Review,Excellent product,positive,6,yes,Chris,high
C1217,2025-04-22,grocery,beverage,website,south,1,Good,poor quality,negative,6,no,Chris,high
C1045,2025-03-14,electronics,laptop,website,east,1,Bad,late delivery,negative,14,yes,Esha,high
C1169,2025-02-20,electronics,mobile,website,north,1,Average,poor quality,negative,7,no,Chris,low
C1291,2025-01-18,beauty,hair,website,east,3,Review,average experience,neutral,13,no,Esha,high
C1033,2026-02-20,home,kitchen,social media,north,2,Average,late delivery,negative,3,yes,Chris,low
C1152,2025-01-07,grocery,food,survey,east,5,Review,Highly recommend,positive,4,yes,Bob,high
C1096,2026-05-04,grocery,food,email,south,3,Bad,acceptable,neutral,2,yes,Chris,high
C1172,2025-11-20,fashion,men,social media,west,4,Good,Great support,positive,3,no,Esha,medium
C1009,2026-02-03,fashion,women,email,north,5,No Title,Fast delivery,positive,12,no,Esha,high
C1222,2025-10-03,beauty,hair,website,north,2,Good,late delivery,negative,2,no,Deepa,medium
C1034,2025-02-04,home,furniture,website,east,3,Review,works fine,neutral,7,no,Chris,medium
C1097,2026-01-04,home,kitchen,social media,south,4,Bad,Fast delivery,positive,4,yes,Alice,high
C1223,2025-09-07,fashion,men,website,west,4,Good,No Feedback,positive,7,no,Alice,high
C1245,2025-11-22,grocery,food,website,south,3,Review,acceptable,neutral,9,no,Esha,medium
C1179,2025-06-24,home,kitchen,website,south,3,No Title,okay product,neutral,9,no,Esha,high
C1156,2025-11-18,home,furniture,social media,north,4,Good,Fast delivery,positive,11,no,Alice,low
C1051,2025-05-29,fashion,men,social media,south,1,Review,bad packaging,negative,5,yes,Bob,high
C1019,2026-04-23,fashion,men,website,south,5,Bad,Loved it,positive,8,yes,Deepa,high
C1011,2026-03-31,electronics,laptop,social media,north,2,Bad,app crash,negative,15,yes,Chris,high
C1052,2025-11-09,grocery,food,mobile app,west,4,Average,Great support,positive,6,yes,Alice,medium
C1064,2025-06-29,fashion,women,email,south,4,Review,No Feedback,positive,10,no,Alice,high
C1122,2026-01-25,home,kitchen,website,east,3,Bad,acceptable,neutral,2,no,Bob,high
C1233,2026-01-21,beauty,skin,website,north,2,Average,bad packaging,negative,5,no,Bob,low
C1176,2025-03-15,electronics,laptop,website,east,2,Review,poor quality,negative,7,yes,Alice,high
C1208,2025-03-08,beauty,hair,website,south,3,Average,acceptable,neutral,4,yes,Esha,low
C1150,2026-05-14,grocery,beverage,survey,west,5,No Title,No Feedback,positive,1,no,Deepa,low
C1026,2025-09-10,fashion,women,social media,north,4,Bad,Excellent product,positive,3,no,Alice,medium
C1193,2025-07-26,electronics,laptop,mobile app,west,3,Average,works fine,neutral,8,no,Deepa,medium
C1172,2025-03-13,beauty,hair,email,south,4,No Title,Loved it,positive,3,no,Chris,high
C1036,2026-04-01,grocery,beverage,website,north,4,Bad,Great support,positive,9,no,Bob,medium
C1040,2025-09-06,electronics,laptop,social media,south,2,No Title,late delivery,negative,13,no,Chris,high
C1075,2026-02-18,electronics,laptop,website,west,4,Review,Fast delivery,positive,5,no,Chris,low
C1066,2026-03-09,grocery,beverage,website,south,2,Review,app crash,negative,13,no,Chris,high
C1252,2025-11-18,home,furniture,survey,south,5,Good,Fast delivery,positive,3,no,Chris,high
C1248,2025-10-12,grocery,food,email,south,2,No Title,poor quality,negative,13,no,Deepa,low
C1073,2025-01-19,electronics,laptop,website,south,3,No Title,nothing special,neutral,11,no,Esha,medium
C1057,2025-06-22,beauty,skin,social media,east,2,Review,support not helpful,negative,8,yes,Chris,high
C1029,2026-04-27,beauty,hair,website,south,4,Review,late delivery,positive,6,yes,Alice,medium
C1249,2026-01-14,fashion,women,mobile app,south,4,Review,Loved it,positive,15,no,Deepa,low
C1141,2025-02-11,fashion,women,mobile app,east,3,Good,acceptable,neutral,4,no,Bob,high
C1163,2025-02-02,beauty,skin,website,south,2,Bad,late delivery,negative,2,no,Chris,high
C1123,2026-03-16,grocery,beverage,email,north,3,Bad,works fine,neutral,15,no,Bob,high
C1239,2026-01-30,electronics,laptop,survey,north,3,Average,nothing special,neutral,6,yes,Alice,high
C1220,2025-10-24,fashion,men,survey,south,2,Bad,bad packaging,negative,3,yes,Alice,medium
C1197,2025-10-03,beauty,skin,social media,west,1,Review,late delivery,negative,11,no,Esha,low
C1123,2026-03-19,home,furniture,social media,north,2,Bad,No Feedback,negative,1,yes,Bob,high
C1260,2025-03-05,electronics,mobile,website,north,5,Bad,Highly recommend,positive,7,yes,Esha,low
C1100,2025-03-15,home,kitchen,website,south,5,No Title,Highly recommend,positive,8,no,Esha,high
C1276,2025-07-13,grocery,food,mobile app,west,5,Average,No Feedback,positive,6,no,Esha,high
C1090,2026-02-23,electronics,mobile,website,south,5,Good,Fast delivery,positive,4,yes,Esha,high
C1148,2026-05-05,beauty,skin,mobile app,west,5,Review,Great support,positive,11,yes,Alice,high
C1094,2025-01-20,fashion,men,website,south,5,Bad,Excellent product,positive,3,no,Alice,high
C1152,2025-07-22,grocery,beverage,mobile app,south,3,No Title,works fine,neutral,9,no,Bob,high
C1253,2026-04-09,electronics,laptop,website,south,3,Average,nothing special,neutral,11,yes,Chris,high
C1251,2026-04-18,home,kitchen,email,east,1,Average,late delivery,negative,6,no,Chris,low
C1177,2025-11-13,fashion,women,survey,north,1,Bad,support not helpful,negative,6,yes,Alice,medium
C1054,2025-12-16,fashion,men,mobile app,north,2,Bad,poor quality,negative,1,yes,Bob,low
C1245,2026-04-17,grocery,beverage,website,south,3,Good,average experience,neutral,13,yes,Chris,high
C1264,2025-08-13,beauty,hair,mobile app,west,5,Bad,Great support,positive,11,yes,Chris,medium
C1136,2025-08-18,beauty,skin,email,south,3,Average,acceptable,neutral,12,no,Deepa,high
C1293,2026-01-18,electronics,laptop,social media,east,2,No Title,No Feedback,negative,12,yes,Bob,medium
C1005,2026-02-20,fashion,women,email,north,1,Review,poor quality,negative,6,no,Deepa,low
C1047,2026-04-06,grocery,beverage,email,south,3,No Title,nothing special,neutral,3,no,Chris,high
C1043,2025-07-26,electronics,mobile,website,south,1,Bad,app crash,negative,3,yes,Alice,medium
C1086,2025-03-29,grocery,beverage,website,south,5,Bad,Fast delivery,positive,15,yes,Alice,low
C1149,2025-04-14,home,kitchen,website,east,2,Bad,app crash,negative,1,no,Bob,low
C1065,2025-05-18,beauty,hair,mobile app,north,1,Good,support not helpful,negative,8,no,Esha,high
C1166,2025-07-22,electronics,mobile,website,north,1,Review,support not helpful,negative,14,yes,Esha,high
C1072,2026-04-23,grocery,beverage,email,south,2,No Title,late delivery,negative,15,yes,Deepa,high
C1277,2025-03-24,grocery,beverage,mobile app,south,2,Average,poor quality,negative,11,yes,Deepa,low
C1081,2026-03-15,beauty,skin,website,south,3,Good,average experience,neutral,10,yes,Alice,low
C1014,2025-05-26,beauty,hair,website,east,1,Bad,app crash,negative,3,yes,Chris,low
C1027,2025-12-03,home,furniture,website,south,1,Bad,late delivery,negative,9,no,Bob,high
C1151,2025-06-26,home,furniture,mobile app,south,5,Good,Fast delivery,positive,12,no,Chris,high
C1030,2026-02-20,beauty,hair,website,east,4,Review,Loved it,positive,14,no,Esha,high
C1203,2025-12-12,electronics,laptop,survey,east,1,Bad,support not helpful,negative,5,no,Alice,high
C1054,2026-03-20,home,kitchen,website,west,1,Bad,app crash,negative,15,yes,Alice,low
C1158,2025-09-16,grocery,beverage,email,east,5,Bad,Loved it,positive,11,no,Esha,low
C1074,2025-09-02,grocery,food,social media,north,1,No Title,support not helpful,negative,12,no,Deepa,low
C1081,2025-05-31,electronics,mobile,website,south,3,Bad,nothing special,neutral,6,no,Chris,high
C1218,2026-04-29,beauty,hair,website,west,1,Bad,support not helpful,negative,2,no,Alice,high
C1233,2025-12-22,electronics,mobile,email,north,4,Good,Highly recommend,positive,7,yes,Chris,high
C1085,2025-08-27,beauty,hair,website,south,2,No Title,bad packaging,negative,14,yes,Chris,medium
C1124,2025-08-25,grocery,food,survey,north,3,Average,works fine,neutral,9,yes,Chris,medium
C1045,2025-08-05,beauty,hair,email,west,3,Review,nothing special,neutral,1,no,Chris,high
C1116,2025-03-24,beauty,hair,email,south,5,Bad,Loved it,positive,12,yes,Alice,medium
C1215,2026-01-11,fashion,women,survey,south,2,Good,support not helpful,negative,7,yes,Bob,high
C1145,2025-07-30,electronics,mobile,email,west,1,Bad,app crash,negative,13,no,Alice,medium
C1108,2026-04-14,fashion,women,website,west,3,Average,acceptable,neutral,8,no,Deepa,low
C1053,2025-07-14,fashion,women,survey,north,3,No Title,average experience,neutral,8,yes,Alice,high
C1245,2025-01-13,grocery,food,survey,south,2,Bad,app crash,negative,11,no,Bob,high
C1174,2026-01-01,beauty,skin,website,east,3,Good,okay product,neutral,5,no,Bob,high
C1046,2026-01-23,fashion,men,mobile app,south,2,Good,poor quality,negative,11,no,Deepa,high
C1003,2025-08-19,beauty,hair,mobile app,north,4,Bad,Loved it,positive,9,yes,Esha,high
C1228,2025-04-27,beauty,hair,website,south,2,No Title,support not helpful,negative,10,no,Chris,high
C1246,2025-09-11,electronics,mobile,mobile app,west,4,No Title,Great support,positive,13,yes,Chris,medium
C1272,2025-04-09,grocery,food,social media,east,5,No Title,Fast delivery,positive,7,no,Esha,medium
C1043,2025-10-28,beauty,skin,mobile app,south,4,Average,Excellent product,positive,7,no,Bob,medium
C1273,2025-10-01,beauty,skin,website,west,4,Review,Great support,positive,6,no,Alice,medium
C1182,2025-04-23,beauty,skin,email,north,5,Review,Excellent product,positive,13,yes,Alice,medium
C1222,2025-10-03,grocery,food,website,west,3,No Title,average experience,neutral,10,yes,Deepa,high
C1086,2026-01-16,home,furniture,website,south,4,Review,Highly recommend,positive,4,yes,Chris,high
C1029,2025-02-07,home,kitchen,website,west,5,Bad,Great support,positive,3,yes,Esha,high
C1041,2026-04-02,grocery,beverage,website,west,1,Good,late delivery,negative,9,no,Esha,high
C1248,2025-01-19,home,furniture,website,east,3,Bad,acceptable,neutral,3,no,Chris,high
C1018,2025-11-03,beauty,skin,website,north,5,Review,Highly recommend,positive,7,yes,Bob,low
C1261,2025-02-07,fashion,women,mobile app,west,3,No Title,acceptable,neutral,2,no,Esha,high
C1167,2025-05-15,electronics,mobile,email,north,1,Average,poor quality,negative,8,yes,Alice,medium
C1254,2025-04-03,home,furniture,website,south,5,Bad,Excellent product,positive,13,no,Chris,high
C1050,2026-02-10,fashion,women,survey,north,4,Review,Highly recommend,positive,5,no,Esha,medium
C1031,2025-04-25,fashion,women,mobile app,east,4,Bad,Excellent product,positive,13,yes,Bob,low
C1209,2025-09-04,electronics,mobile,social media,west,1,Good,bad packaging,negative,6,yes,Esha,high
C1172,2025-10-18,electronics,laptop,survey,south,5,Average,Excellent product,positive,4,no,Bob,high
C1064,2025-03-17,beauty,skin,email,south,3,No Title,works fine,neutral,14,yes,Bob,high
C1083,2025-02-28,beauty,skin,social media,north,1,Review,poor quality,negative,4,yes,Alice,high
C1201,2026-01-22,electronics,laptop,mobile app,south,3,Good,acceptable,neutral,5,no,Alice,low
C1082,2025-12-10,grocery,food,mobile app,west,5,Good,Loved it,positive,7,no,Bob,medium
C1128,2025-06-19,beauty,skin,website,north,3,No Title,nothing special,neutral,7,no,Deepa,high
C1228,2025-02-05,home,kitchen,website,south,2,Review,bad packaging,negative,5,yes,Esha,high
C1279,2025-04-29,fashion,men,mobile app,north,5,No Title,Excellent product,positive,4,no,Esha,high
C1081,2025-06-14,electronics,laptop,website,south,3,Average,okay product,neutral,8,yes,Deepa,high
C1091,2025-08-04,home,kitchen,website,east,3,Average,nothing special,neutral,1,yes,Alice,low
C1279,2025-01-05,grocery,beverage,website,north,3,Good,works fine,neutral,10,no,Esha,low
