Feedback_ID,Customer_ID,Review_Date,Product_Category,Sub_Category,Channel,Region,Rating,Review_Title,Review_Text,Sentiment,Response_Time_Days,Resolved,Agent_Name,Priority
FB1,C1171,30/05/2025,Home,Furniture,Email, south ,5,Good,Excellent product,Positive,11,N,Chris,High
FB2,C1274,05/05/2025,Beauty,Skin,Mobile App, south ,1,Good,poor quality,Negative,10,no,Bob,High
FB3,C1063,07/09/2025,Grocery,Food,Email,West,4,Average,Great support,Positive,8,N,Chris, high
FB4,C1123,32-13-2025,Electronics,Laptop,Website, south ,3,Bad,acceptable,Neutral,9,No,Deepa,Low
FB5,C1085,24/11/2025,Grocery,Beverage,Social Media,West,2,Good,app crash,Negative,8,No,Chris,Medium
FB6,C1249,22-09-2025,Grocery,Food,Social Media,West,3,Review,average experience,Neutral,3,No,Alice,High
FB7,C1177,2025/07/20,Electronics,Laptop,Mobile App,East,1,,bad packaging,Negative,4,Yes,Deepa,High
FB8,C1077,15/09/2025,Electronics,Mobile,website,South,2,Good,support not helpful,Negative,12,N,Bob,Medium
FB9,C1168,09/09/2025,Electronics,Laptop,Social Media, south ,5,Good,Great support,Positive,4,Yes,Bob, high
FB10,C1091,2025/06/24,Fashion,Women,Email,East,2,Average,app crash,Negative,1,N,Bob,Medium
FB11,C1182,03/03/2026,fashion,Women,Mobile App,North,4,Average,Great support,Positive,11,Yes,Bob, high
FB12,C1123,2025/09/18,Electronics,Mobile,Email,West,1,Review,poor quality,Negative,3,No,Alice,Low
FB13,C1232,05/10/2025,Fashion,Women,Survey,South,5,Good,Excellent product,Positive,12,no,Alice, high
FB14,C1245,26/03/2026,Grocery,Food,Mobile App, south ,2,Good,poor quality,Negative,8,Y,Esha,Medium
FB15,C1245,2025/10/11,Grocery,Beverage,Mobile App,East,4,Good,Highly recommend,Positive,6,Yes,Alice,High
FB16,C1280,28-03-2026,Electronics,Laptop,Website, south ,2,,bad packaging,Negative,15,Yes,Chris, high
FB17,C1124,21-03-2026,Home,Kitchen,Email, south ,2,,late delivery,Negative,14,Yes,Bob,Low
FB18,C1276,2025/02/06,Electronics,Laptop,Mobile App, south ,1,Average,app crash,Negative,14,N,Deepa,Low
FB19,C1027,08-03-2025,Beauty,Hair,Mobile App,East,1,Average,app crash,Negative,5,Yes,Esha,Medium
FB20,C1080,16/08/2025,Electronics,Laptop,Email,North,3,Good,acceptable,Neutral,14,N,Bob,Low
FB21,C1249,13/12/2025,Grocery,Beverage,Survey,West,5,Review,Highly recommend,Positive,5,No,Chris,Low
FB22,C1034,15-01-2025,Home,Kitchen,Mobile App,East,3,,acceptable,Neutral,8,No,Alice,Low
FB23,C1094,2026/01/02,Home,Furniture,Survey, south ,1,,support not helpful,Negative,2,N,Deepa,Medium
FB24,C1003,21-03-2025,Fashion,Men,Survey,South,2,Average,poor quality,Negative,3,no,Chris,Medium
FB25,C1209,2025/03/18,Fashion,Women,website,South,1,Review,poor quality,Negative,12,Y,Esha,High
FB26,C1085,01-11-2025,Fashion,Men,Survey,West,3,,average experience,Neutral,6,Y,Bob,High
FB27,C1122,2025/04/16,Home,Kitchen,website, south ,5,Review,Great support,Positive,5,YES,Deepa,High
FB28,C1203,30-08-2025,Beauty,Hair,website,East,5,Bad,Fast delivery,Positive,1,No,Esha,High
FB29,C1257,2026/04/18,Electronics,Laptop,website, south ,5,Good,Highly recommend,Positive,12,Y,Bob,Low
FB30,C1039,2025/02/10,Beauty,Hair,Survey,West,4,Average,  Loved it!!! ,Positive,6,Yes,Alice,High
FB31,C1074,17/01/2026,Beauty,Hair,website,North,2,,,Negative,11,YES,Esha,Medium
FB32,C1290,15-11-2025,Fashion,Men,Survey,North,5,Bad,Excellent product,Positive,2,No,Chris, high
FB33,C1162,03-03-2025,Home,Kitchen,Email,North,4,Review,Excellent product,Positive,15,No,Alice, high
FB34,C1239,02-04-2025,Grocery,Beverage,website,South,1,,app crash,Negative,4,YES,Deepa,Medium
FB35,C1136,05-02-2025,Beauty,Skin,Survey,East,3,Bad,okay product,Neutral,3,YES,Esha,Medium
FB36,C1202,01-01-2025,Home,Kitchen,Survey,South,4,Average,Great support,Positive,8,Yes,Deepa, high
FB37,C1067,23-07-2025,Beauty,Hair,website,North,2,Good,poor quality,Negative,6,no,Alice, high
FB38,C1082,2025/10/05,Home,Furniture,Email,South,2,Review,support not helpful,Negative,10,No,Deepa,Medium
FB39,C1117,2025/06/10,Electronics,Laptop,website, south ,2,,,Negative,12,Yes,Deepa,High
FB40,C1015,04-12-2025,grocery,Beverage,Email,West,3,Review,okay product,Neutral,3,Yes,Deepa,Medium
FB41,C1211,18-10-2025,Beauty,Hair,Mobile App,West,3,,nothing special,Neutral,15,no,Chris,Medium
FB42,C1090,2026/05/13,Home,Furniture,Email, south ,1,Bad,late delivery,Negative,8,N,Deepa,High
FB43,C1126,27/10/2025,Beauty,Skin,website,East,4,Review,Fast delivery,Positive,15,YES,Deepa, high
FB44,C1212,16/07/2025,Home,Kitchen,Social Media, south ,3,Bad,okay product,Neutral,5,No,Deepa,Medium
FB45,C1228,2025/06/14,Electronics,Mobile,Mobile App, south ,5,Average,,Positive,14,Y,Esha,Low
FB46,C1143,2026/04/25,Fashion,Men,Social Media,North,1,,support not helpful,Negative,3,YES,Deepa,Medium
FB47,C1006,2026/04/12,Grocery,Food,Survey,West,1,,app crash,Negative,15,N,Chris, high
FB48,C1064,20-02-2025,Electronics,Laptop,Email,West,5,Good,,Positive,1,No,Chris,Medium
FB49,C1242,2025/01/01,Grocery,Food,Website, south ,5,Good,Great support,Positive,2,YES,Alice,Medium
FB50,C1042,24-06-2025,Beauty,Skin,Social Media,West,3,Average,average experience,Neutral,9,Y,Chris,High
FB51,C1114,24-06-2025,Fashion,Women,Website, south ,5,Good,Highly recommend,Positive,5,N,Alice,Medium
FB52,C1022,2026/04/26,Beauty,Hair,website,South,5,Average,Loved it,Positive,5,Yes,Esha,High
FB53,C1239,22/03/2026,Fashion,Women,Email,West,2,Good,support not helpful,Negative,1,N,Esha, high
FB54,C1165,2025/04/18,Electronics,Mobile,Website, south ,3,Good,,Neutral,4,YES,Deepa,Low
FB55,C1145,12-01-2026,Beauty,Skin,Website,West,5,Bad,Great support,Positive,8,YES,Chris,Medium
FB56,C1050,16-04-2026,Electronics,Laptop,Social Media,East,5,,,Positive,5,No,Alice,Low
FB57,C1006,2025/11/19,Beauty,Hair,website,South,3,Review,acceptable,Neutral,3,no,Chris,High
FB58,C1268,02-03-2025,fashion,Men,Website,South,2,,poor quality,Negative,8,Y,Alice,Medium
FB59,C1137,2025/11/18,Home,Furniture,Survey,North,1,Good,app crash,Negative,10,No,Esha,Medium
FB60,C1211,2026/04/30,home,Furniture,Website, south ,4,Bad,Highly recommend,Positive,3,Yes,Bob,High
FB61,C1068,30/04/2025,Electronics,Laptop,Mobile App,West,5,Bad,Excellent product,Positive,5,no,Deepa,High
FB62,C1197,20/01/2025,Beauty,Skin,Website, south ,2,Good,late delivery,Negative,15,no,Bob, high
FB63,C1298,17/01/2026,Grocery,Beverage,Email,South,5,Average,,Positive,8,Y,Chris,Low
FB64,C1083,24/04/2025,Beauty,Skin,Social Media,East,1,Average,app crash,Negative,2,Yes,Alice,Medium
FB65,C1146,06-05-2025,Beauty,Hair,Social Media,South,3,Good,okay product,Neutral,1,No,Bob,Medium
FB66,C1285,03/02/2025,Home,Kitchen,Email, south ,5,Review,,Positive,11,no,Deepa,Medium
FB67,C1263,15-11-2025,Home,Furniture,Mobile App,East,2,Average,late delivery,Negative,3,No,Chris,Low
FB68,C1199,17/02/2025,Fashion,Women,website, south ,1,,poor quality,Negative,10,Yes,Alice,High
FB69,C1010,2026/04/19,Electronics,Mobile,Mobile App,West,5,Good,Excellent product,Positive,8,YES,Esha, high
FB70,C1090,2025/04/06,Home,Kitchen,website,East,4,Review,,Positive,11,no,Chris,High
FB71,C1185,18-09-2025,Home,Kitchen,Survey,West,2,Good,poor quality,Negative,9,Y,Alice,Low
FB72,C1071,2025/04/04,Home,Furniture,Social Media,East,3,,  acceptable!!! ,Neutral,13,Yes,Alice,Medium
FB73,C1280,14-11-2025,Fashion,Women,Survey,North,4,Good,Fast delivery,Positive,14,N,Alice,Low
FB74,C1120,20/02/2025,Electronics,Laptop,Website,North,1,Review,late delivery,Negative,1,N,Alice, high
FB75,C1252,13-06-2025,electronics,Mobile,Mobile App,East,2,Average,bad packaging,Negative,9,YES,Deepa,Low
FB76,C1279,2026/04/14,Fashion,Men,Website,East,2,Average,poor quality,Negative,4,YES,Bob, high
FB77,C1200,09-03-2025,Fashion,Women,Mobile App,West,4,Review,Highly recommend,Positive,12,N,Chris, high
FB78,C1042,24/01/2026,Fashion,Women,Mobile App,North,1,,  bad packaging!!! ,Negative,7,Y,Alice, high
FB79,C1199,2026/04/08,Home,Furniture,Website, south ,2,,bad packaging,Negative,12,no,Alice, high
FB80,C1191,2025/09/01,Fashion,Women,Email,East,5,Average,Great support,Positive,7,Yes,Esha,High
FB81,C1236,09-02-2026,Electronics,Laptop,Social Media,North,1,,late delivery,Negative,14,Yes,Chris,Low
FB82,C1043,23/02/2025,Fashion,Men,Website,North,2,Good,late delivery,Negative,12,Y,Esha,High
FB83,C1005,08-12-2025,Home,Furniture,Mobile App,East,5,Good,,Positive,1,Yes,Alice,High
FB84,C1211,29-12-2025,Grocery,Food,Social Media,South,4,Average,Great support,Positive,11,no,Alice,Medium
FB85,C1025,2025/01/19,Beauty,Skin,Website,South,1,Review,bad packaging,Negative,11,YES,Deepa, high
FB86,C1089,23-01-2026,Electronics,Laptop,Social Media,West,3,Average,okay product,Neutral,6,no,Esha, high
FB87,C1115,2026/04/19,Fashion,Women,Survey,West,5,Review,Great support,Positive,14,N,Deepa,Medium
FB88,C1037,2025/08/01,Grocery,Food,Survey,North,2,Good,support not helpful,Negative,15,no,Esha,Medium
FB89,C1183,13-03-2025,Home,Kitchen,Email, south ,2,Good,support not helpful,Negative,1,N,Deepa,Low
FB90,C1282,2025/05/24,Fashion,Women,Mobile App,South,4,Review,Highly recommend,Positive,9,no,Alice,High
FB91,C1146,2025/12/20,Electronics,Mobile,Survey,East,4,Review,Excellent product,Positive,7,No,Alice,Medium
FB92,C1298,2025/03/18,Fashion,Men,Mobile App, south ,4,,Great support,Positive,13,YES,Chris,Medium
FB93,C1082,16-04-2026,Grocery,Food,Survey,South,3,Good,okay product,Neutral,12,Y,Bob, high
FB94,C1299,08-04-2026,Home,Kitchen,website,North,5,Average,Fast delivery,Positive,9,Y,Esha,Medium
FB95,C1035,22-01-2025,fashion,Women,Survey, south ,3,Bad,works fine,Neutral,5,N,Bob,Low
FB96,C1068,08/01/2026,Grocery,Food,Social Media,North,1,Bad,late delivery,Negative,13,No,Bob,Low
FB97,C1117,2025/09/02,Home,Kitchen,website, south ,3,Bad,average experience,Neutral,5,No,Alice,Medium
FB98,C1045,12-11-2025,Beauty,Skin,Social Media,West,4,Bad,,Positive,11,Yes,Alice,Medium
FB99,C1161,18/03/2026,Electronics,Mobile,Email,South,1,,  app crash!!! ,Negative,13,No,Deepa,Low
FB100,C1268,2026/04/20,Home,Furniture,Website,West,2,Good,support not helpful,Negative,1,YES,Alice,High
FB101,C1280,09-01-2025,Beauty,Hair,Website, south ,1,Good,support not helpful,Negative,5,YES,Bob,Medium
FB102,C1156,07/04/2025,Fashion,Men,website, south ,4,Average,Loved it,Positive,13,Y,Alice,High
FB103,C1130,21/12/2025,Home,Furniture,website,West,2,Good,bad packaging,Negative,2,no,Chris,High
FB104,C1148,2025/05/28,Beauty,Skin,website,South,3,Review,average experience,Neutral,1,N,Alice,Low
FB105,C1130,23-09-2025,Beauty,Skin,website,East,2,Review,app crash,Negative,5,YES,Deepa,High
FB106,C1007,10-11-2025,Home,Furniture,Website,West,4,Average,Excellent product,Positive,6,N,Deepa,High
FB107,C1076,2025/03/02,Grocery,Food,Website,South,3,Average,acceptable,Neutral,14,N,Esha, high
FB108,C1091,2025/05/12,home,Furniture,Website,South,1,,poor quality,Negative,5,N,Bob,Low
FB109,C1280,03/05/2026,Electronics,Laptop,Email,East,1,Bad,late delivery,Negative,14,Y,Bob, high
FB110,C1121,24/02/2025,Beauty,Hair,Website,West,4,Good,Fast delivery,Positive,12,No,Deepa,High
FB111,C1047,2025/05/16,Beauty,Hair,Mobile App,South,5,,Highly recommend,Positive,5,YES,Esha,Medium
FB112,C1287,04/02/2026,Fashion,Women,Mobile App,West,4,Good,Great support,Positive,6,no,Chris,Low
FB113,C1273,16/03/2026,Fashion,Men,Social Media,South,3,,okay product,Neutral,5,N,Deepa,Medium
FB114,C1081,2026/04/26,electronics,Mobile,Email,West,4,Review,Fast delivery,Positive,6,Y,Deepa,High
FB115,C1161,12/02/2026,Beauty,Skin,Website, south ,1,Good,support not helpful,Negative,14,YES,Deepa,Low
FB116,C1016,13-02-2025,Beauty,Hair,Email,South,4,Average,Excellent product,Positive,12,Yes,Deepa,Medium
FB117,C1029,29-03-2026,Home,Kitchen,Survey,South,3,Bad,works fine,Neutral,2,no,Chris,Medium
FB118,C1138,2025/02/08,Home,Kitchen,Mobile App,North,4,Average,  Highly recommend!!! ,Positive,10,YES,Deepa,Medium
FB119,C1128,2025/10/02,Home,Kitchen,website, south ,4,Review,Loved it,Positive,9,Yes,Chris, high
FB120,C1267,01/04/2026,Grocery,Food,Survey,West,3,Good,nothing special,Neutral,7,Yes,Esha,Low
FB121,C1263,18-10-2025,Beauty,Hair,website,North,5,Bad,  late delivery!!! ,Positive,15,YES,Alice,Low
FB122,C1161,25-02-2025,Electronics,Mobile,Email,North,5,Good,Fast delivery,Positive,15,Y,Esha, high
FB123,C1202,16/03/2026,Beauty,Hair,Mobile App,West,5,Review,Loved it,Positive,3,No,Deepa, high
FB124,C1020,20/12/2025,Beauty,Hair,website, south ,4,Review,Excellent product,Positive,8,Y,Esha, high
FB125,C1015,26/10/2025,Fashion,Men,Survey,South,5,Review,Highly recommend,Positive,11,no,Esha,Medium
FB126,C1142,04-01-2026,Beauty,Skin,Social Media, south ,1,Bad,late delivery,Negative,15,N,Bob,High
FB127,C1006,22-09-2025,Home,Kitchen,Mobile App,West,2,Bad,bad packaging,Negative,7,No,Bob, high
FB128,C1115,29/08/2025,Home,Furniture,Email,West,4,Average,Highly recommend,Positive,1,no,Esha,Low
FB129,C1176,18-06-2025,Electronics,Laptop,Website,North,5,Good,Loved it,Positive,5,No,Esha, high
FB130,C1157,2026/02/26,Fashion,Men,Mobile App, south ,1,Average,bad packaging,Negative,10,no,Alice,Low
FB131,C1040,28-11-2025,Grocery,Beverage,Social Media,East,5,Average,Loved it,Positive,8,No,Esha, high
FB132,C1027,2025/02/23,Electronics,Mobile,Mobile App,North,1,Good,app crash,Negative,13,no,Bob,High
FB133,C1028,05/02/2026,Beauty,Skin,Mobile App,East,1,Good,app crash,Negative,5,Yes,Esha,Medium
FB134,C1287,25/02/2025,Electronics,Laptop,website,East,3,Review,okay product,Neutral,7,N,Esha,Low
FB135,C1229,02/01/2026,Home,Furniture,Social Media,East,5,Review,Fast delivery,Positive,5,No,Alice, high
FB136,C1189,01-07-2025,Electronics,Mobile,Social Media,East,2,Average,poor quality,Negative,10,No,Bob,High
FB137,C1245,04-02-2026,Grocery,Food,website,North,1,Good,app crash,Negative,4,YES,Deepa,Low
FB138,C1084,22-08-2025,Home,Furniture,Website,North,1,Bad,late delivery,Negative,1,no,Chris,Low
FB139,C1069,04/05/2026,Electronics,Mobile,Survey,South,2,,poor quality,Negative,14,YES,Chris,Medium
FB140,C1105,15-07-2025,Home,Kitchen,Survey,North,1,Average,bad packaging,Negative,12,Yes,Bob,Low
FB141,C1136,2025/10/22,Fashion,Men,Social Media, south ,3,,okay product,Neutral,14,N,Deepa,High
FB142,C1086,16-02-2025,Fashion,Women,Website,West,5,Average,,Positive,8,No,Bob,Medium
FB143,C1271,2025/07/24,grocery,Beverage,Mobile App,South,1,Bad,support not helpful,Negative,8,No,Bob,Low
FB144,C1263,2025/02/14,Fashion,Men,Website,South,2,Review,support not helpful,Negative,6,Y,Bob,Medium
FB145,C1070,2026/01/01,Electronics,Laptop,Website,East,3,Bad,works fine,Neutral,5,no,Alice,Medium
FB146,C1253,14-09-2025,Electronics,Laptop,Website,East,4,,Excellent product,Positive,3,Y,Deepa,High
FB147,C1083,02-02-2025,Home,Kitchen,Mobile App, south ,4,,Great support,Positive,15,Y,Deepa,Medium
FB148,C1091,2026/02/11,Grocery,Food,Mobile App, south ,3,Review,works fine,Neutral,10,no,Chris,High
FB149,C1093,07-10-2025,Fashion,Women,Social Media, south ,3,,works fine,Neutral,12,Y,Deepa,Medium
FB150,C1098,2025/04/22,Grocery,Food,Email, south ,4,Bad,Excellent product,Positive,15,N,Bob,Low
FB151,C1083,32-13-2025,Home,Kitchen,Mobile App,South,1,Bad,late delivery,Negative,5,YES,Chris, high
FB152,C1045,15-08-2025,Fashion,Men,website,East,5,Good,Excellent product,Positive,15,Y,Chris,Medium
FB153,C1134,01/04/2026,Beauty,Skin,Email,South,5,Good,Highly recommend,Positive,5,N,Bob,Low
FB154,C1220,11/05/2025,Grocery,Beverage,website, south ,4,Review,Excellent product,Positive,5,No,Alice, high
FB155,C1129,2025/02/05,Home,Furniture,Survey, south ,1,Bad,poor quality,Negative,3,no,Chris,Medium
FB156,C1179,19-10-2025,Grocery,Food,website, south ,2,Good,app crash,Negative,9,N,Chris, high
FB157,C1293,01-04-2025,Fashion,Women,website,East,4,Average,  Loved it!!! ,Positive,15,Yes,Bob,High
FB158,C1011,15/09/2025,Fashion,Women,Email,South,4,,Great support,Positive,8,no,Bob,High
FB159,C1226,19-09-2025,Electronics,Mobile,Website,South,1,Bad,bad packaging,Negative,10,Y,Esha, high
FB160,C1190,2026/03/01,Electronics,Laptop,Website,East,4,,Great support,Positive,2,Y,Esha,High
FB161,C1052,27-09-2025,Electronics,Laptop,Mobile App,East,1,,app crash,Negative,14,no,Chris,Low
FB162,C1098,19-01-2025,Home,Furniture,Social Media,South,1,Review,,Negative,12,No,Bob, high
FB163,C1271,01/12/2025,Grocery,Beverage,Website,East,1,Bad,late delivery,Negative,14,no,Alice,High
FB164,C1159,15-03-2025,Electronics,Mobile,Social Media,North,2,Bad,poor quality,Negative,7,Yes,Chris,High
FB165,C1057,14-05-2025,Beauty,Skin,Email,East,4,Review,Great support,Positive,13,Yes,Deepa,Medium
FB166,C1243,19/06/2025,Fashion,Men,Mobile App, south ,4,,Highly recommend,Positive,12,N,Chris,Low
FB167,C1082,2025/12/15,Home,Furniture,Mobile App,West,3,Review,okay product,Neutral,8,YES,Alice,Low
FB168,C1101,2026/04/10,Beauty,Skin,Email, south ,2,,app crash,Negative,12,Yes,Esha,High
FB169,C1024,05/03/2025,Fashion,Women,website,West,5,Bad,,Positive,11,N,Chris,High
FB170,C1224,23-06-2025,Fashion,Men,Survey,West,2,Bad,app crash,negative,13,No,Chris, high
FB171,C1100,2026/03/11,Home,Furniture,Mobile App, south ,5,Average,,Positive,5,N,Chris,High
FB172,C1098,2025/06/14,Home,Kitchen,Website,East,2,Bad,poor quality,Negative,6,YES,Deepa,Low
FB173,C1127,20/06/2025,Grocery,Food,Email,South,2,Average,late delivery,Negative,14,Y,Esha,Low
FB174,C1142,28-03-2026,Electronics,Laptop,Survey,West,2,,,Negative,14,N,Esha,High
FB175,C1242,2025/05/14,Home,Kitchen,website,West,3,Review,okay product,Neutral,14,YES,Chris,Low
FB176,C1034,2026/02/07,Beauty,Skin,website,North,1,,app crash,Negative,7,YES,Bob, high
FB177,C1144,2025/12/22,Fashion,Men,website,South,5,Bad,Excellent product,Positive,13,N,Esha,High
FB178,C1000,2025/08/18,Electronics,Mobile,Email,West,2,Good,support not helpful,Negative,11,Yes,Alice,Low
FB179,C1076,17-01-2025,Beauty,Hair,Mobile App,South,4,,Highly recommend,Positive,12,N,Esha,Medium
FB180,C1008,08/02/2026,Grocery,Beverage,Website,West,1,Bad,support not helpful,Negative,13,N,Bob, high
FB181,C1253,28/04/2025,Beauty,Skin,Website, south ,1,Good,bad packaging,negative,10,No,Alice, high
FB182,C1099,01-04-2025,Fashion,Men,Survey, south ,4,Review,,Positive,7,YES,Esha,Low
FB183,C1294,02/10/2025,Beauty,Skin,website,North,2,Good,support not helpful,Negative,10,Y,Deepa,High
FB184,C1020,23/03/2025,Fashion,Men,Social Media,South,5,,Great support,Positive,11,No,Chris,High
FB185,C1246,03-07-2025,Fashion,Women,Mobile App,South,3,Bad,  late delivery!!! ,Neutral,13,No,Alice, high
FB186,C1167,26-04-2026,Home,Kitchen,Website,West,5,Good,Great support,Positive,3,N,Deepa,Medium
FB187,C1193,13/03/2025,Grocery,Beverage,Website,East,4,Good,Great support,Positive,13,N,Alice,High
FB188,C1155,2025/06/09,Electronics,Laptop,Email, south ,4,Review,Fast delivery,Positive,1,YES,Bob,Low
FB189,C1095,05-05-2025,Home,Furniture,Website,South,5,,Fast delivery,Positive,11,Yes,Chris, high
FB190,C1019,17/01/2026,Fashion,Women,Social Media,East,5,Good,Fast delivery,Positive,4,Yes,Esha, high
FB191,C1216,11-02-2025,Grocery,Food,Website,South,1,Average,,Negative,9,YES,Bob,Low
FB192,C1293,10-01-2025,Fashion,Men,Survey, south ,1,Good,  late delivery!!! ,Negative,13,N,Bob,Low
FB193,C1081,28/02/2025,Fashion,Men,Email,South,3,,nothing special,Neutral,13,Yes,Deepa,Low
FB194,C1156,2025/08/20,Grocery,Food,Survey,West,5,Bad,Great support,Positive,6,N,Chris,Medium
FB195,C1291,24/07/2025,Home,Furniture,website,South,3,Review,acceptable,Neutral,8,Y,Bob, high
FB196,C1171,24-07-2025,Fashion,Men,Website,South,2,Good,bad packaging,Negative,5,N,Alice,Low
FB197,C1252,18/06/2025,Fashion,Women,Survey,South,1,Average,bad packaging,Negative,11,YES,Deepa,Medium
FB198,C1134,2025/08/04,Fashion,Women,Survey,South,1,Good,support not helpful,Negative,6,YES,Alice,Medium
FB199,C1197,21/04/2025,Electronics,Laptop,Website,South,3,Good,works fine,Neutral,6,YES,Alice,Medium
FB200,C1092,2025/04/06,Beauty,Hair,Website,West,4,Good,Highly recommend,Positive,14,YES,Alice,Low
FB201,C1003,2025/03/05,Home,Kitchen,Website,East,4,Bad,Loved it,Positive,11,No,Deepa,High
FB202,C1009,2026/02/15,Electronics,Laptop,Website,North,2,Review,support not helpful,Negative,15,YES,Deepa,Medium
FB203,C1023,2025/07/31,Home,Kitchen,Website,South,5,Review,Loved it,Positive,14,no,Bob,Low
FB204,C1013,05-01-2026,Beauty,Hair,Social Media,South,3,Bad,acceptable,Neutral,7,no,Chris, high
FB205,C1054,2025/03/21,Home,Furniture,website,North,1,Good,bad packaging,Negative,5,no,Bob,High
FB206,C1115,2026/03/11,Grocery,Beverage,Email,West,2,Bad,bad packaging,Negative,1,N,Alice, high
FB207,C1191,2025/05/16,home,Kitchen,Social Media,East,3,Good,works fine,Neutral,10,N,Bob,High
FB208,C1043,2025/03/21,Home,Furniture,Survey,West,3,Good,average experience,Neutral,6,Y,Bob,Medium
FB209,C1275,18/01/2025,Beauty,Hair,Mobile App, south ,3,,average experience,Neutral,9,Y,Esha,Low
FB210,C1235,04/07/2025,beauty,Hair,Email,South,1,Average,support not helpful,Negative,13,No,Deepa,Low
FB211,C1214,06-07-2025,Home,Furniture,Survey,West,1,Good,bad packaging,Negative,6,No,Deepa,High
FB212,C1195,16/03/2026,Home,Furniture,Mobile App,West,2,Average,bad packaging,Negative,2,Y,Chris,Low
FB213,C1130,01/05/2026,Beauty,Hair,Website,North,5,Review,  late delivery!!! ,Positive,13,Y,Bob,Medium
FB214,C1100,16-04-2025,Electronics,Laptop,Survey, south ,5,Good,Highly recommend,Positive,4,YES,Esha,Low
FB215,C1189,10-04-2025,Electronics,Mobile,Email, south ,4,Bad,Excellent product,Positive,4,Y,Chris, high
FB216,C1127,2025/08/02,Fashion,Men,Survey, south ,3,Bad,average experience,Neutral,6,YES,Bob, high
FB217,C1220,28/03/2026,Grocery,Beverage,Email,North,4,Good,Great support,Positive,4,No,Chris,Low
FB218,C1175,14-02-2025,Beauty,Hair,Social Media,West,3,Good,acceptable,Neutral,4,Yes,Esha,High
FB219,C1086,10/01/2026,Beauty,Hair,Website,South,5,Review,Great support,Positive,13,N,Esha,High
FB220,C1052,07/01/2026,Home,Furniture,Email,South,1,Review,poor quality,Negative,3,no,Chris, high
FB221,C1071,11-01-2025,Fashion,Men,Email,West,2,Good,bad packaging,Negative,12,No,Alice,Medium
FB222,C1234,2026/05/02,Beauty,Hair,Survey, south ,4,Average,,Positive,11,N,Bob,Medium
FB223,C1035,13/01/2025,Home,Kitchen,Social Media,East,5,Bad,Loved it,Positive,11,Y,Chris,Low
FB224,C1086,2025/11/01,Electronics,Laptop,website,North,2,Good,support not helpful,Negative,4,Y,Esha,Low
FB225,C1233,31-03-2025,Beauty,Skin,Survey,South,4,Good,Highly recommend,Positive,11,YES,Bob,High
FB226,C1067,22/11/2025,Fashion,Men,website,East,4,Bad,Excellent product,Positive,6,No,Esha,High
FB227,C1111,30/10/2025,Fashion,Men,Website, south ,1,Average,poor quality,Negative,10,No,Chris,High
FB228,C1120,04-02-2025,Grocery,Beverage,Email, south ,2,Average,late delivery,Negative,11,No,Alice,High
FB229,C1237,2025/12/29,Fashion,Men,Website,West,2,Bad,app crash,Negative,13,Y,Chris,Medium
FB230,C1194,21-03-2025,Electronics,Laptop,Email,South,3,Bad,works fine,Neutral,11,no,Alice, high
FB231,C1188,2025/10/09,Electronics,Mobile,Email,South,2,Bad,app crash,Negative,8,no,Chris,Medium
FB232,C1179,2025/03/02,Grocery,Beverage,Social Media,East,3,Bad,okay product,Neutral,7,Yes,Bob,High
FB233,C1201,32-13-2025,Beauty,Skin,website, south ,2,Good,late delivery,Negative,3,No,Deepa,Medium
FB234,C1246,06/01/2026,Grocery,Beverage,website,West,1,,bad packaging,Negative,4,N,Esha,Medium
FB235,C1219,2026/03/08,Beauty,Hair,Website,South,3,Review,nothing special,Neutral,12,No,Esha,Low
FB236,C1109,03-06-2025,Grocery,Beverage,Mobile App,East,1,Average,app crash,Negative,9,Y,Chris,Low
FB237,C1228,2025/02/02,Fashion,Women,Survey, south ,5,Good,Highly recommend,Positive,6,YES,Bob,High
FB238,C1191,12-01-2026,Electronics,Laptop,website,South,5,Average,Loved it,Positive,6,N,Chris,Low
FB239,C1058,13-01-2025,Beauty,Skin,Email,South,5,Bad,Fast delivery,Positive,7,N,Esha,Medium
FB240,C1269,07/11/2025,Fashion,Women,Mobile App, south ,3,Bad,average experience,Neutral,8,N,Deepa,Medium
FB241,C1184,29/03/2026,Home,Furniture,Social Media,North,2,Bad,bad packaging,Negative,11,No,Deepa,High
FB242,C1290,2025/10/14,Fashion,Men,website,East,2,Good,poor quality,Negative,13,YES,Deepa,Low
FB243,C1049,31/12/2025,Home,Furniture,website, south ,5,Review,Highly recommend,Positive,11,no,Bob,High
FB244,C1099,2025/01/16,Fashion,Women,Survey,East,1,,support not helpful,Negative,8,YES,Esha,Medium
FB245,C1049,11-06-2025,Home,Kitchen,Mobile App,East,3,Bad,average experience,Neutral,7,N,Alice,High
FB246,C1016,30/11/2025,Grocery,Food,Email,West,3,,,Neutral,12,N,Alice, high
FB247,C1201,24/01/2025,Beauty,Hair,Website,South,5,Average,Excellent product,Positive,5,N,Bob,High
FB248,C1107,22/03/2026,Beauty,Skin,Email,North,3,,nothing special,Neutral,3,No,Chris,Low
FB249,C1133,22-08-2025,Grocery,Beverage,Website,North,3,Bad,average experience,Neutral,3,YES,Deepa,Low
FB250,C1244,21-05-2025,Electronics,Mobile,website,West,4,Good,Loved it,Positive,4,no,Deepa,Medium
FB251,C1221,2025/10/09,Beauty,Skin,Survey,West,1,Bad,support not helpful,Negative,5,Yes,Bob,High
FB252,C1202,2025/12/28,Beauty,Hair,Mobile App,West,5,Bad,Highly recommend,Positive,11,Yes,Alice,Medium
FB253,C1255,29/07/2025,Grocery,Food,website,South,2,Bad,  poor quality!!! ,Negative,3,No,Deepa,Low
FB254,C1207,2025/05/27,Grocery,Food,Mobile App,South,4,Bad,Loved it,Positive,6,Y,Alice,High
FB255,C1121,15/04/2025,Electronics,Mobile,Social Media, south ,4,Average,Great support,Positive,9,Yes,Esha, high
FB256,C1003,24/02/2025,Electronics,Mobile,Social Media,West,3,Average,,Neutral,14,Y,Bob, high
FB257,C1033,07/09/2025,Electronics,Laptop,Survey,East,5,Good,Excellent product,Positive,12,No,Deepa,Low
FB258,C1300,19-10-2025,Home,Kitchen,Email,West,5,Bad,Great support,Positive,12,No,Chris,Medium
FB259,C1149,08/01/2025,Electronics,Mobile,Social Media,South,4,Bad,Highly recommend,Positive,15,No,Alice, high
FB260,C1109,2026/05/02,Electronics,Mobile,Mobile App, south ,2,Bad,app crash,Negative,11,N,Chris,Medium
FB261,C1266,20/03/2025,Beauty,Skin,website, south ,1,Average,support not helpful,Negative,13,Y,Esha,Medium
FB262,C1194,01/04/2026,Fashion,Men,website,West,1,Review,late delivery,Negative,7,No,Esha, high
FB263,C1097,04/03/2025,Home,Kitchen,website,West,2,,support not helpful,Negative,1,no,Esha, high
FB264,C1051,2025/04/22,Fashion,Women,Survey, south ,3,Bad,nothing special,Neutral,8,N,Deepa, high
FB265,C1288,13/03/2025,Fashion,Men,Survey,West,2,Average,late delivery,Negative,10,N,Esha,High
FB266,C1266,23/01/2026,Fashion,Women,Website,West,2,Average,,Negative,6,Yes,Alice,Low
FB267,C1249,02/09/2025,Grocery,Food,Email, south ,1,,support not helpful,Negative,1,YES,Alice,High
FB268,C1255,10/01/2026,Home,Furniture,Survey,South,4,Good,Highly recommend,Positive,15,Yes,Esha,High
FB269,C1090,25-02-2026,Home,Furniture,website, south ,4,Review,Highly recommend,Positive,5,No,Bob, high
FB270,C1246,06-05-2026,Fashion,Women,Mobile App, south ,2,Bad,poor quality,Negative,1,Y,Esha,High
FB271,C1182,20/02/2025,Fashion,Women,website, south ,1,Bad,support not helpful,Negative,14,N,Bob,High
FB272,C1099,2025/02/24,Beauty,Skin,website,West,2,Good,app crash,Negative,15,N,Alice,High
FB273,C1196,24-02-2026,Fashion,Women,Survey,North,3,,acceptable,Neutral,4,No,Bob, high
FB274,C1176,2026/02/13,Beauty,Hair,Survey,East,5,Bad,Great support,Positive,6,N,Chris,High
FB275,C1072,04/02/2025,Grocery,Food,Social Media,West,3,Review,average experience,Neutral,6,No,Alice,High
FB276,C1298,24-07-2025,Home,Furniture,Social Media,North,5,,Loved it,Positive,5,N,Alice,High
FB277,C1091,02/04/2025,Grocery,Food,website, south ,5,Review,Fast delivery,Positive,7,Y,Chris,Medium
FB278,C1026,17-01-2025,Beauty,Hair,Email,West,5,Bad,Fast delivery,Positive,6,No,Esha,High
FB279,C1240,27-04-2026,Home,Kitchen,website,East,5,,Highly recommend,Positive,15,No,Bob,Low
FB280,C1076,04-10-2025,Electronics,Laptop,website, south ,5,Bad,,Positive,13,no,Alice, high
FB281,C1221,05/01/2026,Electronics,Laptop,Email,East,4,Bad,Great support,Positive,11,Y,Bob,Medium
FB282,C1192,21/04/2025,Fashion,Men,Social Media,North,3,Good,acceptable,Neutral,8,Y,Alice,Medium
FB283,C1008,2026/05/07,Fashion,Men,Email, south ,4,Review,,Positive,5,Yes,Esha,High
FB284,C1099,11/10/2025,Home,Furniture,Survey, south ,3,Average,okay product,Neutral,10,N,Bob,High
FB285,C1105,2025/08/09,Home,Furniture,website,South,3,Good,,Neutral,10,YES,Alice, high
FB286,C1269,21-09-2025,Electronics,Laptop,Social Media,North,1,Good,support not helpful,Negative,5,N,Bob,High
FB287,C1153,01-04-2025,Fashion,Women,Survey, south ,3,Bad,acceptable,Neutral,2,No,Esha,Medium
FB288,C1142,2025/09/22,Grocery,Beverage,Social Media, south ,4,Bad,Excellent product,Positive,3,Y,Esha,Low
FB289,C1204,20-01-2026,Beauty,Skin,Social Media, south ,1,Average,late delivery,Negative,14,Y,Alice,Low
FB290,C1158,02-04-2026,Beauty,Skin,Survey,East,4,Review,,Positive,11,Y,Esha,High
FB291,C1061,2025/04/23,Beauty,Hair,Survey,East,4,Bad,Excellent product,Positive,7,Y,Alice,Medium
FB292,C1269,26-04-2026,Electronics,Mobile,Website,South,3,Good,okay product,Neutral,4,No,Alice,High
FB293,C1139,15-05-2025,Fashion,Men,Email,West,1,Average,bad packaging,Negative,2,Yes,Chris, high
FB294,C1082,21/03/2025,Grocery,Food,Email,South,1,Review,,Negative,8,Y,Esha, high
FB295,C1241,06-04-2026,Fashion,Women,website,North,2,,support not helpful,Negative,10,No,Esha,Low
FB296,C1095,04/05/2026,Beauty,Hair,Mobile App,East,3,,works fine,Neutral,7,No,Alice,Medium
FB297,C1219,22/02/2025,Grocery,Beverage,Social Media,West,1,,app crash,Negative,14,No,Bob,Medium
FB298,C1275,24-11-2025,Grocery,Food,Survey,West,5,Bad,Highly recommend,Positive,15,no,Chris,Low
FB299,C1114,31-07-2025,Grocery,Beverage,Website, south ,4,Review,  Excellent product!!! ,Positive,13,N,Esha,Medium
FB300,C1235,05/11/2025,Grocery,Beverage,Email,North,3,Average,nothing special,Neutral,13,no,Deepa, high
FB301,C1085,2025/02/17,Electronics,Laptop,website,North,1,Review,app crash,Negative,7,No,Alice,Medium
FB302,C1260,12/01/2025,Home,Furniture,Social Media, south ,2,Review,,Negative,3,no,Deepa, high
FB303,C1035,08-02-2025,Beauty,Skin,Social Media,North,5,Good,Great support,Positive,10,no,Bob,Low
FB304,C1055,21/01/2025,Beauty,Hair,Survey,South,4,Bad,Excellent product,Positive,8,No,Esha,Medium
FB305,C1179,15/10/2025,Home,Furniture,website,South,4,Bad,Excellent product,Positive,2,Y,Alice,High
FB306,C1210,05-07-2025,Fashion,Women,Mobile App,East,5,Bad,Loved it,Positive,7,Y,Alice,High
FB307,C1091,20-08-2025,Electronics,Mobile,Social Media,South,4,Good,Fast delivery,Positive,13,no,Bob,High
FB308,C1259,25/01/2025,Beauty,Skin,website,North,3,,  acceptable!!! ,Neutral,13,N,Chris,High
FB309,C1253,26/04/2025,Fashion,Men,Survey,North,2,Average,support not helpful,Negative,9,No,Deepa, high
FB310,C1097,14-02-2025,Beauty,Skin,Email,North,1,Good,late delivery,Negative,9,no,Chris,Medium
FB311,C1211,22/11/2025,Electronics,Laptop,Website,East,2,Review,app crash,Negative,1,Y,Bob,Medium
FB312,C1232,14-04-2025,grocery,Beverage,Mobile App,South,4,Bad,Highly recommend,Positive,12,N,Bob,High
FB313,C1034,2025/06/04,Home,Kitchen,Social Media,South,1,Good,bad packaging,Negative,14,no,Chris, high
FB314,C1015,02/07/2025,beauty,Hair,Social Media,West,2,Average,bad packaging,Negative,4,YES,Deepa,Low
FB315,C1158,2025/05/13,Beauty,Skin,website,North,5,Average,Loved it,positive,5,YES,Bob, high
FB316,C1219,01/09/2025,Home,Kitchen,website, south ,1,Bad,app crash,Negative,8,Yes,Chris, high
FB317,C1210,2026/02/12,Electronics,Mobile,Survey,East,2,,support not helpful,Negative,2,no,Bob, high
FB318,C1225,04/02/2026,Electronics,Laptop,website,South,4,Good,Fast delivery,Positive,3,YES,Alice,High
FB319,C1164,01-06-2025,Beauty,Skin,Website, south ,4,Review,Loved it,Positive,12,N,Alice,Low
FB320,C1067,24/04/2025,Beauty,Hair,Website,South,4,Good,Great support,Positive,8,Yes,Chris,Medium
FB321,C1072,12-10-2025,Grocery,Food,Website,North,1,,app crash,Negative,4,no,Bob,Medium
FB322,C1011,21/02/2025,Beauty,Skin,Website,West,4,Average,Loved it,Positive,7,YES,Bob,Medium
FB323,C1253,01-07-2025,Fashion,Women,Mobile App,South,4,,Excellent product,Positive,3,Yes,Esha,Low
FB324,C1268,18-01-2026,Fashion,Men,website,West,3,,nothing special,Neutral,8,Yes,Chris, high
FB325,C1245,21/10/2025,Fashion,Men,Mobile App, south ,4,Good,Fast delivery,Positive,6,Y,Alice,Medium
FB326,C1013,2025/12/01,Grocery,Food,Survey, south ,2,Average,poor quality,Negative,5,N,Bob,Medium
FB327,C1272,2025/07/07,Home,Kitchen,Survey,East,5,Review,Loved it,Positive,2,YES,Chris, high
FB328,C1119,2025/10/18,Grocery,Beverage,Social Media,West,5,Bad,Fast delivery,Positive,5,Yes,Esha, high
FB329,C1042,2025/05/26,Beauty,Hair,Social Media, south ,5,Average,Great support,Positive,5,Yes,Alice,High
FB330,C1067,2026/05/12,home,Furniture,Website, south ,2,Review,app crash,Negative,10,Y,Alice,Medium
FB331,C1214,2025/10/23,Home,Furniture,Mobile App,North,2,Good,poor quality,Negative,1,No,Chris,High
FB332,C1227,2025/08/20,grocery,Beverage,Mobile App,East,1,,poor quality,Negative,11,N,Alice, high
FB333,C1142,2025/07/13,Grocery,Food,Survey,North,4,,Loved it,Positive,6,No,Bob,Low
FB334,C1214,18/10/2025,Electronics,Laptop,Website,North,2,Bad,app crash,Negative,10,Yes,Deepa, high
FB335,C1021,26-12-2025,Electronics,Laptop,Survey,North,2,Average,app crash,Negative,1,YES,Alice,High
FB336,C1228,20-02-2025,Electronics,Mobile,Social Media,West,5,Review,Loved it,Positive,7,No,Esha,Medium
FB337,C1175,10/02/2026,Grocery,Food,Survey,East,5,Bad,Great support,Positive,11,YES,Deepa, high
FB338,C1074,28/01/2025,Home,Kitchen,website, south ,4,,Fast delivery,Positive,12,no,Alice,High
FB339,C1077,02-02-2026,Fashion,Women,Mobile App,West,3,Bad,okay product,Neutral,11,Yes,Alice,High
FB340,C1261,08/06/2025,Electronics,Mobile,Website,East,5,,Excellent product,Positive,11,Yes,Esha, high
FB341,C1020,2025/10/18,Grocery,Beverage,Survey,South,1,Average,bad packaging,Negative,2,N,Deepa, high
FB342,C1299,18-01-2026,Grocery,Food,Website,West,1,,app crash,Negative,2,no,Deepa,Medium
FB343,C1230,25-01-2026,Electronics,Mobile,website,West,4,,Excellent product,Positive,3,no,Deepa, high
FB344,C1154,2025/09/02,Beauty,Hair,Website,North,3,Review,  okay product!!! ,Neutral,13,No,Chris,Low
FB345,C1139,25/07/2025,Grocery,Beverage,Email, south ,3,,,Neutral,11,No,Bob,High
FB346,C1146,2025/04/04,Electronics,Mobile,website,North,4,Good,Highly recommend,Positive,2,YES,Esha,Medium
FB347,C1062,08-03-2025,Electronics,Laptop,Email,North,3,Average,nothing special,Neutral,5,N,Bob,High
FB348,C1272,20/01/2025,fashion,Men,Mobile App, south ,2,Bad,app crash,Negative,8,YES,Deepa,Medium
FB349,C1235,2025/08/14,Grocery,Food,Email,West,3,Good,nothing special,Neutral,2,Y,Alice,Medium
FB350,C1265,2026/01/18,Grocery,Food,Social Media,East,4,Bad,Highly recommend,Positive,15,No,Alice,Low
FB351,C1109,2025/12/24,Fashion,Men,Survey,West,3,Review,nothing special,Neutral,1,No,Esha,Low
FB352,C1273,03/03/2025,Home,Furniture,Mobile App, south ,3,Good,acceptable,Neutral,11,Y,Chris,High
FB353,C1069,2025/01/11,Fashion,Men,Mobile App, south ,5,Average,Excellent product,Positive,3,No,Esha,Medium
FB354,C1241,01-08-2025,Home,Kitchen,Website,East,4,Good,Loved it,Positive,12,YES,Chris,Low
FB355,C1201,10/05/2025,Beauty,Skin,Social Media,South,3,Good,  late delivery!!! ,Neutral,10,N,Bob, high
FB356,C1029,2025/10/30,Grocery,Food,Survey,East,4,Average,Great support,Positive,5,N,Alice,Medium
FB357,C1055,02/08/2025,Grocery,Food,Social Media,East,1,Review,,Negative,3,N,Esha,High
FB358,C1126,05-03-2025,Grocery,Beverage,Mobile App,North,2,Good,bad packaging,Negative,13,YES,Alice,High
FB359,C1148,15-01-2026,Beauty,Hair,Survey,East,3,Average,average experience,Neutral,13,no,Chris, high
FB360,C1036,15-06-2025,Grocery,Food,website,East,5,,Excellent product,Positive,4,No,Esha,Low
FB361,C1142,2026/03/10,Home,Kitchen,Survey,West,1,Average,,Negative,13,Y,Esha,Low
FB362,C1064,2025/08/20,Home,Kitchen,Mobile App,West,4,Review,,Positive,4,Y,Chris,Low
FB363,C1061,29/11/2025,Grocery,Beverage,Website,South,4,Review,Highly recommend,Positive,10,N,Chris,Low
FB364,C1071,27-03-2025,Home,Kitchen,Website, south ,4,,Highly recommend,Positive,1,N,Chris, high
FB365,C1060,2026/02/28,Grocery,Beverage,Website,East,4,,Fast delivery,Positive,5,no,Bob,Medium
FB366,C1098,21-06-2025,Grocery,Food,Email, south ,4,Review,Great support,Positive,11,YES,Deepa,Medium
FB367,C1111,2026/04/25,Electronics,Laptop,Website, south ,3,,works fine,Neutral,5,No,Chris,Medium
FB368,C1065,14/05/2025,Grocery,Food,Social Media,West,1,Bad,app crash,Negative,7,Yes,Bob,Medium
FB369,C1013,2025/01/21,fashion,Men,website,North,5,Average,Excellent product,Positive,8,N,Deepa,Low
FB370,C1229,07/05/2025,Electronics,Mobile,Mobile App,East,4,Review,Loved it,Positive,2,no,Esha,Low
FB371,C1001,2026/04/01,Home,Furniture,Mobile App,South,2,,bad packaging,Negative,14,Y,Deepa,Low
FB372,C1083,03-01-2026,Beauty,Skin,Social Media,East,3,Bad,works fine,Neutral,15,Y,Chris, high
FB373,C1139,11/08/2025,Beauty,Hair,Social Media,North,1,,bad packaging,negative,14,Y,Bob,Medium
FB374,C1140,13-10-2025,Grocery,Beverage,website,East,5,Good,Fast delivery,Positive,4,N,Esha,Medium
FB375,C1144,05-11-2025,Fashion,Men,Website,South,4,Good,Highly recommend,Positive,2,N,Deepa,Medium
FB376,C1116,30/03/2025,Beauty,Hair,Mobile App,North,2,Good,bad packaging,Negative,15,no,Esha,Medium
FB377,C1240,30/11/2025,Electronics,Mobile,Website,East,4,,Excellent product,Positive,7,N,Bob,High
FB378,C1288,27-02-2026,Beauty,Skin,Email,West,5,Bad,Loved it,Positive,10,Yes,Chris,Low
FB379,C1244,09/05/2025,Home,Furniture,Social Media,North,1,,app crash,negative,15,Yes,Esha,High
FB380,C1142,04-11-2025,Beauty,Skin,Website,North,5,Good,Highly recommend,Positive,2,YES,Alice,Low
FB381,C1292,10-01-2026,Electronics,Laptop,Website,East,5,Review,,Positive,12,no,Deepa,High
FB382,C1042,2026/03/11,Electronics,Mobile,Social Media, south ,5,Review,Highly recommend,Positive,8,no,Esha,Low
FB383,C1113,08-11-2025,Fashion,Men,Survey,North,3,Good,okay product,Neutral,8,YES,Chris, high
FB384,C1202,24/01/2025,Fashion,Women,Social Media,West,5,Review,Loved it,Positive,8,Yes,Bob,Low
FB385,C1255,26/06/2025,Beauty,Skin,Email,East,3,Review,okay product,Neutral,3,Y,Alice,High
FB386,C1216,2025/12/10,Beauty,Skin,Survey,North,1,Review,bad packaging,Negative,11,Yes,Chris,Medium
FB387,C1114,2025/12/05,Home,Kitchen,Email,South,4,Average,Loved it,Positive,12,YES,Bob,High
FB388,C1099,05/05/2025,Beauty,Hair,Social Media,East,1,Bad,bad packaging,Negative,12,Yes,Deepa,High
FB389,C1004,29-07-2025,Home,Furniture,Social Media,North,4,Bad,Highly recommend,Positive,15,No,Deepa,Low
FB390,C1205,32-13-2025,Home,Furniture,Survey, south ,5,,,Positive,1,YES,Bob, high
FB391,C1162,07/04/2026,home,Furniture,Email,West,4,Average,Fast delivery,Positive,6,YES,Esha,Low
FB392,C1203,01/01/2026,Fashion,Men,website,North,4,Bad,Excellent product,Positive,15,N,Deepa,Low
FB393,C1180,29-11-2025,Fashion,Women,Mobile App,East,1,,  support not helpful!!! ,Negative,6,No,Alice,Medium
FB394,C1167,2025/10/13,Beauty,Hair,Social Media,East,4,Average,Great support,Positive,10,YES,Esha,High
FB395,C1003,10/05/2025,Beauty,Skin,Website,South,2,Average,bad packaging,Negative,12,Y,Alice,Low
FB396,C1101,26-02-2026,Beauty,Skin,Survey,East,5,Average,Fast delivery,Positive,6,no,Alice,Low
FB397,C1256,27/11/2025,Beauty,Skin,website,East,1,Average,bad packaging,Negative,6,N,Chris, high
FB398,C1242,23/09/2025,Beauty,Hair,Social Media,East,3,Good,average experience,Neutral,11,No,Chris,Low
FB399,C1066,2025/05/29,Fashion,Men,Social Media,West,1,,late delivery,Negative,15,No,Esha,Medium
FB400,C1120,04/11/2025,Grocery,Beverage,website,North,4,Good,Highly recommend,Positive,14,No,Esha,High
FB401,C1073,2025/01/27,Fashion,Men,Email,North,2,Good,bad packaging,Negative,7,Y,Chris,Medium
FB402,C1139,05/11/2025,Beauty,Hair,website,East,5,Good,Fast delivery,Positive,3,YES,Alice,Low
FB403,C1191,22-03-2025,Electronics,Laptop,Website, south ,2,Bad,support not helpful,negative,11,No,Alice,Medium
FB404,C1118,29-04-2026,Fashion,Men,Mobile App,West,1,Average,support not helpful,Negative,7,No,Bob,Medium
FB405,C1250,25/08/2025,Electronics,Laptop,Social Media,West,4,Bad,,Positive,5,Y,Bob,High
FB406,C1297,12/01/2026,Fashion,Men,Email,West,2,Bad,poor quality,Negative,1,N,Deepa,Medium
FB407,C1128,15/05/2025,Electronics,Mobile,website,North,5,Review,Excellent product,Positive,12,no,Chris,Low
FB408,C1145,05-03-2025,Fashion,Men,Website, south ,4,,Great support,Positive,3,YES,Deepa,Medium
FB409,C1163,21/03/2025,Fashion,Women,Mobile App, south ,2,,  bad packaging!!! ,Negative,6,N,Chris,High
FB410,C1256,31-01-2025,Grocery,Food,Survey,North,4,Review,Excellent product,Positive,10,no,Chris,Low
FB411,C1204,2025/11/22,Home,Kitchen,Mobile App,West,3,Good,average experience,Neutral,6,N,Bob,High
FB412,C1072,2025/01/17,Fashion,Men,Email,North,3,Bad,works fine,Neutral,5,N,Deepa,Medium
FB413,C1261,27-02-2026,Beauty,Hair,Website,East,5,Bad,Excellent product,Positive,15,No,Esha,High
FB414,C1088,27-07-2025,Home,Furniture,Email,East,1,Bad,late delivery,Negative,4,YES,Deepa, high
FB415,C1277,03/02/2025,Electronics,Mobile,Email,North,2,Review,bad packaging,Negative,4,Yes,Bob,Low
FB416,C1293,32-13-2025,Fashion,Men,Social Media, south ,4,Good,Loved it,Positive,10,no,Deepa,High
FB417,C1060,15-03-2025,Fashion,Women,Mobile App,North,4,,Loved it,Positive,3,Yes,Deepa,Medium
FB418,C1296,29/12/2025,Electronics,Mobile,Email,North,1,Bad,late delivery,Negative,8,no,Alice,High
FB419,C1160,13/09/2025,Grocery,Food,Survey, south ,5,Good,,Positive,13,YES,Alice, high
FB420,C1233,08/10/2025,Beauty,Skin,Email,North,4,Bad,Highly recommend,Positive,1,Y,Esha,Low
FB421,C1078,02/11/2025,Fashion,Women,Email,South,2,Average,bad packaging,Negative,12,No,Alice,High
FB422,C1267,08-02-2026,Home,Kitchen,Survey,West,4,,,Positive,9,No,Bob,High
FB423,C1211,08/05/2025,Electronics,Mobile,Survey,West,3,Good,okay product,Neutral,15,no,Deepa, high
FB424,C1120,15/10/2025,Grocery,Beverage,Survey, south ,3,Good,nothing special,Neutral,14,Y,Alice,High
FB425,C1068,2026/03/21,Fashion,Women,Email,West,4,Average,Highly recommend,Positive,7,Yes,Alice,High
FB426,C1055,26/06/2025,Grocery,Food,Email,East,2,Review,bad packaging,Negative,10,N,Bob,High
FB427,C1179,2025/03/21,Beauty,Skin,Survey,South,2,Review,bad packaging,Negative,8,no,Esha,Low
FB428,C1203,2025/02/28,Grocery,Food,website,South,3,Review,nothing special,Neutral,13,no,Esha,Low
FB429,C1175,2026/02/04,Fashion,Women,Mobile App, south ,1,Review,late delivery,Negative,2,No,Alice,Medium
FB430,C1176,16-01-2025,Grocery,Food,Website,East,1,Average,app crash,Negative,15,Y,Bob,Low
FB431,C1028,2025/04/15,Beauty,Skin,Website, south ,3,Bad,acceptable,Neutral,1,N,Deepa, high
FB432,C1184,2025/01/06,Fashion,Women,website, south ,5,Bad,,Positive,14,Y,Bob, high
FB433,C1145,18/08/2025,Home,Kitchen,Website,South,1,Good,app crash,Negative,11,YES,Esha,Low
FB434,C1105,12/11/2025,Home,Furniture,Website,South,4,,Excellent product,Positive,10,Yes,Chris,Low
FB435,C1141,28/11/2025,Fashion,Women,Social Media,East,2,Good,support not helpful,Negative,8,No,Bob, high
FB436,C1042,11/12/2025,Electronics,Laptop,website,South,1,Review,  late delivery!!! ,Negative,11,Y,Deepa,Low
FB437,C1054,04-03-2026,Beauty,Skin,Email,North,3,Review,nothing special,Neutral,6,N,Deepa,High
FB438,C1122,2026/01/23,Fashion,Men,Email,West,2,Bad,poor quality,Negative,3,Y,Chris, high
FB439,C1300,2025/06/19,Fashion,Women,website, south ,4,Bad,Loved it,Positive,12,No,Esha,High
FB440,C1127,31/10/2025,Home,Kitchen,Website,North,4,Review,,Positive,6,No,Esha,High
FB441,C1183,06-05-2025,Electronics,Mobile,website,North,4,Review,Highly recommend,Positive,8,no,Esha,Medium
FB442,C1019,23/01/2026,Fashion,Women,Mobile App, south ,4,Review,Great support,Positive,5,No,Bob,Medium
FB443,C1135,2025/07/17,Home,Kitchen,Email, south ,1,,bad packaging,Negative,7,Yes,Chris,Medium
FB444,C1075,2025/10/14,Fashion,Men,website,North,4,,Loved it,Positive,6,No,Esha,Medium
FB445,C1070,2025/11/19,Fashion,Women,Website,South,1,Review,support not helpful,Negative,11,No,Bob,Medium
FB446,C1061,30/01/2025,Grocery,Food,Website,South,4,Good,Fast delivery,Positive,1,no,Deepa,Medium
FB447,C1165,14/04/2025,Fashion,Women,Social Media,North,1,Good,app crash,Negative,3,N,Esha,High
FB448,C1196,02-04-2026,Beauty,Skin,Mobile App, south ,1,Review,bad packaging,Negative,11,No,Esha, high
FB449,C1049,2025/07/30,Grocery,Beverage,Survey,East,2,Good,app crash,Negative,7,Y,Bob, high
FB450,C1039,05/01/2025,Fashion,Women,website,North,2,Average,poor quality,Negative,6,No,Bob,Low
FB451,C1283,25/04/2026,Beauty,Skin,Social Media,South,4,Good,Great support,Positive,15,Yes,Bob, high
FB452,C1129,2025/01/20,grocery,Beverage,Website,East,3,Average,works fine,Neutral,4,no,Esha, high
FB453,C1281,2025/06/14,Beauty,Hair,Website,West,3,Average,works fine,Neutral,6,Yes,Esha,Low
FB454,C1290,26-03-2026,Beauty,Hair,Website,North,3,,,Neutral,14,Y,Chris,High
FB455,C1095,01/11/2025,Home,Kitchen,Social Media,South,4,Average,Highly recommend,Positive,1,YES,Bob,Low
FB456,C1123,08/04/2025,home,Furniture,website,East,4,Review,Great support,Positive,11,No,Deepa,Medium
FB457,C1260,2025/03/08,Grocery,Food,Mobile App,North,2,Review,bad packaging,Negative,6,Yes,Alice,High
FB458,C1034,04/04/2026,Fashion,Men,Mobile App,West,1,Review,support not helpful,Negative,12,Yes,Esha,Medium
FB459,C1032,23/08/2025,Beauty,Skin,Survey,West,3,,average experience,Neutral,13,Yes,Bob, high
FB460,C1113,07-03-2026,Fashion,Men,Email,East,1,Review,,Negative,7,Y,Bob,Medium
FB461,C1289,11-04-2025,Beauty,Skin,website,South,1,Bad,bad packaging,Negative,8,Yes,Chris,High
FB462,C1134,03-04-2026,Electronics,Laptop,Website,West,4,Average,Excellent product,Positive,13,YES,Chris,Medium
FB463,C1231,14-07-2025,Home,Kitchen,Email,South,3,Good,okay product,Neutral,14,No,Alice,High
FB464,C1041,32-13-2025,Electronics,Laptop,Email,South,2,Review,app crash,Negative,2,No,Deepa,Medium
FB465,C1299,14/02/2026,Beauty,Skin,Mobile App,West,4,Review,Highly recommend,Positive,15,Yes,Bob, high
FB466,C1103,2025/08/17,Home,Kitchen,Mobile App,North,3,Good,acceptable,Neutral,12,Yes,Deepa,High
FB467,C1238,04/02/2025,Beauty,Hair,Website,South,4,Review,Great support,Positive,15,Yes,Chris,Low
FB468,C1255,02/05/2026,Electronics,Mobile,Survey,East,4,Good,Fast delivery,Positive,8,Yes,Bob,Medium
FB469,C1299,27/12/2025,Grocery,Food,Website, south ,4,,,Positive,4,No,Alice, high
FB470,C1279,23-11-2025,home,Furniture,Survey,East,5,Review,Highly recommend,Positive,4,YES,Bob,Medium
FB471,C1270,01/02/2025,Electronics,Mobile,Website,South,5,Review,Highly recommend,Positive,5,Y,Esha,Low
FB472,C1054,2025/03/06,Grocery,Beverage,Mobile App,East,4,,Great support,Positive,2,N,Deepa,Low
FB473,C1219,13/05/2026,Electronics,Laptop,Survey,North,5,Average,Excellent product,Positive,11,Yes,Esha,Medium
FB474,C1076,2025/02/26,Beauty,Hair,Survey,East,2,Average,app crash,Negative,1,YES,Esha,High
FB475,C1243,11-02-2025,Beauty,Skin,Mobile App,South,1,Good,late delivery,Negative,4,YES,Esha,Medium
FB476,C1116,2025/07/29,Fashion,Men,Survey,North,5,Good,Highly recommend,Positive,15,Y,Esha, high
FB477,C1029,11-02-2026,Home,Furniture,website,West,2,Bad,,Negative,11,No,Esha,Medium
FB478,C1175,32-13-2025,Beauty,Skin,Mobile App,South,2,Average,support not helpful,Negative,15,no,Bob,High
FB479,C1144,2025/08/24,Electronics,Laptop,Email,South,2,,support not helpful,negative,15,Yes,Chris, high
FB480,C1236,06/06/2025,Fashion,Men,Email,East,4,Bad,  Fast delivery!!! ,Positive,13,Y,Esha,Medium
FB481,C1297,14/04/2025,Fashion,Men,Social Media, south ,2,Review,app crash,Negative,3,Y,Deepa,Low
FB482,C1152,2025/06/10,Electronics,Laptop,website,West,3,Average,average experience,Neutral,4,no,Chris,High
FB483,C1193,21-06-2025,Fashion,Men,Mobile App,South,4,Review,Great support,Positive,14,Y,Alice,High
FB484,C1060,01/09/2025,Fashion,Women,website,North,3,,,Neutral,10,N,Chris,Low
FB485,C1092,2025/10/14,home,Furniture,Email,West,1,Review,app crash,Negative,11,No,Chris,Medium
FB486,C1119,32-13-2025,Grocery,Beverage,Mobile App,North,5,Bad,Excellent product,Positive,14,Yes,Esha,High
FB487,C1287,2025/10/20,grocery,Food,Mobile App,South,1,,,Negative,5,Y,Chris,High
FB488,C1268,14-09-2025,Grocery,Food,Email,East,3,Average,works fine,Neutral,1,No,Chris,Low
FB489,C1023,2026/03/18,Electronics,Laptop,Website, south ,3,Average,okay product,Neutral,12,No,Chris,Low
FB490,C1079,2026/04/17,Grocery,Food,Survey,East,1,Average,bad packaging,Negative,14,Y,Bob,Low
FB491,C1209,2026/03/06,Beauty,Skin,Email,West,5,Bad,Excellent product,Positive,11,Yes,Alice, high
FB492,C1015,28/01/2025,Beauty,Skin,Mobile App,West,4,Good,Fast delivery,Positive,6,No,Esha,High
FB493,C1181,21/02/2026,Home,Kitchen,Email,North,4,Review,Excellent product,Positive,11,N,Bob,Medium
FB494,C1107,2026/01/28,Home,Kitchen,Social Media,South,2,Bad,poor quality,Negative,7,no,Chris, high
FB495,C1124,28/01/2025,Fashion,Men,Survey,South,1,,support not helpful,Negative,3,No,Alice,Low
FB496,C1240,31/12/2025,Fashion,Men,website,South,4,,Loved it,Positive,11,Y,Deepa, high
FB497,C1089,28-08-2025,Fashion,Men,Mobile App, south ,4,Bad,Highly recommend,Positive,3,No,Alice, high
FB498,C1119,2026/04/11,Grocery,Food,Social Media, south ,2,Review,poor quality,Negative,3,N,Alice,Medium
FB499,C1075,01-05-2026,Electronics,Mobile,Website,South,2,Average,app crash,Negative,3,no,Chris,Medium
FB500,C1230,03/10/2025,Grocery,Food,Survey, south ,2,Bad,,Negative,14,no,Chris, high
FB501,C1178,10-11-2025,Fashion,Men,Survey,East,3,Review,nothing special,Neutral,10,Yes,Chris, high
FB502,C1211,24/10/2025,Home,Furniture,Mobile App,West,4,Good,Highly recommend,Positive,3,YES,Deepa,High
FB503,C1148,26-02-2025,Home,Kitchen,Social Media,South,5,Bad,Excellent product,Positive,12,No,Deepa, high
FB504,C1053,30-11-2025,Grocery,Beverage,Website, south ,1,,app crash,Negative,12,N,Chris,Low
FB505,C1048,14/09/2025,Grocery,Food,Mobile App,East,3,Bad,  nothing special!!! ,Neutral,14,Yes,Bob,Medium
FB506,C1109,2025/03/05,Beauty,Skin,Email,West,4,Bad,Loved it,positive,8,no,Deepa,Medium
FB507,C1048,2025/04/22,Beauty,Hair,Mobile App,North,2,Review,app crash,Negative,3,Y,Chris, high
FB508,C1081,28/01/2025,Beauty,Hair,website,East,4,,Highly recommend,Positive,5,Y,Deepa,Medium
FB509,C1222,2025/11/05,Fashion,Women,Survey,West,5,Review,Great support,Positive,2,YES,Chris, high
FB510,C1062,32-13-2025,Home,Kitchen,website,West,2,Good,poor quality,negative,4,no,Chris,Medium
FB511,C1184,2025/01/06,Home,Kitchen,Social Media,South,3,Average,okay product,Neutral,9,no,Alice,Low
FB512,C1078,17/03/2025,Fashion,Men,Survey,West,3,Good,average experience,Neutral,11,no,Deepa,Medium
FB513,C1296,2025/08/10,Grocery,Food,website,North,2,,support not helpful,Negative,2,No,Alice,High
FB514,C1060,08/05/2025,Grocery,Beverage,Website,West,2,Average,app crash,Negative,11,Yes,Bob, high
FB515,C1053,10/08/2025,Beauty,Hair,Mobile App,South,4,,Loved it,Positive,11,no,Deepa, high
FB516,C1198,22/05/2025,Beauty,Hair,Mobile App,East,5,Average,  Highly recommend!!! ,Positive,12,No,Esha,Low
FB517,C1066,25/06/2025,Home,Furniture,Survey,East,3,Review,,Neutral,10,Y,Chris,Low
FB518,C1138,32-13-2025,Beauty,Hair,Social Media, south ,5,Average,Fast delivery,Positive,5,YES,Alice, high
FB519,C1063,05/11/2025,Home,Kitchen,website,South,3,Good,average experience,Neutral,4,No,Chris,High
FB520,C1058,2025/10/13,Beauty,Skin,Mobile App, south ,4,Average,Great support,positive,7,no,Alice,Medium
FB521,C1228,2026/03/27,Grocery,Beverage,Website,West,2,Review,  support not helpful!!! ,Negative,4,N,Bob,Medium
FB522,C1172,2025/01/31,Electronics,Laptop,Mobile App,South,3,Bad,works fine,Neutral,13,No,Bob,Low
FB523,C1200,22-03-2025,Grocery,Food,Website, south ,1,Average,bad packaging,Negative,6,no,Deepa, high
FB524,C1075,21-03-2026,Beauty,Hair,Mobile App,West,1,Average,late delivery,Negative,13,Yes,Alice, high
FB525,C1282,2025/11/28,Fashion,Men,Mobile App,North,2,Average,bad packaging,Negative,2,no,Bob,Low
FB526,C1010,05-03-2026,Home,Kitchen,Survey,North,5,Good,Great support,Positive,8,No,Deepa,Medium
FB527,C1266,25-02-2026,Electronics,Laptop,website,North,4,Good,Highly recommend,Positive,15,N,Esha,High
FB528,C1194,08-04-2025,Beauty,Hair,Email,West,1,,  late delivery!!! ,Negative,5,no,Chris,High
FB529,C1019,02/05/2026,Home,Kitchen,Email,South,3,Review,average experience,Neutral,3,Yes,Deepa,Low
FB530,C1140,2025/03/13,Electronics,Mobile,Email,North,4,Review,Loved it,positive,8,YES,Deepa,Low
FB531,C1031,21/05/2025,home,Kitchen,Email,West,5,Bad,Loved it,Positive,14,N,Alice,High
FB532,C1164,2025/12/18,Grocery,Food,Website,East,1,Average,poor quality,Negative,6,N,Alice,Medium
FB533,C1026,2025/01/04,Beauty,Hair,Mobile App, south ,2,Review,  app crash!!! ,Negative,13,Yes,Chris, high
FB534,C1042,08/05/2026,Electronics,Mobile,Social Media,East,1,Good,late delivery,Negative,5,no,Alice,High
FB535,C1229,03-09-2025,Electronics,Mobile,Social Media, south ,3,Review,average experience,Neutral,5,Y,Bob,Medium
FB536,C1129,2025/05/13,Fashion,Men,Social Media, south ,1,Bad,bad packaging,Negative,14,N,Esha,High
FB537,C1040,2025/12/05,Electronics,Mobile,Survey,North,2,Bad,app crash,Negative,13,no,Deepa,Low
FB538,C1205,28-05-2025,Grocery,Food,Social Media,North,2,,support not helpful,Negative,10,N,Esha,High
FB539,C1202,11/07/2025,Beauty,Skin,Website,South,2,Review,support not helpful,Negative,10,Y,Bob,Low
FB540,C1025,2025/01/01,Electronics,Mobile,Social Media,East,1,Average,app crash,Negative,13,N,Alice,Low
FB541,C1216,2025/11/30,Grocery,Food,Website,East,4,Good,,Positive,15,Y,Bob,High
FB542,C1149,23/07/2025,Beauty,Hair,website,East,5,,Loved it,Positive,9,No,Deepa,Low
FB543,C1161,27-03-2025,Electronics,Laptop,Survey,South,4,,Highly recommend,Positive,3,Yes,Chris,Low
FB544,C1208,27-06-2025,Electronics,Laptop,Website, south ,3,,okay product,Neutral,15,no,Esha,Low
FB545,C1089,03-03-2025,Fashion,Men,Email,South,2,Good,poor quality,Negative,1,Y,Esha,High
FB546,C1235,15-07-2025,Beauty,Skin,Email,South,2,Bad,poor quality,Negative,11,N,Alice,Medium
FB547,C1237,24-01-2026,Fashion,Men,website,East,1,Bad,bad packaging,Negative,11,no,Esha, high
FB548,C1020,2025/04/09,Fashion,Women,Email,West,5,Average,Loved it,Positive,9,YES,Bob, high
FB549,C1256,32-13-2025,Electronics,Mobile,Email,East,4,Average,Excellent product,Positive,11,YES,Deepa,Medium
FB550,C1129,30-03-2025,Fashion,Men,Survey,South,4,Review,Excellent product,Positive,8,Y,Chris,High
FB551,C1121,2025/02/14,Fashion,Women,Mobile App,South,4,,Excellent product,Positive,1,YES,Alice, high
FB552,C1158,03/08/2025,Home,Kitchen,Mobile App, south ,4,,Highly recommend,Positive,7,YES,Chris,Medium
FB553,C1174,19/09/2025,Home,Furniture,Mobile App,East,3,,nothing special,Neutral,1,no,Deepa,Medium
FB554,C1236,24/08/2025,Grocery,Food,Survey,East,2,Bad,poor quality,Negative,14,N,Esha,Medium
FB555,C1096,2025/01/04,Beauty,Hair,Website,South,2,Good,app crash,Negative,4,N,Deepa,Medium
FB556,C1188,32-13-2025,Beauty,Hair,Social Media,East,3,Average,average experience,Neutral,3,Y,Deepa,Medium
FB557,C1284,19-01-2025,Beauty,Hair,Survey, south ,5,Average,Excellent product,Positive,10,Yes,Deepa,Medium
FB558,C1213,28-07-2025,Grocery,Beverage,Website,South,2,Bad,poor quality,Negative,3,no,Esha,Low
FB559,C1046,07/07/2025,Beauty,Hair,Website,East,4,Average,,Positive,11,No,Chris, high
FB560,C1087,21/01/2025,Grocery,Beverage,Email,North,3,Average,acceptable,Neutral,5,N,Esha, high
FB561,C1239,17/02/2026,Grocery,Beverage,Social Media,South,2,Average,,Negative,5,No,Esha,Medium
FB562,C1031,16/04/2026,Grocery,Food,Website, south ,2,Average,app crash,Negative,6,YES,Alice, high
FB563,C1014,24/07/2025,Grocery,Food,website,North,2,Average,late delivery,Negative,5,Y,Esha, high
FB564,C1132,18/01/2025,Home,Furniture,Email,West,1,Good,poor quality,Negative,5,Yes,Alice,Medium
FB565,C1286,25-12-2025,Grocery,Food,Email,North,3,Review,acceptable,Neutral,15,Yes,Chris,Medium
FB566,C1245,23-10-2025,Grocery,Food,Social Media,South,4,Good,Fast delivery,Positive,10,Y,Esha, high
FB567,C1153,32-13-2025,Beauty,Skin,Survey,South,2,Good,app crash,Negative,1,N,Deepa,High
FB568,C1042,06-09-2025,Home,Furniture,website,West,3,Bad,okay product,Neutral,13,no,Chris,Low
FB569,C1051,2025/02/15,Grocery,Beverage,Website,North,1,Review,app crash,Negative,3,No,Esha,Medium
FB570,C1134,2025/11/04,Beauty,Hair,website, south ,3,,nothing special,Neutral,2,YES,Alice,High
FB571,C1154,03-03-2025,Fashion,Women,Survey, south ,2,Good,app crash,Negative,15,No,Chris,Low
FB572,C1126,2025/07/25,Fashion,Men,Social Media,East,4,Average,Fast delivery,Positive,1,No,Deepa, high
FB573,C1265,30-03-2025,Home,Furniture,Mobile App,West,4,Review,Fast delivery,Positive,11,No,Bob,Low
FB574,C1169,32-13-2025,Fashion,Women,website,West,5,Average,,Positive,8,N,Esha,Low
FB575,C1210,2026/05/03,Fashion,Men,Social Media,North,5,Good,Fast delivery,Positive,11,Y,Alice, high
FB576,C1152,2026/03/29,Home,Kitchen,Social Media,South,3,Good,nothing special,Neutral,5,Y,Alice,Medium
FB577,C1184,2026/02/16,Electronics,Laptop,Social Media,East,3,Review,acceptable,Neutral,4,no,Chris, high
FB578,C1081,21/04/2026,Beauty,Skin,Email,South,5,Average,Great support,Positive,9,No,Deepa,High
FB579,C1120,2025/08/25,electronics,Laptop,Social Media, south ,1,,,Negative,13,No,Deepa,Medium
FB580,C1295,02/01/2025,Grocery,Food,Social Media,South,1,Average,poor quality,Negative,3,Y,Deepa,Low
FB581,C1080,05-01-2025,Grocery,Beverage,Mobile App,South,5,Bad,Excellent product,Positive,7,Yes,Chris, high
FB582,C1182,2025/06/07,Fashion,Men,Mobile App, south ,5,Review,Excellent product,Positive,15,Yes,Bob,Medium
FB583,C1281,2026/04/07,Home,Furniture,website, south ,3,Bad,acceptable,Neutral,2,No,Bob,Medium
FB584,C1143,14/04/2026,Electronics,Laptop,Email,North,5,,Loved it,Positive,15,YES,Chris, high
FB585,C1243,2026/05/14,Beauty,Hair,Social Media,North,3,Average,works fine,Neutral,10,YES,Bob,High
FB586,C1044,07-02-2025,Fashion,Men,Social Media,East,2,Good,poor quality,negative,13,YES,Alice,High
FB587,C1031,2026/05/07,Grocery,Food,Email,West,5,Good,Excellent product,Positive,3,YES,Esha,Medium
FB588,C1071,2025/04/09,Fashion,Women,Survey,South,3,Review,acceptable,Neutral,15,no,Chris,Medium
FB589,C1252,2026/04/25,Grocery,Beverage,website,East,1,Bad,late delivery,Negative,12,no,Chris, high
FB590,C1184,18/01/2026,Beauty,Hair,Website,East,3,Bad,works fine,Neutral,6,no,Bob,Medium
FB591,C1073,02-11-2025,Grocery,Food,website,East,4,,Loved it,Positive,7,YES,Bob,High
FB592,C1017,12/10/2025,Fashion,Men,Survey,East,2,Review,support not helpful,Negative,8,Yes,Bob,Medium
FB593,C1282,17-09-2025,Electronics,Laptop,website,North,5,,Highly recommend,Positive,14,YES,Alice,Low
FB594,C1088,18-05-2025,beauty,Hair,Mobile App,East,4,,Fast delivery,Positive,4,YES,Deepa,Medium
FB595,C1228,09/12/2025,Fashion,Women,Email,East,2,Review,support not helpful,Negative,14,N,Alice, high
FB596,C1176,10/11/2025,Grocery,Food,Survey,West,2,Review,poor quality,Negative,1,YES,Alice,High
FB597,C1048,27-02-2025,Fashion,Women,Email,North,5,Review,Excellent product,Positive,15,No,Alice,High
FB598,C1060,2026/01/29,Home,Kitchen,Email,North,2,,late delivery,Negative,6,Y,Chris, high
FB599,C1106,2025/02/07,Grocery,Beverage,Website,South,1,Bad,late delivery,Negative,11,No,Alice,Low
FB600,C1232,15-01-2025,Electronics,Laptop,Survey,North,5,Good,,Positive,11,Y,Deepa,Low
FB601,C1264,13/02/2026,Electronics,Laptop,Survey,South,5,Review,,Positive,13,Y,Esha,High
FB602,C1033,06/05/2026,Grocery,Beverage,website,West,5,Bad,Fast delivery,Positive,15,No,Esha,Medium
FB603,C1192,2025/11/02,Grocery,Food,Survey, south ,3,Good,average experience,Neutral,14,N,Bob,Medium
FB604,C1052,2026/03/09,Fashion,Women,Website,East,2,Bad,poor quality,Negative,2,Yes,Chris,Low
FB605,C1225,13-10-2025,Fashion,Men,Mobile App,South,1,Review,late delivery,Negative,9,N,Deepa,Low
FB606,C1093,2025/03/08,Fashion,Men,Email,South,1,Good,,Negative,4,YES,Esha,Low
FB607,C1198,07-11-2025,Fashion,Women,Website,East,4,,Great support,Positive,1,Yes,Deepa,High
FB608,C1221,2026/03/08,Grocery,Food,Website,West,4,Average,Fast delivery,Positive,8,No,Deepa, high
FB609,C1204,11-02-2026,grocery,Beverage,Social Media,West,4,Good,Great support,Positive,4,No,Chris,High
FB610,C1115,26/09/2025,Fashion,Women,Mobile App, south ,3,Average,acceptable,Neutral,12,Yes,Alice,Low
FB611,C1043,06-04-2026,Beauty,Skin,Survey,North,3,Average,okay product,Neutral,10,Y,Alice,Low
FB612,C1261,10-02-2025,Grocery,Food,Website, south ,2,Good,  support not helpful!!! ,Negative,4,no,Esha,High
FB613,C1025,2025/02/25,Fashion,Women,Email,East,2,Good,app crash,Negative,12,Yes,Alice, high
FB614,C1107,02/09/2025,Grocery,Food,Survey,West,2,Bad,app crash,Negative,7,Y,Bob,Low
FB615,C1198,14/02/2025,Beauty,Hair,Email, south ,2,Average,poor quality,Negative,12,No,Chris,Low
FB616,C1164,05-02-2026,Home,Furniture,Mobile App,North,5,Review,Loved it,Positive,2,no,Bob,High
FB617,C1270,23/01/2025,Beauty,Skin,Email,West,2,Average,  bad packaging!!! ,Negative,1,Y,Esha,High
FB618,C1082,25-05-2025,Electronics,Mobile,Social Media, south ,1,,app crash,Negative,7,N,Chris,High
FB619,C1296,23/01/2025,Fashion,Men,Survey,North,2,Good,support not helpful,Negative,1,no,Alice,High
FB620,C1158,2025/07/14,Beauty,Skin,Website,East,3,Good,okay product,Neutral,2,YES,Esha, high
FB621,C1276,2026/01/07,Home,Kitchen,Website,East,3,Good,nothing special,Neutral,14,Yes,Deepa,Medium
FB622,C1046,2025/02/14,Fashion,Women,Social Media,East,3,,nothing special,Neutral,5,YES,Bob,High
FB623,C1041,2025/07/15,Beauty,Skin,Email, south ,2,,poor quality,Negative,2,N,Bob,High
FB624,C1064,2025/04/05,electronics,Laptop,Social Media,North,2,Review,poor quality,Negative,15,Yes,Bob,Low
FB625,C1209,06-09-2025,Beauty,Skin,Social Media,South,1,Bad,bad packaging,Negative,3,No,Bob,High
FB626,C1137,2025/05/18,beauty,Hair,Website,North,2,Good,poor quality,Negative,2,Yes,Alice,Medium
FB627,C1061,2025/09/06,Grocery,Food,Mobile App,East,1,Bad,app crash,Negative,3,no,Alice, high
FB628,C1249,2025/11/01,Beauty,Hair,Mobile App, south ,4,Good,,Positive,1,no,Alice,High
FB629,C1023,03/04/2025,Electronics,Mobile,Mobile App,West,5,Good,Excellent product,Positive,4,Yes,Bob,High
FB630,C1224,16-01-2026,Home,Furniture,Email,West,3,,works fine,neutral,10,No,Deepa, high
FB631,C1285,24/06/2025,Beauty,Skin,Email,West,2,Bad,support not helpful,Negative,14,Y,Alice,Low
FB632,C1251,04-02-2026,Electronics,Laptop,website,South,5,Bad,Highly recommend,Positive,1,N,Esha,Low
FB633,C1066,2026/03/13,Electronics,Laptop,Email,West,2,Good,app crash,Negative,2,Yes,Bob,Medium
FB634,C1171,2025/06/08,Electronics,Mobile,Social Media,East,4,Average,Highly recommend,Positive,15,YES,Esha,High
FB635,C1101,31/10/2025,Electronics,Laptop,Mobile App,North,5,,Excellent product,Positive,12,N,Deepa,Low
FB636,C1115,21-07-2025,Beauty,Skin,Website,South,3,,average experience,Neutral,2,N,Deepa,Low
FB637,C1157,06-06-2025,Fashion,Women,website,North,3,Good,works fine,Neutral,3,no,Chris,Medium
FB638,C1059,11/01/2026,Beauty,Hair,Mobile App, south ,2,Good,  support not helpful!!! ,negative,4,YES,Deepa,Medium
FB639,C1034,22-12-2025,Electronics,Laptop,Website,South,2,Good,app crash,Negative,5,Y,Esha,Medium
FB640,C1013,06/06/2025,Grocery,Beverage,Social Media,West,3,Bad,average experience,Neutral,6,No,Bob,Medium
FB641,C1212,20/11/2025,Electronics,Mobile,Email,West,3,,average experience,neutral,1,no,Chris,High
FB642,C1279,2025/05/23,Home,Furniture,Social Media,South,5,Review,Excellent product,Positive,9,YES,Chris,Low
FB643,C1264,05/05/2026,Electronics,Laptop,Social Media,East,5,,  Excellent product!!! ,Positive,2,YES,Esha,Medium
FB644,C1230,2026/04/06,Home,Kitchen,Website,South,5,Review,Fast delivery,Positive,4,no,Esha,High
FB645,C1031,2025/02/08,Grocery,Beverage,Survey,West,4,,,Positive,4,Yes,Esha,Medium
FB646,C1298,04-04-2025,fashion,Women,Survey, south ,2,Bad,bad packaging,Negative,11,Yes,Alice,Medium
FB647,C1108,07-05-2025,Beauty,Hair,website,South,3,Bad,,Neutral,6,N,Alice, high
FB648,C1093,18-01-2025,Electronics,Laptop,Website,East,2,,support not helpful,Negative,14,No,Bob,Low
FB649,C1269,16/03/2025,Beauty,Hair,Social Media,East,1,Average,late delivery,Negative,4,Y,Alice,Medium
FB650,C1066,10/02/2026,Fashion,Men,Website,South,4,Good,Excellent product,positive,2,Y,Chris, high
FB651,C1137,2025/09/07,Fashion,Men,website,North,4,Good,Highly recommend,Positive,10,YES,Chris,Low
FB652,C1023,09/12/2025,Fashion,Women,Email,West,5,Review,Excellent product,Positive,1,Y,Deepa,Medium
FB653,C1172,22/10/2025,Fashion,Men,Mobile App,South,4,Bad,Excellent product,Positive,6,N,Bob,Low
FB654,C1103,2025/11/11,Beauty,Skin,Website,East,4,,Great support,Positive,13,no,Chris, high
FB655,C1145,22-12-2025,Grocery,Beverage,Website, south ,3,Review,okay product,Neutral,13,YES,Alice,High
FB656,C1118,07/05/2026,Grocery,Food,Mobile App,West,1,,late delivery,Negative,15,no,Chris,Medium
FB657,C1264,03/05/2025,Grocery,Food,Email, south ,3,Bad,,Neutral,9,YES,Alice,High
FB658,C1042,12/03/2026,Fashion,Men,Social Media,South,5,Review,Fast delivery,Positive,9,N,Deepa, high
FB659,C1124,2025/06/26,Fashion,Men,website,West,1,Good,app crash,Negative,12,N,Alice,High
FB660,C1239,13-08-2025,Home,Furniture,Website,South,5,Bad,  Fast delivery!!! ,Positive,6,Y,Deepa,Low
FB661,C1270,16-03-2025,Grocery,Food,website, south ,2,Review,  bad packaging!!! ,Negative,12,no,Esha,Low
FB662,C1074,2025/12/26,Beauty,Hair,Survey,East,5,,Highly recommend,Positive,7,Yes,Esha,High
FB663,C1179,2025/11/05,Beauty,Hair,Email,West,3,Good,average experience,Neutral,7,No,Chris,Medium
FB664,C1152,16-06-2025,Home,Kitchen,Mobile App,West,5,,Highly recommend,Positive,4,N,Deepa, high
FB665,C1153,2025/04/26,Grocery,Beverage,Mobile App,West,2,Review,bad packaging,Negative,3,no,Alice,Medium
FB666,C1189,20-07-2025,Electronics,Laptop,Social Media,East,1,Bad,app crash,Negative,15,YES,Bob,Medium
FB667,C1084,10-01-2025,Fashion,Men,Email,West,2,,bad packaging,Negative,14,YES,Esha, high
FB668,C1105,11-05-2026,Electronics,Mobile,Email,North,2,Review,poor quality,Negative,6,no,Deepa,High
FB669,C1128,2025/02/03,Fashion,Women,Website,North,3,Bad,nothing special,Neutral,2,YES,Alice,High
FB670,C1075,2025/09/15,Electronics,Laptop,Mobile App,West,5,Good,Fast delivery,Positive,4,no,Deepa, high
FB671,C1202,2025/06/07,Electronics,Mobile,website,East,5,Bad,Fast delivery,Positive,13,Yes,Bob,Medium
FB672,C1051,23/03/2025,Electronics,Laptop,Email,North,3,Average,okay product,Neutral,6,N,Alice,High
FB673,C1042,23-02-2026,Home,Furniture,Survey,North,1,Review,bad packaging,Negative,6,YES,Deepa, high
FB674,C1065,2025/05/26,Fashion,Women,Website,South,3,Bad,okay product,Neutral,9,YES,Esha,Low
FB675,C1233,17-11-2025,Home,Kitchen,Survey,East,1,,late delivery,Negative,13,Y,Esha,Medium
FB676,C1188,02/04/2025,Grocery,Food,Website, south ,5,Review,Loved it,Positive,6,Yes,Esha, high
FB677,C1049,2025/02/05,Fashion,Men,Survey,West,2,,late delivery,Negative,4,YES,Deepa, high
FB678,C1240,29-04-2025,Grocery,Beverage,Email, south ,2,Average,poor quality,Negative,3,Y,Deepa,Low
FB679,C1132,20/11/2025,Fashion,Men,Website,East,4,Average,Excellent product,Positive,3,Y,Alice, high
FB680,C1185,22-01-2025,Home,Kitchen,Email,East,2,,app crash,Negative,4,YES,Chris,Low
FB681,C1228,20-02-2026,Grocery,Food,website,North,2,Average,late delivery,Negative,10,No,Esha,Low
FB682,C1092,05/02/2026,home,Kitchen,Website,East,1,Review,poor quality,Negative,2,YES,Bob,Medium
FB683,C1223,29/06/2025,Electronics,Laptop,website,North,2,Average,  poor quality!!! ,Negative,6,YES,Chris, high
FB684,C1106,06-02-2026,Grocery,Food,Social Media,North,2,Review,  late delivery!!! ,Negative,6,Y,Deepa, high
FB685,C1298,15-03-2025,Home,Kitchen,Social Media,South,2,Bad,app crash,Negative,1,No,Chris,Medium
FB686,C1048,2026/02/15,Fashion,Men,Website, south ,4,Bad,Loved it,Positive,1,YES,Deepa,High
FB687,C1002,29/03/2025,Fashion,Women,Survey,West,4,Good,,Positive,5,YES,Alice,Medium
FB688,C1217,2025/10/13,Electronics,Laptop,Survey,South,4,Average,Excellent product,Positive,8,no,Deepa,Low
FB689,C1231,21-07-2025,Electronics,Laptop,Website,East,4,,Great support,Positive,6,No,Deepa,High
FB690,C1159,26/03/2025,Electronics,Mobile,Survey, south ,1,Review,late delivery,Negative,9,Yes,Esha,High
FB691,C1115,22-03-2025,Grocery,Beverage,website,West,3,Bad,nothing special,Neutral,11,YES,Bob,Medium
FB692,C1106,19-04-2026,Fashion,Men,Social Media,North,3,Good,average experience,Neutral,14,YES,Chris,Low
FB693,C1024,28/02/2025,Home,Furniture,Social Media,North,4,Good,Highly recommend,Positive,11,Yes,Deepa, high
FB694,C1231,05-12-2025,Grocery,Beverage,website,North,5,Review,Highly recommend,Positive,3,Yes,Chris,Low
FB695,C1255,2025/09/01,Home,Kitchen,Social Media,North,4,Review,Fast delivery,Positive,11,No,Alice, high
FB696,C1010,02/10/2025,grocery,Food,website,South,2,Review,app crash,Negative,13,N,Deepa,Medium
FB697,C1293,2025/04/05,Beauty,Hair,Mobile App,South,5,Average,Excellent product,Positive,10,Yes,Alice,Medium
FB698,C1300,14/02/2026,Grocery,Beverage,Survey, south ,3,Good,,Neutral,7,No,Alice, high
FB699,C1027,21-03-2025,Fashion,Men,Website,East,3,,works fine,neutral,10,no,Deepa, high
FB700,C1055,2025/11/28,Electronics,Mobile,Website,North,5,Good,Fast delivery,Positive,7,N,Deepa,Medium
FB701,C1277,12-02-2026,Beauty,Hair,Mobile App,West,1,,bad packaging,Negative,1,no,Deepa,Medium
FB702,C1179,07/03/2025,Home,Furniture,Social Media, south ,5,Average,Great support,Positive,10,Y,Chris,Low
FB703,C1020,05-04-2026,Grocery,Beverage,Mobile App,South,5,Review,Highly recommend,Positive,6,no,Chris,Low
FB704,C1006,12-02-2025,Home,Furniture,Survey,North,5,Review,Excellent product,Positive,14,No,Bob, high
FB705,C1282,2025/09/19,Beauty,Skin,Email,East,3,Good,works fine,Neutral,4,no,Bob,Medium
FB706,C1071,08-04-2025,Grocery,Beverage,Website,East,2,Bad,app crash,Negative,5,no,Alice,High
FB707,C1050,09-06-2025,Fashion,Women,Social Media, south ,1,Average,,Negative,4,no,Deepa,Low
FB708,C1285,14-06-2025,Electronics,Mobile,Survey,East,4,,Great support,Positive,3,Yes,Bob,Low
FB709,C1065,11/10/2025,Fashion,Women,Survey,West,2,Bad,poor quality,Negative,3,N,Deepa,High
FB710,C1265,08/04/2026,Home,Kitchen,Survey,North,4,Average,Excellent product,Positive,1,no,Alice,Medium
FB711,C1070,2025/04/13,Electronics,Laptop,Social Media,North,4,Average,Excellent product,Positive,14,Yes,Deepa, high
FB712,C1269,2025/06/11,Beauty,Hair,Email,North,5,Bad,Great support,Positive,14,Y,Bob,Low
FB713,C1001,12-03-2025,Electronics,Laptop,Social Media,South,5,Bad,Excellent product,Positive,9,YES,Bob, high
FB714,C1274,2025/07/06,Electronics,Laptop,website,East,4,Average,Excellent product,Positive,12,YES,Alice,Low
FB715,C1131,18/05/2025,Home,Furniture,Website, south ,2,Good,bad packaging,Negative,5,N,Chris,Medium
FB716,C1117,2025/03/01,Grocery,Food,Website,North,5,,Great support,Positive,6,N,Bob,High
FB717,C1204,24-01-2025,Beauty,Skin,Website,West,5,Good,Great support,Positive,7,N,Alice,Medium
FB718,C1092,26-01-2025,Electronics,Laptop,Email,North,3,Review,works fine,Neutral,5,Yes,Esha, high
FB719,C1248,04-02-2026,Home,Kitchen,Survey,South,4,Review,,Positive,13,no,Esha, high
FB720,C1060,12/04/2026,Electronics,Laptop,Survey,East,2,,bad packaging,Negative,13,no,Alice, high
FB721,C1210,2025/05/12,Home,Furniture,Mobile App,West,3,Good,acceptable,Neutral,14,N,Bob,High
FB722,C1112,23-04-2025,Beauty,Skin,Mobile App,West,1,Good,app crash,Negative,12,Y,Deepa,Medium
FB723,C1095,13-07-2025,Electronics,Mobile,Website,East,4,Bad,Fast delivery,Positive,6,no,Chris, high
FB724,C1036,19/02/2025,Home,Furniture,website,North,3,Average,acceptable,Neutral,9,no,Bob,High
FB725,C1261,2026/01/07,Fashion,Men,Mobile App, south ,2,Bad,poor quality,Negative,10,Y,Esha, high
FB726,C1037,14/11/2025,Home,Furniture,website,South,1,Good,bad packaging,Negative,2,N,Bob, high
FB727,C1082,29/09/2025,Electronics,Laptop,website, south ,3,,nothing special,Neutral,4,N,Deepa,High
FB728,C1254,09/09/2025,Beauty,Skin,Social Media, south ,5,,Great support,Positive,1,Y,Deepa,High
FB729,C1046,03-05-2025,Home,Kitchen,Mobile App,West,4,Review,Excellent product,Positive,9,no,Deepa, high
FB730,C1225,2025/09/06,Grocery,Beverage,Website, south ,2,,late delivery,Negative,2,Y,Deepa,High
FB731,C1131,29-11-2025,Home,Furniture,Survey,South,3,Average,nothing special,Neutral,13,No,Esha,Medium
FB732,C1148,05/03/2025,Electronics,Laptop,Website,North,4,Average,  Great support!!! ,Positive,2,Yes,Bob,High
FB733,C1033,21/03/2026,Fashion,Women,Social Media, south ,1,,support not helpful,Negative,8,No,Deepa,Medium
FB734,C1041,17-01-2025,Fashion,Women,Survey,East,5,Review,Great support,Positive,13,Y,Chris, high
FB735,C1298,17/11/2025,Grocery,Food,Survey,West,3,Average,acceptable,Neutral,7,No,Alice,High
FB736,C1217,2026/02/21,Beauty,Hair,Email,North,1,Review,bad packaging,Negative,7,Yes,Bob,Low
FB737,C1292,2025/05/31,Home,Kitchen,website,North,1,Review,late delivery,Negative,8,No,Esha,High
FB738,C1087,26/02/2026,Grocery,Beverage,Social Media,North,5,Average,Highly recommend,Positive,14,N,Alice, high
FB739,C1014,26-04-2025,Grocery,Food,Social Media, south ,1,,app crash,Negative,3,no,Bob,High
FB740,C1062,13-11-2025,Home,Kitchen,Website,East,2,Review,support not helpful,Negative,13,No,Chris,High
FB741,C1261,2025/07/29,Electronics,Mobile,Social Media,West,3,Review,works fine,Neutral,1,Yes,Chris,Medium
FB742,C1152,18/04/2026,Electronics,Mobile,Survey,North,4,,Highly recommend,Positive,9,YES,Chris,High
FB743,C1203,30/08/2025,Fashion,Men,Email,West,3,,nothing special,Neutral,8,Yes,Bob,High
FB744,C1139,2026/02/01,Electronics,Laptop,Website,North,3,Bad,works fine,Neutral,4,Yes,Alice,High
FB745,C1279,2025/01/16,Beauty,Hair,Email,West,5,Average,,Positive,14,no,Alice,Low
FB746,C1216,2026/05/10,Grocery,Food,website,North,5,Bad,Excellent product,Positive,11,no,Chris,High
FB747,C1122,2025/01/10,Home,Kitchen,Mobile App,West,5,Good,Fast delivery,Positive,13,No,Deepa,High
FB748,C1295,2025/04/23,Electronics,Mobile,website,East,1,Good,support not helpful,Negative,9,no,Chris,Low
FB749,C1134,2025/06/09,Beauty,Skin,Mobile App,East,4,Bad,Fast delivery,Positive,4,no,Alice,Low
FB750,C1137,06/04/2025,Electronics,Mobile,Website, south ,5,Bad,Highly recommend,Positive,4,No,Esha,High
FB751,C1228,18/10/2025,Electronics,Mobile,Website, south ,3,Good,works fine,Neutral,1,N,Esha,Medium
FB752,C1030,18/09/2025,Beauty,Hair,Website, south ,4,Good,Highly recommend,Positive,11,N,Alice,Medium
FB753,C1136,22-02-2026,Home,Furniture,Social Media,West,3,Good,  average experience!!! ,Neutral,7,Yes,Deepa,High
FB754,C1111,27-05-2025,Home,Furniture,website,South,4,Average,Highly recommend,Positive,7,N,Bob,Low
FB755,C1036,2025/09/30,Fashion,Men,website,East,1,,app crash,Negative,1,YES,Alice,Medium
FB756,C1280,2025/09/10,Beauty,Skin,Social Media, south ,4,Review,,Positive,1,YES,Bob,High
FB757,C1000,16-02-2026,Beauty,Hair,website,East,4,Bad,  Fast delivery!!! ,Positive,13,No,Deepa,High
FB758,C1178,29/11/2025,Home,Kitchen,website,North,5,Bad,Excellent product,Positive,12,No,Deepa,High
FB759,C1143,22/09/2025,Grocery,Beverage,Website,North,3,Good,  acceptable!!! ,Neutral,15,no,Alice, high
FB760,C1078,16/10/2025,Home,Furniture,Survey,North,3,Review,works fine,Neutral,4,N,Alice,High
FB761,C1300,11-10-2025,beauty,Skin,Email,East,3,Good,okay product,Neutral,1,no,Deepa, high
FB762,C1123,09-09-2025,Grocery,Food,Mobile App,North,4,Good,Highly recommend,Positive,6,Y,Esha,Low
FB763,C1229,27/08/2025,Electronics,Mobile,website,North,1,Review,poor quality,Negative,14,YES,Deepa,High
FB764,C1183,2026/02/27,Fashion,Women,Email,South,5,Review,Fast delivery,Positive,11,no,Alice,Low
FB765,C1072,17-07-2025,Fashion,Men,Survey,North,3,Bad,works fine,Neutral,14,N,Chris,Low
FB766,C1033,21/10/2025,Fashion,Women,Social Media,North,4,Review,Great support,Positive,14,N,Esha,Low
FB767,C1013,2025/07/10,Electronics,Laptop,Email,North,1,Good,late delivery,Negative,9,YES,Bob,High
FB768,C1211,2025/12/22,Beauty,Skin,Social Media,East,3,Review,,Neutral,6,Yes,Alice,Medium
FB769,C1194,04/06/2025,Beauty,Hair,Mobile App,North,5,Review,Highly recommend,Positive,11,no,Esha,Low
FB770,C1251,16-03-2025,Grocery,Food,Website,West,1,Average,support not helpful,Negative,12,N,Chris,High
FB771,C1115,2025/05/07,Home,Furniture,Email,South,3,Good,nothing special,Neutral,5,no,Chris,High
FB772,C1125,2026/04/10,Beauty,Hair,Website,West,1,,support not helpful,Negative,15,No,Bob,Medium
FB773,C1086,2025/02/18,Fashion,Men,Mobile App, south ,2,Bad,poor quality,Negative,11,Yes,Esha,High
FB774,C1071,24/02/2026,Beauty,Hair,Mobile App, south ,2,,support not helpful,Negative,10,No,Chris,Medium
FB775,C1057,29/12/2025,Home,Furniture,Social Media,North,1,Review,poor quality,Negative,13,Yes,Esha,High
FB776,C1159,21/04/2025,home,Kitchen,Email,South,1,Bad,late delivery,Negative,8,N,Deepa,High
FB777,C1249,15-02-2026,Fashion,Women,Email, south ,4,Review,Fast delivery,Positive,11,N,Bob,Low
FB778,C1194,08/09/2025,Home,Kitchen,Mobile App,North,3,Good,acceptable,Neutral,8,no,Alice, high
FB779,C1283,2025/01/08,Home,Kitchen,Mobile App,East,1,Average,late delivery,Negative,13,Y,Deepa,Low
FB780,C1013,29-03-2025,Beauty,Hair,Mobile App,East,3,,works fine,Neutral,13,no,Deepa, high
FB781,C1123,16/09/2025,Fashion,Women,Mobile App,South,4,Review,Loved it,Positive,14,No,Alice,High
FB782,C1095,11-03-2025,Beauty,Skin,Email,West,5,Review,Highly recommend,Positive,2,no,Bob,High
FB783,C1144,16/01/2025,Home,Kitchen,Website,North,2,,app crash,Negative,15,YES,Alice,Medium
FB784,C1271,21/03/2026,Fashion,Men,Website,East,2,Good,poor quality,Negative,10,N,Deepa, high
FB785,C1256,26/04/2026,Home,Kitchen,website,West,3,Bad,,Neutral,11,YES,Deepa,Medium
FB786,C1051,18-04-2025,grocery,Food,Mobile App,East,3,,okay product,Neutral,10,No,Bob,High
FB787,C1150,27-11-2025,Home,Furniture,Survey,East,1,Good,late delivery,Negative,6,Yes,Bob,High
FB788,C1206,05-04-2025,Grocery,Beverage,Mobile App,West,3,Average,acceptable,Neutral,2,YES,Bob,Low
FB789,C1083,2025/03/31,Home,Kitchen,Social Media,East,5,Average,Fast delivery,Positive,10,Y,Deepa, high
FB790,C1049,23/09/2025,Beauty,Skin,Email, south ,5,Average,,Positive,4,no,Esha,High
FB791,C1235,13-07-2025,Beauty,Skin,Email,North,2,,poor quality,Negative,2,Y,Esha,High
FB792,C1095,2026/03/04,Home,Furniture,website, south ,5,Review,Great support,Positive,11,N,Deepa,Low
FB793,C1217,29-09-2025,Electronics,Laptop,Survey,North,5,Good,Great support,Positive,13,YES,Bob,Medium
FB794,C1087,09/05/2025,Electronics,Laptop,Website,North,2,Review,bad packaging,Negative,5,Y,Chris,Low
FB795,C1250,16-02-2026,Home,Furniture,Website,East,3,Review,okay product,Neutral,12,YES,Deepa,High
FB796,C1067,14/03/2025,electronics,Laptop,website, south ,3,Bad,average experience,Neutral,2,Yes,Deepa, high
FB797,C1022,17/09/2025,Fashion,Women,Email, south ,3,Review,acceptable,Neutral,9,No,Deepa,Low
FB798,C1166,24-05-2025,Home,Kitchen,website,East,4,Good,Great support,Positive,11,N,Esha,Medium
FB799,C1085,2025/07/30,Electronics,Mobile,Email,East,2,Good,late delivery,Negative,4,Y,Chris,Low
FB800,C1022,26/04/2025,Grocery,Beverage,Survey, south ,5,Good,,Positive,7,No,Alice, high
FB801,C1115,04-03-2025,Electronics,Mobile,website,South,3,Average,nothing special,Neutral,1,Yes,Alice, high
FB802,C1247,02/03/2025,Electronics,Laptop,website,East,2,Review,support not helpful,Negative,3,Yes,Bob,Medium
FB803,C1156,2026/04/03,Grocery,Food,website,West,2,Average,bad packaging,Negative,14,No,Chris,High
FB804,C1205,2025/09/08,Home,Furniture,Mobile App, south ,2,,poor quality,Negative,11,no,Bob,High
FB805,C1037,17-03-2025,Home,Furniture,website,South,4,Review,Loved it,Positive,14,YES,Esha,Low
FB806,C1152,04-05-2025,Electronics,Mobile,Social Media,North,4,Bad,Great support,Positive,15,Yes,Bob, high
FB807,C1130,30-05-2025,Electronics,Mobile,Website, south ,1,Average,app crash,Negative,14,no,Deepa,Low
FB808,C1003,07/05/2025,Electronics,Mobile,Email,East,4,,Great support,Positive,15,No,Esha,High
FB809,C1020,2026/05/15,Fashion,Men,Social Media,East,3,,nothing special,Neutral,7,YES,Esha, high
FB810,C1150,32-13-2025,Fashion,Men,website,West,1,Bad,poor quality,Negative,4,N,Deepa,High
FB811,C1116,07/03/2026,Beauty,Hair,Social Media,East,2,Average,poor quality,Negative,3,YES,Chris,Low
FB812,C1164,14-09-2025,Fashion,Women,Email,East,3,Bad,nothing special,Neutral,13,N,Esha,Medium
FB813,C1156,2025/03/28,Grocery,Beverage,Survey, south ,3,Bad,acceptable,Neutral,13,no,Alice,Medium
FB814,C1292,31-01-2025,Grocery,Food,Mobile App,East,4,,,Positive,9,Yes,Esha,Medium
FB815,C1139,13/02/2025,Beauty,Hair,website,East,2,,bad packaging,Negative,11,YES,Deepa,Medium
FB816,C1000,05/12/2025,Electronics,Mobile,Survey,West,1,Review,app crash,Negative,7,Yes,Bob,High
FB817,C1013,10-06-2025,Home,Kitchen,Email,North,1,Average,support not helpful,Negative,5,Y,Chris,High
FB818,C1118,03/01/2025,Beauty,Hair,Email,West,2,Review,late delivery,Negative,12,YES,Esha, high
FB819,C1072,28-08-2025,Fashion,Women,Website,South,1,Bad,app crash,Negative,4,no,Alice,Medium
FB820,C1023,21-02-2025,Home,Furniture,Survey, south ,2,,app crash,Negative,8,no,Chris,High
FB821,C1147,30-03-2025,Fashion,Men,Website,North,2,Review,support not helpful,Negative,15,Y,Alice,High
FB822,C1150,2026/03/23,Beauty,Skin,Website,South,1,Average,support not helpful,Negative,3,Yes,Deepa,High
FB823,C1157,2025/08/21,Grocery,Food,Social Media,West,3,,acceptable,Neutral,15,Yes,Deepa,High
FB824,C1188,2026/03/19,Fashion,Men,Survey, south ,4,Bad,,Positive,6,N,Esha, high
FB825,C1023,2025/05/28,Home,Furniture,website,South,3,Good,average experience,Neutral,15,no,Bob,High
FB826,C1065,2025/07/01,Fashion,Men,Email,South,2,Average,late delivery,Negative,13,Yes,Deepa,High
FB827,C1144,2025/11/20,Home,Kitchen,website, south ,4,Bad,Fast delivery,Positive,9,Y,Alice,Low
FB828,C1279,25/09/2025,Grocery,Beverage,website,South,1,Bad,support not helpful,Negative,15,YES,Chris,High
FB829,C1087,2025/09/28,Home,Kitchen,website,South,2,Good,late delivery,Negative,5,No,Bob,Low
FB830,C1174,30-01-2026,grocery,Food,Survey, south ,5,Review,Great support,Positive,4,No,Esha,High
FB831,C1252,20/03/2026,Beauty,Hair,Social Media, south ,1,,late delivery,Negative,11,No,Esha, high
FB832,C1249,2025/02/07,Beauty,Hair,website,East,1,Bad,bad packaging,Negative,13,Yes,Alice,Low
FB833,C1196,14-10-2025,Home,Kitchen,website,West,3,Good,nothing special,Neutral,5,no,Esha,Medium
FB834,C1012,12/07/2025,home,Kitchen,Social Media,South,5,Review,Fast delivery,Positive,6,Yes,Bob,Low
FB835,C1089,2025/06/05,Beauty,Hair,Mobile App,West,5,,Excellent product,Positive,5,YES,Alice,Low
FB836,C1061,21-12-2025,Fashion,Women,Website,South,5,Good,,Positive,1,Yes,Alice, high
FB837,C1164,29/01/2025,Home,Furniture,Email,West,5,,Highly recommend,Positive,7,Y,Chris,Medium
FB838,C1270,08/05/2026,home,Furniture,Survey, south ,1,,support not helpful,Negative,9,Y,Esha, high
FB839,C1190,18-05-2025,Electronics,Mobile,Mobile App,South,2,,poor quality,Negative,7,no,Esha,Low
FB840,C1010,11-08-2025,Grocery,Food,Email,West,5,Good,Highly recommend,Positive,3,Y,Chris,Medium
FB841,C1037,32-13-2025,Beauty,Skin,Website, south ,1,Average,poor quality,Negative,3,Y,Deepa,Low
FB842,C1206,05/01/2026,Home,Kitchen,Social Media,West,1,,support not helpful,Negative,2,Yes,Alice,High
FB843,C1169,2025/04/04,Electronics,Mobile,Survey,West,5,,Fast delivery,Positive,8,YES,Alice,High
FB844,C1197,2025/08/26,Beauty,Skin,Mobile App,South,4,Good,Highly recommend,Positive,15,no,Alice,High
FB845,C1146,29/12/2025,Electronics,Laptop,Mobile App,West,3,,  average experience!!! ,Neutral,1,Y,Deepa,Low
FB846,C1169,02/04/2025,Beauty,Hair,website,North,3,Review,okay product,Neutral,3,Yes,Deepa,Low
FB847,C1120,26-05-2025,Grocery,Food,website,North,3,Review,okay product,Neutral,11,YES,Chris, high
FB848,C1286,14-04-2025,Fashion,Women,Website,North,1,Good,bad packaging,Negative,2,Yes,Deepa,High
FB849,C1184,2025/03/22,Fashion,Women,Email,South,3,Review,  okay product!!! ,Neutral,11,Yes,Alice,Low
FB850,C1026,2025/11/10,Fashion,Women,Social Media,East,5,Good,Fast delivery,Positive,11,N,Esha,High
FB851,C1164,14-08-2025,home,Kitchen,Website,North,1,Average,bad packaging,Negative,15,N,Chris,Medium
FB852,C1116,2025/02/15,Home,Furniture,Email,West,3,,acceptable,Neutral,10,no,Bob, high
FB853,C1106,18-03-2025,Home,Furniture,website,South,5,,Excellent product,Positive,6,YES,Chris, high
FB854,C1224,2025/10/13,Beauty,Hair,Social Media,East,3,Average,works fine,Neutral,12,no,Esha,Low
FB855,C1224,32-13-2025,Electronics,Laptop,Survey,North,1,Good,bad packaging,Negative,7,no,Deepa,Medium
FB856,C1110,18/05/2025,Home,Kitchen,Survey,South,5,Bad,Fast delivery,Positive,10,Y,Esha,Medium
FB857,C1023,30-03-2025,Electronics,Mobile,Mobile App, south ,1,,late delivery,Negative,2,Yes,Alice,Low
FB858,C1245,2025/07/07,Grocery,Food,Website,South,2,Good,late delivery,Negative,11,Yes,Alice,Medium
FB859,C1119,2025/03/25,Grocery,Beverage,Website,North,1,Average,bad packaging,Negative,11,N,Bob,High
FB860,C1296,04/08/2025,Home,Kitchen,Email, south ,4,,Excellent product,Positive,2,No,Deepa,Low
FB861,C1107,2025/01/30,Beauty,Skin,Website, south ,4,Bad,Great support,Positive,11,Y,Bob, high
FB862,C1121,2025/09/13,Fashion,Men,Social Media,North,1,Good,bad packaging,Negative,4,no,Deepa,Low
FB863,C1124,19/05/2025,Grocery,Beverage,Mobile App,West,5,Bad,  Highly recommend!!! ,Positive,6,Y,Esha,Medium
FB864,C1292,27/11/2025,Beauty,Hair,Social Media,South,1,Review,bad packaging,Negative,12,Yes,Alice,High
FB865,C1102,2025/11/19,Grocery,Beverage,Email,North,1,,poor quality,Negative,2,no,Esha,High
FB866,C1212,2025/10/02,Electronics,Mobile,Website,West,4,Review,Excellent product,Positive,2,No,Alice,Medium
FB867,C1258,20-08-2025,Grocery,Beverage,Website, south ,3,Review,average experience,Neutral,7,YES,Esha, high
FB868,C1288,2025/02/19,Grocery,Food,website,East,5,Bad,Great support,Positive,12,no,Deepa,Medium
FB869,C1156,07-02-2026,Home,Kitchen,Survey,North,3,Bad,average experience,Neutral,12,Yes,Alice,Low
FB870,C1033,12/03/2026,Fashion,Women,Email,North,1,Good,  poor quality!!! ,Negative,7,no,Chris, high
FB871,C1154,2026/04/12,Grocery,Food,website, south ,3,,nothing special,Neutral,5,No,Esha,Low
FB872,C1016,25/03/2026,Electronics,Laptop,Social Media,West,5,,  Excellent product!!! ,Positive,5,N,Alice,Medium
FB873,C1105,2025/04/17,Grocery,Beverage,Website,West,5,Average,Highly recommend,Positive,8,YES,Alice,Medium
FB874,C1000,2025/03/03,Electronics,Laptop,Social Media,East,2,Average,support not helpful,Negative,2,Y,Alice,High
FB875,C1225,2025/05/07,Grocery,Beverage,website, south ,3,Review,average experience,Neutral,3,Y,Alice,Medium
FB876,C1294,2026/04/28,Home,Furniture,Email,South,5,Good,Great support,Positive,9,No,Deepa, high
FB877,C1213,2026/01/03,Beauty,Skin,website,North,5,Review,Fast delivery,Positive,2,N,Chris,High
FB878,C1044,21/05/2025,Home,Furniture,Survey,West,1,Review,,Negative,6,no,Chris,Medium
FB879,C1244,07/09/2025,Beauty,Hair,Mobile App,East,2,Bad,app crash,Negative,1,Y,Chris,Low
FB880,C1141,27/12/2025,Home,Kitchen,Mobile App,South,1,Bad,app crash,Negative,2,no,Bob,Low
FB881,C1070,07-02-2026,Beauty,Skin,Email,North,5,Average,Highly recommend,Positive,7,YES,Alice,Medium
FB882,C1252,09/02/2025,Fashion,Men,Social Media,South,2,Bad,poor quality,Negative,14,Yes,Alice,Medium
FB883,C1098,2026/04/22,Electronics,Laptop,Email,West,5,Bad,Highly recommend,Positive,2,no,Esha,Medium
FB884,C1251,14-01-2025,Grocery,Beverage,Website,North,2,Review,bad packaging,Negative,15,Y,Esha,Low
FB885,C1229,21-11-2025,Fashion,Women,Mobile App,South,5,Good,Loved it,Positive,14,N,Alice,Medium
FB886,C1200,08-08-2025,Fashion,Women,Mobile App,East,2,Average,poor quality,Negative,7,No,Esha, high
FB887,C1099,23-06-2025,Home,Furniture,Mobile App,North,5,Good,Fast delivery,Positive,8,Yes,Alice, high
FB888,C1254,16-10-2025,Electronics,Mobile,Email,North,1,,app crash,Negative,4,YES,Deepa,High
FB889,C1130,2026/04/15,Electronics,Laptop,Website,West,3,Bad,okay product,Neutral,9,Y,Esha, high
FB890,C1145,25/03/2025,Beauty,Hair,Email,East,5,Bad,Great support,Positive,14,Y,Alice,Low
FB891,C1085,08/05/2025,Fashion,Men,website,East,1,Bad,app crash,Negative,3,Yes,Bob,Medium
FB892,C1134,2026/01/13,Fashion,Men,website,West,3,Review,average experience,Neutral,5,no,Alice,Low
FB893,C1282,25-05-2025,Grocery,Food,Website,East,2,Bad,bad packaging,Negative,10,Yes,Deepa, high
FB894,C1190,2026/02/08,Fashion,Men,Survey, south ,4,Bad,Great support,Positive,14,no,Bob,High
FB895,C1050,18/02/2026,Grocery,Beverage,Survey,South,3,Bad,average experience,Neutral,10,N,Bob,High
FB896,C1297,2025/06/23,Fashion,Men,website,East,4,Good,,Positive,5,Y,Esha, high
FB897,C1154,17/03/2026,Fashion,Women,Website,South,2,,support not helpful,Negative,13,No,Alice,Medium
FB898,C1270,05-04-2026,Electronics,Laptop,Survey,West,4,Review,Loved it,Positive,10,Y,Chris,Low
FB899,C1104,16-12-2025,Beauty,Skin,website, south ,4,Bad,Great support,Positive,4,YES,Esha, high
FB900,C1063,06/03/2025,Grocery,Food,Social Media,West,1,Review,late delivery,Negative,15,Y,Chris, high
FB901,C1077,2025/05/09,Electronics,Mobile,Email,East,2,Review,bad packaging,negative,3,Yes,Chris,High
FB902,C1231,01-08-2025,Grocery,Beverage,Email,South,4,Review,Excellent product,Positive,11,no,Esha,Low
FB903,C1010,2025/04/04,electronics,Mobile,Website,North,4,,Great support,Positive,15,Y,Chris,High
FB904,C1109,06/01/2026,Home,Furniture,Website,West,3,Review,okay product,Neutral,13,Y,Alice,High
FB905,C1235,2025/08/09,Electronics,Mobile,Email,West,5,,Highly recommend,Positive,11,No,Deepa, high
FB906,C1073,23/06/2025,Beauty,Skin,Website,North,1,Good,poor quality,Negative,9,YES,Alice,Medium
FB907,C1213,2025/01/20,Beauty,Hair,Mobile App,South,4,Review,Great support,Positive,12,N,Alice,Medium
FB908,C1165,2025/11/30,Home,Kitchen,Website,South,5,Bad,Fast delivery,Positive,13,Y,Esha, high
FB909,C1162,2026/04/20,Home,Kitchen,Website, south ,5,Review,,Positive,12,YES,Deepa,High
FB910,C1291,16-01-2025,Home,Furniture,website, south ,5,,Fast delivery,Positive,4,YES,Chris,Low
FB911,C1180,03/07/2025,Home,Furniture,Social Media,South,2,Bad,  poor quality!!! ,Negative,11,YES,Bob,Medium
FB912,C1194,2025/11/19,Electronics,Mobile,website,East,2,Good,app crash,Negative,11,no,Alice,Medium
FB913,C1251,05-03-2025,Grocery,Beverage,Survey,North,3,Good,works fine,Neutral,13,No,Alice, high
FB914,C1293,2025/03/15,Grocery,Beverage,Website,North,2,Good,support not helpful,Negative,8,No,Esha,High
FB915,C1060,2025/10/22,Home,Kitchen,Survey,North,1,,,Negative,14,No,Bob,Low
FB916,C1238,2026/01/14,Beauty,Skin,Email,West,2,Review,poor quality,Negative,2,No,Bob,High
FB917,C1251,26-03-2026,Electronics,Mobile,Website, south ,2,Review,poor quality,Negative,6,N,Chris,Low
FB918,C1045,32-13-2025,Home,Kitchen,Email, south ,2,Average,bad packaging,Negative,8,N,Bob,High
FB919,C1033,2025/04/02,Grocery,Food,Email,South,2,Average,support not helpful,Negative,12,no,Esha, high
FB920,C1059,01-01-2025,Home,Kitchen,website,West,1,,support not helpful,negative,15,No,Deepa, high
FB921,C1036,02-12-2025,Home,Furniture,Email,East,4,,Excellent product,Positive,8,YES,Alice, high
FB922,C1227,2025/07/31,Grocery,Beverage,Website,West,3,,average experience,Neutral,15,N,Esha,Low
FB923,C1276,07/07/2025,Beauty,Skin,Social Media,East,1,Average,bad packaging,Negative,11,YES,Chris,High
FB924,C1074,06-06-2025,Electronics,Mobile,Social Media,North,3,,,Neutral,10,Y,Bob,Low
FB925,C1186,13/06/2025,Fashion,Women,Website,South,3,,nothing special,Neutral,7,N,Esha, high
FB926,C1213,15/02/2026,Grocery,Food,website,East,1,Average,late delivery,Negative,14,Yes,Chris,High
FB927,C1207,28/11/2025,Beauty,Hair,Email,West,2,Good,poor quality,Negative,14,no,Deepa,Low
FB928,C1256,15-03-2026,Electronics,Mobile,Website,South,3,Average,acceptable,Neutral,11,YES,Esha,High
FB929,C1233,10-05-2025,Fashion,Women,Mobile App, south ,5,,Loved it,Positive,6,Y,Deepa,Medium
FB930,C1192,2025/07/30,Fashion,Men,Website,South,1,Average,support not helpful,Negative,5,no,Chris,High
FB931,C1223,2025/08/12,Home,Kitchen,website,North,2,Review,app crash,Negative,5,YES,Alice,Low
FB932,C1172,32-13-2025,Grocery,Beverage,Mobile App,West,2,Good,support not helpful,Negative,7,Y,Esha,Medium
FB933,C1240,2025/06/25,Beauty,Hair,Mobile App,East,4,Review,,Positive,6,Yes,Bob,High
FB934,C1202,22-10-2025,Beauty,Hair,Mobile App, south ,1,Good,late delivery,Negative,3,YES,Bob,Medium
FB935,C1126,22/12/2025,Electronics,Laptop,Social Media,West,4,,Highly recommend,Positive,2,Yes,Chris,Low
FB936,C1281,18-09-2025,Electronics,Mobile,Website,South,3,Bad,works fine,Neutral,12,No,Deepa,Medium
FB937,C1204,11/02/2025,Fashion,Men,Survey,West,5,Review,,Positive,7,Y,Bob,Low
FB938,C1063,06-04-2025,Fashion,Women,Website,South,4,Good,Excellent product,Positive,12,Y,Chris,Medium
FB939,C1273,2025/09/23,Beauty,Skin,Social Media,North,2,Average,app crash,Negative,14,Yes,Deepa,Medium
FB940,C1178,25-02-2025,Fashion,Women,website, south ,5,Review,Loved it,Positive,3,no,Alice,Medium
FB941,C1057,08/11/2025,Grocery,Food,Website,North,4,,Excellent product,Positive,2,Yes,Alice,Medium
FB942,C1028,17-10-2025,Fashion,Women,Social Media,North,4,,Loved it,Positive,13,N,Deepa,High
FB943,C1156,23-09-2025,Electronics,Laptop,website,West,1,Review,,Negative,14,N,Bob,High
FB944,C1101,10/08/2025,Electronics,Mobile,Survey,East,2,Average,bad packaging,Negative,14,no,Deepa,Medium
FB945,C1012,27-01-2026,Beauty,Skin,Survey,West,1,Review,poor quality,Negative,10,No,Bob,Medium
FB946,C1161,16-05-2026,Electronics,Laptop,Email, south ,2,Bad,late delivery,Negative,6,No,Alice, high
FB947,C1149,10-05-2025,Electronics,Laptop,Website,West,1,Average,bad packaging,Negative,8,YES,Deepa,High
FB948,C1007,08-11-2025,Fashion,Men,Mobile App,East,5,Average,Fast delivery,Positive,5,Yes,Alice,Low
FB949,C1163,11-01-2026,Home,Furniture,Mobile App,West,4,Good,Fast delivery,Positive,14,No,Chris,Medium
FB950,C1046,10-11-2025,Beauty,Hair,Email,East,2,Bad,  bad packaging!!! ,Negative,6,YES,Esha,High
FB951,C1253,04-09-2025,electronics,Laptop,Survey,East,5,Average,Fast delivery,Positive,10,Y,Deepa,Low
FB952,C1018,26-03-2025,Grocery,Beverage,website,West,3,Bad,average experience,Neutral,4,N,Esha, high
FB953,C1141,29-12-2025,Fashion,Women,website,South,5,Average,Great support,Positive,15,N,Esha, high
FB954,C1199,2025/11/19,Home,Kitchen,Social Media,East,3,Good,works fine,Neutral,10,Yes,Alice,High
FB955,C1026,06-08-2025,Home,Furniture,Social Media,South,4,Good,Fast delivery,Positive,10,N,Chris,Low
FB956,C1105,11/09/2025,Electronics,Laptop,Survey, south ,2,Average,late delivery,Negative,12,Yes,Alice,Medium
FB957,C1094,25-05-2025,Home,Kitchen,Email,East,1,Review,poor quality,Negative,8,Yes,Alice, high
FB958,C1219,19-04-2026,Grocery,Beverage,Social Media,East,5,Review,Great support,Positive,2,YES,Deepa, high
FB959,C1233,2025/09/11,Fashion,Men,Website,West,2,Good,app crash,Negative,1,No,Chris, high
FB960,C1116,16/09/2025,Home,Furniture,Website,West,3,Average,,Neutral,14,No,Esha,Low
FB961,C1139,10/08/2025,Grocery,Food,Website,West,3,,nothing special,Neutral,13,YES,Esha,Medium
FB962,C1021,11/12/2025,Beauty,Hair,website,West,3,Average,,Neutral,1,YES,Bob,Medium
FB963,C1260,2025/05/13,Fashion,Men,Website,West,1,Average,,Negative,4,no,Bob, high
FB964,C1256,26-10-2025,Fashion,Women,Email,West,3,Review,acceptable,Neutral,3,Yes,Deepa, high
FB965,C1134,17-11-2025,Electronics,Laptop,Social Media,North,1,Review,late delivery,Negative,10,no,Bob,Medium
FB966,C1189,2025/06/24,Fashion,Women,Social Media,East,1,Average,poor quality,Negative,1,No,Alice,Low
FB967,C1082,2026/01/02,Fashion,Women,Mobile App,North,1,Bad,late delivery,Negative,8,No,Chris,Medium
FB968,C1204,11-06-2025,Fashion,Men,Mobile App, south ,1,Good,bad packaging,Negative,14,Y,Bob, high
FB969,C1074,21/04/2025,Electronics,Mobile,Mobile App,North,4,Average,Highly recommend,Positive,12,no,Bob, high
FB970,C1161,2026/03/27,Fashion,Men,Email, south ,1,Good,poor quality,Negative,15,YES,Esha, high
FB971,C1006,05/10/2025,Fashion,Men,Social Media,East,2,,late delivery,Negative,11,YES,Chris,Medium
FB972,C1055,24-04-2025,Electronics,Mobile,website, south ,4,Good,Loved it,Positive,15,Yes,Alice,Low
FB973,C1012,24-04-2025,Fashion,Women,Website, south ,2,Good,app crash,Negative,15,Y,Chris,Medium
FB974,C1121,2025/03/17,Beauty,Skin,Website,East,2,Bad,bad packaging,Negative,8,Y,Alice,High
FB975,C1137,04/11/2025,Home,Furniture,Mobile App,West,4,Average,Excellent product,Positive,2,YES,Alice, high
FB976,C1065,2025/04/28,Beauty,Hair,Email,South,1,Review,bad packaging,Negative,2,Yes,Esha,Low
FB977,C1014,13/08/2025,Grocery,Beverage,Mobile App,East,3,Average,works fine,Neutral,14,No,Deepa,Medium
FB978,C1217,28-01-2026,Beauty,Hair,website,West,4,Bad,Highly recommend,Positive,3,N,Esha,Low
FB979,C1084,20/06/2025,Beauty,Hair,Social Media,North,5,Good,Fast delivery,Positive,9,Yes,Chris,High
FB980,C1023,29-05-2025,Fashion,Women,Email,West,3,Review,  works fine!!! ,Neutral,9,Yes,Esha,High
FB981,C1016,2026/04/03,Grocery,Beverage,Mobile App,West,5,Bad,,Positive,3,No,Alice,Medium
FB982,C1152,11-03-2026,Grocery,Food,Email,North,4,Review,Loved it,Positive,2,Y,Deepa,Medium
FB983,C1074,2026/02/17,Grocery,Food,Survey,West,2,Good,late delivery,Negative,6,N,Bob,Medium
FB984,C1242,24-11-2025,Electronics,Laptop,website,North,3,Good,okay product,Neutral,11,Yes,Bob,Low
FB985,C1195,08/11/2025,Fashion,Women,Survey, south ,4,Review,,Positive,7,Yes,Alice,Medium
FB986,C1176,23/06/2025,Beauty,Skin,Website,North,2,,,Negative,11,N,Bob,Medium
FB987,C1082,15/08/2025,Electronics,Laptop,Email,South,2,Good,bad packaging,Negative,1,N,Alice, high
FB988,C1061,01-05-2026,Home,Furniture,website,South,4,Average,Highly recommend,Positive,8,Y,Bob,Low
FB989,C1060,2025/12/12,Grocery,Food,Email, south ,5,,Fast delivery,Positive,15,Yes,Bob,High
FB990,C1213,13/05/2025,Grocery,Food,Mobile App, south ,2,Average,bad packaging,Negative,8,no,Chris,High
FB991,C1061,06-02-2025,Fashion,Women,website,North,2,Bad,,Negative,13,no,Esha,Medium
FB992,C1163,06-02-2026,Fashion,Women,Mobile App, south ,1,,support not helpful,Negative,3,Yes,Esha, high
FB993,C1103,2025/06/08,Home,Furniture,Email, south ,5,Bad,Highly recommend,Positive,10,no,Bob,Medium
FB994,C1147,14-04-2026,Beauty,Skin,Mobile App,West,5,Review,Fast delivery,Positive,1,No,Esha,High
FB995,C1174,27-07-2025,Beauty,Hair,Website, south ,1,Good,late delivery,Negative,3,No,Alice,Medium
FB996,C1253,2025/06/20,Grocery,Beverage,Email,South,5,Good,Great support,Positive,13,Y,Deepa,High
FB997,C1110,2025/04/17,grocery,Food,Website,East,2,Good,late delivery,Negative,6,YES,Bob,Low
FB998,C1262,21/12/2025,Electronics,Laptop,Website,East,2,Bad,poor quality,Negative,3,N,Alice, high
FB999,C1085,27/02/2025,Home,Furniture,Social Media, south ,1,Review,app crash,Negative,14,No,Bob,High
FB1000,C1053,30/01/2025,Grocery,Beverage,Mobile App,North,1,Good,support not helpful,Negative,5,Y,Deepa,Medium
FB1001,C1056,06-01-2025,Fashion,Women,Social Media,South,5,,Highly recommend,Positive,3,No,Deepa,Low
FB1002,C1132,12-05-2026,Electronics,Mobile,Survey,East,2,,app crash,Negative,6,no,Alice,Medium
FB1003,C1272,05/03/2025,Electronics,Laptop,Mobile App,South,2,Bad,,Negative,1,N,Deepa,Medium
FB1004,C1072,2026/02/12,Home,Kitchen,Email,South,4,Average,Loved it,Positive,4,N,Bob,High
FB1005,C1133,30-01-2025,Home,Kitchen,Survey,East,2,Review,bad packaging,Negative,8,Y,Deepa,Low
FB1006,C1161,21/02/2025,Beauty,Hair,Survey,East,5,Good,Fast delivery,Positive,6,No,Bob, high
FB1007,C1088,03/09/2025,Grocery,Food,Social Media,West,3,,nothing special,Neutral,2,N,Deepa,Low
FB1008,C1145,24/10/2025,Electronics,Mobile,Mobile App, south ,3,Good,okay product,Neutral,7,no,Alice, high
FB1009,C1232,2025/04/18,Fashion,Women,Mobile App,South,3,Review,  nothing special!!! ,Neutral,8,N,Bob, high
FB1010,C1080,06/02/2026,Beauty,Skin,Email,East,1,Good,support not helpful,Negative,12,YES,Deepa,Medium
FB1011,C1014,26-06-2025,Beauty,Hair,website,North,1,Good,poor quality,Negative,12,Y,Bob,High
FB1012,C1101,21-12-2025,Electronics,Mobile,website,South,2,Good,late delivery,Negative,13,YES,Deepa,Medium
FB1013,C1049,2025/03/06,Fashion,Women,website,East,3,Review,works fine,Neutral,14,Yes,Deepa,Low
FB1014,C1138,2025/03/13,Fashion,Men,Website,South,3,Good,works fine,Neutral,5,Yes,Chris, high
FB1015,C1225,15-08-2025,Fashion,Men,website, south ,4,Bad,Highly recommend,Positive,10,Yes,Bob,Medium
FB1016,C1117,10-01-2026,Home,Furniture,website,West,4,Bad,Excellent product,Positive,1,No,Chris,High
FB1017,C1068,2025/06/30,Fashion,Men,website,South,4,,Excellent product,Positive,11,Y,Bob,High
FB1018,C1011,2025/04/04,Beauty,Skin,Mobile App,East,3,Good,okay product,Neutral,13,YES,Deepa,Low
FB1019,C1175,2025/03/28,Beauty,Hair,Website,North,5,Bad,Excellent product,Positive,3,No,Chris,Low
FB1020,C1120,24/04/2026,Fashion,Men,Social Media, south ,2,Average,poor quality,Negative,4,Y,Alice,High
FB1021,C1113,03-06-2025,Fashion,Men,Mobile App,West,2,,support not helpful,Negative,6,YES,Deepa,High
FB1022,C1222,2025/04/08,Beauty,Hair,Mobile App,South,4,Good,Excellent product,Positive,2,no,Deepa,High
FB1023,C1004,2025/02/04,Beauty,Hair,Email,South,2,Good,support not helpful,Negative,7,N,Alice,Medium
FB1024,C1185,23-10-2025,Electronics,Laptop,Email,West,2,Bad,app crash,Negative,5,No,Esha,High
FB1025,C1069,16/02/2025,Beauty,Hair,Email, south ,5,,Excellent product,Positive,12,YES,Alice,Low
FB1026,C1126,06/02/2025,Fashion,Men,Website,South,5,Bad,Loved it,Positive,4,Yes,Deepa,High
FB1027,C1108,24-02-2025,Beauty,Hair,Email,South,3,Review,works fine,Neutral,1,Yes,Esha,Medium
FB1028,C1046,2025/06/10,Home,Kitchen,Survey,North,2,Bad,poor quality,Negative,14,Yes,Chris,High
FB1029,C1261,26/09/2025,Grocery,Food,Social Media, south ,3,,average experience,Neutral,1,YES,Deepa,Low
FB1030,C1137,07-11-2025,Home,Furniture,Survey,South,2,Average,app crash,Negative,2,no,Bob, high
FB1031,C1118,07/09/2025,Home,Furniture,Survey,North,2,,bad packaging,Negative,10,no,Deepa, high
FB1032,C1217,2025/02/03,Grocery,Food,Website, south ,3,Review,acceptable,Neutral,12,Yes,Esha,High
FB1033,C1202,2025/10/10,Fashion,Men,Social Media,South,2,Average,bad packaging,Negative,4,Yes,Alice, high
FB1034,C1189,27-11-2025,Home,Furniture,Website, south ,5,,Great support,Positive,1,Y,Bob,Low
FB1035,C1192,03/04/2026,Home,Furniture,website,North,1,Average,poor quality,Negative,11,Yes,Bob,Low
FB1036,C1030,17-10-2025,Beauty,Hair,Email,South,1,,bad packaging,Negative,9,no,Deepa,Low
FB1037,C1277,23-09-2025,Home,Furniture,Social Media,East,5,,Great support,Positive,4,Yes,Esha,Low
FB1038,C1262,32-13-2025,Beauty,Hair,website, south ,5,Bad,Loved it,Positive,10,Y,Bob,High
FB1039,C1183,24-04-2026,Grocery,Food,Mobile App,East,2,Bad,late delivery,Negative,8,No,Bob,High
FB1040,C1116,2025/11/28,Fashion,Men,Survey,South,3,Average,average experience,Neutral,3,Y,Esha,Medium
FB1041,C1228,05-04-2026,Fashion,Women,Social Media, south ,3,Good,,Neutral,10,no,Esha, high
FB1042,C1167,08/01/2025,Fashion,Men,Email,South,2,Good,bad packaging,Negative,10,No,Alice,Low
FB1043,C1165,15/11/2025,Electronics,Mobile,Survey, south ,4,,Great support,Positive,2,No,Esha, high
FB1044,C1118,30/05/2025,Fashion,Men,website,North,3,,nothing special,Neutral,3,Y,Deepa,Medium
FB1045,C1188,09/12/2025,Beauty,Hair,Social Media,East,2,Average,bad packaging,Negative,12,YES,Chris, high
FB1046,C1196,16-09-2025,Fashion,Women,Social Media,North,2,Review,support not helpful,Negative,9,No,Bob, high
FB1047,C1056,18/03/2026,Home,Kitchen,website,South,5,,Excellent product,Positive,15,No,Deepa,High
FB1048,C1079,2025/12/17,Electronics,Mobile,Mobile App,North,2,Review,poor quality,Negative,12,No,Bob,Medium
FB1049,C1108,32-13-2025,Home,Kitchen,Website,West,5,Bad,Great support,Positive,15,No,Alice,Low
FB1050,C1025,2026/04/03,Grocery,Beverage,Email,East,5,Good,Loved it,Positive,5,YES,Alice,High
FB1051,C1053,2025/05/21,Home,Kitchen,Mobile App,North,1,Review,app crash,Negative,5,No,Bob,Low
FB1052,C1105,21-07-2025,Home,Kitchen,Survey,East,5,Review,Fast delivery,Positive,5,no,Bob,High
FB1053,C1299,09/12/2025,Grocery,Beverage,website, south ,1,,poor quality,Negative,9,No,Esha,Low
FB1054,C1236,25-10-2025,Electronics,Mobile,Email,West,5,Good,Highly recommend,Positive,8,no,Bob,High
FB1055,C1031,2025/03/08,Electronics,Laptop,Website,East,2,Bad,bad packaging,Negative,1,N,Alice,High
FB1056,C1196,24/03/2026,Electronics,Laptop,Survey, south ,2,Bad,,Negative,3,Yes,Alice,Medium
FB1057,C1043,03/11/2025,Electronics,Mobile,Mobile App,North,2,Bad,support not helpful,Negative,3,no,Chris, high
FB1058,C1163,19-02-2025,Grocery,Food,Website,East,2,,app crash,Negative,2,YES,Esha,High
FB1059,C1057,2025/03/14,Electronics,Laptop,Website,East,5,Bad,Excellent product,Positive,6,Y,Deepa,High
FB1060,C1218,2025/04/15,Beauty,Skin,Mobile App, south ,3,Review,works fine,Neutral,15,N,Alice,High
FB1061,C1121,2025/11/10,Home,Kitchen,Mobile App,East,5,Good,Great support,Positive,1,N,Deepa,High
FB1062,C1050,32-13-2025,Fashion,Men,Email,East,4,,Fast delivery,Positive,7,Yes,Chris, high
FB1063,C1196,32-13-2025,Home,Kitchen,website,West,2,Review,,Negative,7,No,Esha,Medium
FB1064,C1196,09/03/2025,Electronics,Laptop,Mobile App, south ,1,,support not helpful,Negative,13,YES,Bob, high
FB1065,C1019,13-07-2025,Grocery,Beverage,Website,North,4,,Fast delivery,Positive,4,No,Bob, high
FB1066,C1205,2025/03/16,Fashion,Men,Website,North,4,Review,  Fast delivery!!! ,Positive,4,YES,Chris,High
FB1067,C1067,15-06-2025,Fashion,Men,Mobile App,West,2,,  poor quality!!! ,Negative,2,Yes,Deepa, high
FB1068,C1217,02-07-2025,Grocery,Food,Email,West,5,Bad,Fast delivery,Positive,1,no,Alice, high
FB1069,C1044,08-12-2025,Fashion,Women,Social Media,South,5,Average,Loved it,Positive,7,N,Chris,Low
FB1070,C1137,2025/11/12,Beauty,Hair,Email,South,3,,nothing special,Neutral,15,YES,Chris,High
FB1071,C1058,2025/04/03,Electronics,Mobile,Website, south ,4,Review,Loved it,Positive,1,N,Deepa,High
FB1072,C1045,11/04/2025,Home,Furniture,Survey,East,5,,Fast delivery,Positive,9,N,Bob,Medium
FB1073,C1130,15/05/2026,Electronics,Mobile,website,North,5,Good,Great support,Positive,4,N,Alice, high
FB1074,C1004,30-10-2025,Electronics,Mobile,Social Media,South,3,Bad,acceptable,Neutral,2,N,Bob, high
FB1075,C1048,32-13-2025,Home,Furniture,Mobile App,South,1,Average,late delivery,Negative,9,no,Esha,Low
FB1076,C1131,18/12/2025,Beauty,Skin,Mobile App,West,3,Average,,Neutral,3,Y,Bob, high
FB1077,C1165,08/05/2025,Fashion,Men,Social Media,East,2,,late delivery,Negative,3,Yes,Alice,Low
FB1078,C1142,27/04/2025,Fashion,Men,Social Media,South,4,Average,Fast delivery,Positive,8,no,Esha,Medium
FB1079,C1270,23/03/2025,Beauty,Hair,Mobile App, south ,5,Good,Loved it,Positive,14,Yes,Alice,Medium
FB1080,C1269,32-13-2025,Grocery,Beverage,website,South,4,Good,Fast delivery,Positive,2,Y,Esha,Low
FB1081,C1055,01/11/2025,Home,Kitchen,Social Media,South,5,,Excellent product,Positive,8,Y,Alice,Low
FB1082,C1227,28/11/2025,Fashion,Women,Website,West,3,Bad,works fine,Neutral,13,N,Chris,Low
FB1083,C1103,12/05/2025,Home,Kitchen,Social Media,North,5,Average,  Great support!!! ,Positive,5,YES,Bob,High
FB1084,C1258,2025/07/10,Grocery,Food,Social Media,South,2,Review,app crash,Negative,1,Yes,Bob,Medium
FB1085,C1040,2025/01/08,Grocery,Beverage,Mobile App,South,1,Bad,support not helpful,Negative,5,YES,Bob, high
FB1086,C1169,21/06/2025,Fashion,Men,Website,East,1,Bad,,Negative,6,No,Alice,Low
FB1087,C1273,05-01-2025,Beauty,Skin,Survey, south ,5,Average,Loved it,Positive,14,No,Chris,High
FB1088,C1137,2025/10/08,Grocery,Beverage,website,North,5,Bad,Great support,Positive,7,Y,Chris,High
FB1089,C1273,25/06/2025,Home,Kitchen,website,North,4,Bad,Loved it,Positive,10,No,Alice,High
FB1090,C1077,26/12/2025,Grocery,Food,website, south ,4,,  Excellent product!!! ,Positive,15,Yes,Esha, high
FB1091,C1017,13/01/2026,Electronics,Mobile,Website,West,3,,acceptable,Neutral,3,No,Bob,Low
FB1092,C1057,02/12/2025,Home,Furniture,Social Media, south ,1,Average,poor quality,Negative,6,No,Esha,Low
FB1093,C1068,05/11/2025,Fashion,Women,Email,West,1,Review,poor quality,Negative,5,no,Deepa, high
FB1094,C1054,05/06/2025,Beauty,Hair,Website, south ,3,Bad,acceptable,Neutral,1,N,Chris,High
FB1095,C1135,2025/02/02,Home,Kitchen,Survey, south ,2,Good,bad packaging,Negative,5,no,Bob,Low
FB1096,C1295,02/04/2026,Beauty,Skin,website,West,1,Average,support not helpful,Negative,10,Y,Deepa, high
FB1097,C1266,20-03-2026,Electronics,Mobile,Mobile App,West,1,Good,late delivery,Negative,12,no,Chris,High
FB1098,C1170,15/05/2026,Grocery,Food,Survey,West,5,Bad,Highly recommend,Positive,1,No,Bob,Low
FB1099,C1222,05/03/2026,Fashion,Women,Survey,South,4,Bad,,Positive,2,no,Chris,Low
FB1100,C1288,2025/08/22,Beauty,Skin,Survey,West,4,Bad,Excellent product,Positive,4,Yes,Esha, high
FB1101,C1092,24-04-2026,Electronics,Mobile,website, south ,5,Bad,,positive,10,Yes,Deepa,High
FB1102,C1219,17/11/2025,Electronics,Mobile,Survey,South,3,Bad,  average experience!!! ,Neutral,11,Yes,Esha,Medium
FB1103,C1081,07-08-2025,Fashion,Women,Social Media,North,1,Bad,bad packaging,Negative,14,N,Bob, high
FB1104,C1175,22/09/2025,Beauty,Skin,Email,West,5,Good,Fast delivery,Positive,12,Y,Bob, high
FB1105,C1073,06/05/2025,Home,Kitchen,Social Media,South,2,,poor quality,Negative,1,Y,Bob,Medium
FB1106,C1237,16/05/2025,Grocery,Food,Survey,North,3,Average,okay product,Neutral,1,N,Chris,Low
FB1107,C1123,22/01/2025,Home,Furniture,Website, south ,2,Bad,bad packaging,Negative,3,N,Deepa,Low
FB1108,C1260,19-12-2025,Electronics,Mobile,Mobile App,West,3,Review,nothing special,Neutral,14,Yes,Alice, high
FB1109,C1090,15/05/2026,Fashion,Women,Social Media,West,5,Bad,Highly recommend,Positive,2,YES,Deepa,High
FB1110,C1244,2026/04/26,Home,Kitchen,Social Media,East,4,Average,Fast delivery,Positive,12,no,Chris,Low
FB1111,C1246,17-01-2025,Electronics,Laptop,website,North,4,Average,,Positive,8,Y,Deepa,Low
FB1112,C1086,03/02/2025,Fashion,Men,website, south ,2,Review,  bad packaging!!! ,Negative,1,No,Esha,Medium
FB1113,C1119,13-10-2025,Fashion,Women,website, south ,4,Review,Fast delivery,Positive,12,N,Chris,Low
FB1114,C1039,27/06/2025,Beauty,Skin,Mobile App,North,4,Good,Highly recommend,Positive,3,N,Chris,High
FB1115,C1299,2025/07/02,Home,Furniture,Social Media,West,5,Bad,Loved it,Positive,1,Y,Alice,High
FB1116,C1090,2025/02/17,Beauty,Skin,Email,South,5,,  Fast delivery!!! ,Positive,2,Y,Alice, high
FB1117,C1112,2026/01/10,Home,Furniture,Website,East,4,,Fast delivery,Positive,10,YES,Bob, high
FB1118,C1019,2025/05/05,Electronics,Laptop,Mobile App,South,1,Bad,support not helpful,Negative,9,Yes,Deepa, high
FB1119,C1045,29/08/2025,Home,Furniture,Social Media,West,2,Review,,Negative,13,no,Chris, high
FB1120,C1067,2025/04/07,Electronics,Mobile,Survey,North,4,Good,Loved it,Positive,4,no,Chris,Medium
FB1121,C1106,2025/07/12,Home,Kitchen,Survey, south ,2,Average,bad packaging,Negative,3,Y,Alice, high
FB1122,C1023,2025/12/17,Beauty,Hair,Website,South,3,Bad,okay product,Neutral,5,YES,Bob,Medium
FB1123,C1226,03-04-2026,Beauty,Skin,Mobile App,East,4,Bad,Loved it,Positive,7,YES,Deepa,Low
FB1124,C1101,2025/12/23,Fashion,Men,Website,East,3,,average experience,Neutral,9,Y,Bob, high
FB1125,C1118,21-02-2025,Home,Furniture,Email, south ,3,Good,acceptable,Neutral,13,no,Deepa,High
FB1126,C1291,2025/05/02,Fashion,Men,Social Media, south ,1,Review,app crash,Negative,4,no,Bob,Low
FB1127,C1254,2026/05/05,Beauty,Hair,website, south ,1,Bad,bad packaging,Negative,15,No,Chris,Medium
FB1128,C1217,25/05/2025,Beauty,Hair,Survey,West,2,Review,,Negative,12,no,Chris,High
FB1129,C1108,02-11-2025,electronics,Mobile,Social Media, south ,3,Average,,Neutral,10,no,Chris,Medium
FB1130,C1291,07-01-2026,Grocery,Food,Social Media, south ,5,,Highly recommend,Positive,10,YES,Esha,High
FB1131,C1248,03-11-2025,Home,Kitchen,Survey,East,4,Good,Loved it,Positive,13,N,Alice,Low
FB1132,C1187,09/04/2025,Electronics,Mobile,Website,South,1,,  poor quality!!! ,Negative,1,Y,Bob, high
FB1133,C1290,10-04-2025,Fashion,Men,Social Media,South,1,Average,app crash,Negative,14,Y,Esha,High
FB1134,C1297,13/06/2025,Home,Furniture,Email, south ,5,,Great support,Positive,9,Y,Esha,Low
FB1135,C1235,26/08/2025,Home,Kitchen,Social Media, south ,2,,support not helpful,Negative,11,YES,Deepa,Low
FB1136,C1116,05/05/2026,Electronics,Mobile,Email,North,1,Bad,bad packaging,Negative,11,N,Bob,Medium
FB1137,C1214,32-13-2025,Home,Furniture,Email,East,3,Review,nothing special,Neutral,5,YES,Esha,High
FB1138,C1217,31-07-2025,Fashion,Women,website,North,3,Review,nothing special,Neutral,4,N,Chris, high
FB1139,C1071,2025/12/18,Electronics,Mobile,website, south ,4,Bad,Highly recommend,Positive,11,YES,Esha,Low
FB1140,C1137,28/02/2025,Beauty,Hair,Website,North,1,Bad,support not helpful,Negative,1,Yes,Chris,High
FB1141,C1123,2025/10/17,Beauty,Hair,Website,South,2,,poor quality,Negative,5,Y,Alice,High
FB1142,C1018,2025/10/25,Electronics,Laptop,Email,West,4,Good,Excellent product,Positive,8,YES,Alice, high
FB1143,C1009,2026/01/09,Electronics,Mobile,Email,South,2,,late delivery,Negative,14,Y,Bob,Medium
FB1144,C1268,12/06/2025,Home,Furniture,Social Media,North,3,Average,average experience,Neutral,15,no,Deepa,High
FB1145,C1037,26-05-2025,Electronics,Mobile,Website,West,4,Average,Excellent product,Positive,9,N,Esha,Low
FB1146,C1260,2026/02/23,Grocery,Beverage,Social Media,North,4,Bad,Fast delivery,Positive,8,N,Esha,High
FB1147,C1098,03/02/2026,Home,Kitchen,website,South,4,Good,Highly recommend,Positive,4,No,Deepa,Low
FB1148,C1038,19-11-2025,Home,Kitchen,Mobile App,West,4,Bad,Loved it,Positive,15,Yes,Chris,Low
FB1149,C1033,27/07/2025,Fashion,Women,Email,North,2,Good,app crash,Negative,1,Y,Chris,High
FB1150,C1199,2026/05/06,Beauty,Hair,Email,South,2,,app crash,negative,12,No,Bob,Low
FB1151,C1000,14/06/2025,Home,Kitchen,Survey,West,1,Good,poor quality,Negative,10,No,Alice, high
FB1152,C1293,2025/02/06,Fashion,Women,Mobile App,East,5,Good,Great support,Positive,1,no,Deepa, high
FB1153,C1248,2025/11/07,Electronics,Laptop,Survey,West,2,Average,app crash,Negative,13,Yes,Esha,High
FB1154,C1113,13/08/2025,Electronics,Laptop,Email, south ,5,Review,Fast delivery,Positive,1,Y,Deepa,Low
FB1155,C1226,06/05/2025,Fashion,Women,website,North,2,Average,late delivery,Negative,3,N,Chris, high
FB1156,C1279,2026/01/28,Home,Kitchen,Survey, south ,2,Bad,support not helpful,Negative,5,N,Deepa,Medium
FB1157,C1243,2026/04/03,Home,Furniture,Mobile App, south ,4,Bad,Loved it,Positive,15,Y,Chris, high
FB1158,C1134,17/05/2025,Fashion,Women,Mobile App, south ,4,,  Highly recommend!!! ,Positive,5,YES,Deepa, high
FB1159,C1237,06-02-2025,Fashion,Women,Mobile App,South,1,Good,app crash,Negative,12,N,Esha,Medium
FB1160,C1214,2025/06/10,Electronics,Laptop,Website,East,2,,poor quality,Negative,4,Yes,Bob,Low
FB1161,C1174,05-10-2025,Fashion,Women,Social Media,East,1,Review,app crash,Negative,3,N,Esha,High
FB1162,C1008,21-12-2025,Home,Furniture,Mobile App,North,1,Average,late delivery,Negative,14,N,Chris, high
FB1163,C1289,14-06-2025,Fashion,Men,Survey, south ,2,Good,bad packaging,Negative,14,no,Alice, high
FB1164,C1227,2026/04/24,Grocery,Beverage,Email, south ,4,Review,Great support,Positive,13,No,Bob, high
FB1165,C1179,28/05/2025,fashion,Women,Social Media, south ,3,Good,works fine,Neutral,13,No,Deepa,Medium
FB1166,C1044,32-13-2025,Electronics,Mobile,Survey,North,1,Good,late delivery,Negative,4,Yes,Esha, high
FB1167,C1261,01/02/2026,Home,Kitchen,Website,East,3,Average,average experience,Neutral,2,YES,Deepa,Low
FB1168,C1187,2025/10/04,Grocery,Beverage,Survey,East,4,,Fast delivery,Positive,2,N,Esha,Low
FB1169,C1065,09/02/2026,Fashion,Women,Email,North,4,Good,Loved it,Positive,1,N,Bob,High
FB1170,C1003,2025/08/28,Beauty,Skin,Website, south ,1,Review,bad packaging,Negative,10,YES,Deepa,Medium
FB1171,C1255,15-08-2025,Grocery,Beverage,Social Media,North,5,Average,Highly recommend,Positive,15,Y,Alice,Low
FB1172,C1254,27/01/2026,Electronics,Laptop,Email,East,2,Review,bad packaging,Negative,4,no,Deepa,High
FB1173,C1054,05-10-2025,Home,Kitchen,Website,South,2,Good,app crash,Negative,14,Y,Deepa,Low
FB1174,C1008,30-05-2025,Home,Furniture,Website,North,1,Average,bad packaging,Negative,7,Y,Bob, high
FB1175,C1234,26-12-2025,Grocery,Food,Mobile App,West,3,Good,okay product,Neutral,14,No,Alice,Medium
FB1176,C1021,2025/07/28,Electronics,Mobile,Survey,South,5,Good,Loved it,Positive,6,no,Bob,Low
FB1177,C1100,2025/03/07,Home,Furniture,Social Media, south ,3,Good,  average experience!!! ,Neutral,3,no,Alice,Low
FB1178,C1136,2025/12/13,Home,Furniture,Email,North,1,Bad,  app crash!!! ,Negative,1,Y,Bob, high
FB1179,C1051,2026/03/09,Grocery,Beverage,website,East,2,Average,  support not helpful!!! ,Negative,15,no,Chris,Medium
FB1180,C1161,22/07/2025,Fashion,Women,Mobile App,West,2,Average,  poor quality!!! ,Negative,11,Y,Esha,Medium
FB1181,C1162,11-03-2026,Home,Furniture,Mobile App,North,3,,acceptable,Neutral,1,N,Deepa,Low
FB1182,C1164,13/07/2025,Grocery,Beverage,Survey, south ,3,Review,acceptable,Neutral,11,No,Deepa,Low
FB1183,C1005,26-10-2025,Grocery,Food,Mobile App, south ,3,Average,acceptable,Neutral,6,Yes,Bob,Low
FB1184,C1163,21-03-2026,Fashion,Women,Survey,East,5,Good,Fast delivery,Positive,10,No,Deepa,High
FB1185,C1118,2025/12/30,Grocery,Food,Email,South,4,Average,Great support,Positive,5,YES,Alice,Low
FB1186,C1147,2026/02/07,Beauty,Hair,Email,North,5,Review,,Positive,15,YES,Chris,Low
FB1187,C1129,12-03-2025,Grocery,Beverage,Mobile App, south ,5,,Highly recommend,Positive,4,N,Bob,Low
FB1188,C1140,03/02/2025,Beauty,Skin,website,West,5,Review,Fast delivery,Positive,2,Y,Alice, high
FB1189,C1214,12-01-2025,Home,Kitchen,Mobile App,West,4,Good,Highly recommend,Positive,8,Yes,Esha,Medium
FB1190,C1278,28-05-2025,Grocery,Beverage,Website,West,3,Good,,Neutral,11,YES,Esha, high
FB1191,C1120,25/02/2025,Electronics,Laptop,Email,North,2,Good,late delivery,Negative,14,No,Alice,Low
FB1192,C1128,31/01/2025,Fashion,Women,Social Media,South,5,Bad,Excellent product,Positive,10,YES,Bob, high
FB1193,C1087,2025/05/14,Beauty,Hair,Email,West,3,Review,works fine,Neutral,13,Yes,Alice,Low
FB1194,C1075,02-04-2026,Home,Kitchen,website,East,3,Average,average experience,Neutral,6,no,Deepa,Medium
FB1195,C1052,2025/08/30,Fashion,Women,Email,South,5,Good,Excellent product,positive,2,No,Alice,Medium
FB1196,C1067,23-08-2025,Fashion,Men,Survey, south ,4,Good,Excellent product,Positive,7,no,Chris,High
FB1197,C1161,09/12/2025,Home,Furniture,Website,West,1,Review,late delivery,Negative,4,no,Chris,High
FB1198,C1021,2025/06/04,Home,Furniture,Mobile App,North,4,Bad,Highly recommend,Positive,4,Y,Deepa,Low
FB1199,C1246,2025/01/27,Grocery,Food,Survey,East,4,Bad,Excellent product,Positive,9,Yes,Alice, high
FB1200,C1066,2025/08/20,Fashion,Women,website,South,1,Average,poor quality,Negative,1,Y,Esha,High
FB1201,C1157,03-06-2025,Home,Kitchen,Email,South,1,,  poor quality!!! ,Negative,14,Y,Deepa, high
FB1202,C1169,07/03/2026,Fashion,Men,Email,North,2,Good,app crash,Negative,12,N,Esha, high
FB1203,C1037,2025/10/20,Beauty,Hair,Website,West,3,Good,okay product,Neutral,11,Y,Chris,Low
FB1204,C1094,2025/01/09,Fashion,Women,website,West,3,Good,okay product,Neutral,8,Yes,Bob,Low
FB1205,C1036,2025/07/28,Grocery,Beverage,Website,West,3,Good,nothing special,Neutral,4,No,Deepa,High
FB1206,C1120,13/05/2026,Electronics,Mobile,Survey,North,1,,app crash,Negative,7,Y,Alice,Medium
FB1207,C1109,04-06-2025,Grocery,Food,Email,North,5,Average,  late delivery!!! ,Positive,1,Yes,Chris,Low
FB1208,C1184,2026/01/11,Fashion,Men,Social Media,East,2,Good,bad packaging,Negative,8,YES,Alice,High
FB1209,C1034,2025/10/08,Beauty,Skin,Survey,West,5,,Great support,Positive,10,Y,Deepa,Low
FB1210,C1065,2025/12/17,Beauty,Hair,Email,North,4,,Great support,Positive,4,YES,Alice,High
FB1211,C1089,2025/07/10,Beauty,Hair,Survey,South,2,Average,late delivery,Negative,5,YES,Bob,Low
FB1212,C1199,21-02-2025,Electronics,Mobile,website, south ,5,Good,,Positive,9,N,Chris,Medium
FB1213,C1115,2025/01/03,Beauty,Hair,website,East,3,Bad,acceptable,Neutral,11,YES,Alice, high
FB1214,C1004,19/03/2026,Grocery,Food,website,West,3,,okay product,Neutral,3,no,Deepa, high
FB1215,C1103,04/06/2025,Fashion,Women,website,West,1,Bad,late delivery,Negative,7,no,Chris, high
FB1216,C1207,2025/03/10,Home,Kitchen,website,South,4,Bad,Loved it,Positive,7,No,Alice,Medium
FB1217,C1029,07-12-2025,Fashion,Men,Email,South,3,Bad,average experience,Neutral,13,YES,Chris,High
FB1218,C1191,03/08/2025,grocery,Beverage,website,South,1,Average,poor quality,Negative,3,No,Deepa, high
FB1219,C1029,27-07-2025,Fashion,Women,Email,East,5,Good,Fast delivery,Positive,7,No,Alice,Low
FB1220,C1076,09-09-2025,Home,Kitchen,Social Media, south ,1,Average,support not helpful,Negative,11,Yes,Bob,Low
FB1221,C1042,24-09-2025,Fashion,Men,Email,East,3,Review,  average experience!!! ,Neutral,2,no,Alice,Low
FB1222,C1160,23/07/2025,Beauty,Skin,Mobile App,East,4,Bad,,Positive,14,Y,Alice,Low
FB1223,C1033,16-05-2026,Beauty,Hair,Survey,North,5,Review,Excellent product,Positive,13,N,Bob,Low
FB1224,C1279,24-11-2025,Home,Kitchen,Email,West,5,Review,Highly recommend,Positive,9,Y,Chris,Low
FB1225,C1168,22-12-2025,Home,Kitchen,Website,East,5,,Loved it,Positive,13,No,Deepa,Medium
FB1226,C1051,27/03/2026,Beauty,Hair,Mobile App,West,4,Review,Great support,Positive,7,N,Bob,High
FB1227,C1009,24/02/2026,Electronics,Mobile,Website, south ,2,Review,bad packaging,Negative,2,No,Bob,Low
FB1228,C1298,2025/05/18,Electronics,Laptop,website,West,4,,  Great support!!! ,Positive,7,N,Deepa, high
FB1229,C1081,14/09/2025,Fashion,Women,Email,South,2,Review,support not helpful,Negative,4,N,Alice, high
FB1230,C1109,2026/01/05,Grocery,Food,Social Media,East,2,Bad,app crash,Negative,13,No,Alice,Medium
FB1231,C1151,12-08-2025,Beauty,Skin,Website,East,4,Review,Great support,Positive,14,YES,Bob,Low
FB1232,C1122,2026/02/12,Beauty,Hair,Website,West,2,Average,support not helpful,Negative,14,YES,Bob,High
FB1233,C1261,14/10/2025,Grocery,Beverage,Email,North,3,Good,works fine,Neutral,15,No,Deepa, high
FB1234,C1119,06-04-2025,Fashion,Men,Survey, south ,5,Review,Highly recommend,Positive,10,Yes,Alice,High
FB1235,C1162,06/08/2025,Beauty,Hair,Website,North,2,Review,late delivery,Negative,12,Yes,Chris, high
FB1236,C1057,08-04-2026,Home,Furniture,Website, south ,2,Review,late delivery,Negative,4,no,Esha, high
FB1237,C1119,18-04-2025,Electronics,Mobile,Survey, south ,3,Review,acceptable,Neutral,9,no,Bob,High
FB1238,C1011,30/06/2025,Grocery,Beverage,Website,South,2,Bad,  poor quality!!! ,Negative,8,no,Bob,High
FB1239,C1155,21-03-2025,Beauty,Hair,Website,South,4,Good,Great support,Positive,3,Y,Chris,High
FB1240,C1288,22/12/2025,Home,Furniture,Email,North,4,Average,Great support,Positive,4,Yes,Alice, high
FB1241,C1269,25/02/2025,Grocery,Beverage,Email, south ,2,Bad,late delivery,negative,8,Y,Deepa,Low
FB1242,C1195,2025/02/22,Home,Furniture,Survey, south ,3,Average,average experience,Neutral,3,Yes,Esha,Medium
FB1243,C1146,2026/03/07,Beauty,Skin,website, south ,2,Bad,bad packaging,Negative,15,no,Chris, high
FB1244,C1078,18-08-2025,Fashion,Men,Social Media,East,4,,  Highly recommend!!! ,Positive,9,Y,Esha,High
FB1245,C1206,2025/04/10,Grocery,Food,Social Media, south ,5,,Great support,Positive,3,N,Alice,High
FB1246,C1218,06/05/2025,Home,Kitchen,website,North,3,Good,acceptable,Neutral,10,no,Deepa,High
FB1247,C1216,06-08-2025,Electronics,Mobile,Mobile App,East,1,,,Negative,15,YES,Chris,Medium
FB1248,C1220,2026/04/13,Beauty,Hair,Website,North,3,Bad,okay product,Neutral,11,YES,Chris, high
FB1249,C1273,2026/01/31,Electronics,Mobile,Mobile App,East,3,Review,average experience,Neutral,10,no,Deepa,High
FB1250,C1251,32-13-2025,Electronics,Mobile,website,South,1,Good,bad packaging,Negative,12,N,Chris,Low
FB1251,C1105,2025/09/27,Grocery,Beverage,Email,West,2,Good,support not helpful,Negative,2,Yes,Esha, high
FB1252,C1226,02/05/2026,Home,Furniture,Email,East,1,Good,bad packaging,Negative,15,Y,Chris,Medium
FB1253,C1222,2026/01/26,Beauty,Skin,Social Media,West,5,Review,Fast delivery,Positive,13,no,Esha,Medium
FB1254,C1099,27/05/2025,Home,Kitchen,website,West,2,,app crash,Negative,9,N,Deepa,Medium
FB1255,C1033,16-04-2025,Electronics,Mobile,Survey,North,3,Bad,works fine,Neutral,9,Yes,Bob,Low
FB1256,C1259,11-07-2025,Home,Furniture,Mobile App,North,4,Average,Excellent product,Positive,9,no,Bob,Low
FB1257,C1298,05/05/2026,Grocery,Food,Mobile App, south ,1,Good,poor quality,Negative,13,YES,Bob,High
FB1258,C1093,32-13-2025,Beauty,Hair,Email,South,2,Good,late delivery,Negative,8,Yes,Alice,Low
FB1259,C1102,08-01-2026,Electronics,Laptop,website,East,1,Average,app crash,Negative,8,Y,Deepa,Medium
FB1260,C1172,2025/08/22,Electronics,Laptop,Social Media,West,5,Bad,Great support,positive,11,YES,Alice,High
FB1261,C1059,2025/01/10,Beauty,Hair,website,South,2,,poor quality,Negative,4,Y,Bob,Low
FB1262,C1179,02-06-2025,Fashion,Women,website,North,2,,,Negative,9,Yes,Alice, high
FB1263,C1121,30/04/2025,Beauty,Skin,Email,North,2,,late delivery,Negative,1,Yes,Alice,Low
FB1264,C1085,09-01-2026,Grocery,Food,Survey,East,1,Good,support not helpful,Negative,12,Yes,Alice,High
FB1265,C1266,13/06/2025,Home,Kitchen,Survey, south ,4,Average,  Excellent product!!! ,Positive,15,N,Esha,Low
FB1266,C1039,13-03-2026,Beauty,Hair,Survey,South,4,Average,Great support,Positive,13,no,Alice,Low
FB1267,C1071,2025/06/28,Electronics,Laptop,Email,North,4,,Excellent product,Positive,8,YES,Bob,Low
FB1268,C1222,28/01/2026,Grocery,Food,Mobile App,East,3,Average,nothing special,Neutral,12,N,Alice,Low
FB1269,C1004,09-02-2026,Home,Furniture,Social Media,North,5,Average,  Loved it!!! ,Positive,6,No,Bob,High
FB1270,C1286,05-02-2025,Grocery,Beverage,Survey,North,4,Review,Highly recommend,Positive,8,YES,Deepa,Low
FB1271,C1190,2025/05/25,Beauty,Hair,Website,East,2,Review,poor quality,Negative,6,Y,Esha,Medium
FB1272,C1005,05-04-2025,Grocery,Beverage,website,East,5,,Excellent product,Positive,3,YES,Esha,Medium
FB1273,C1294,22/02/2025,Fashion,Men,Mobile App,East,3,Good,works fine,Neutral,8,no,Chris,High
FB1274,C1233,12-04-2025,Home,Kitchen,Mobile App, south ,4,Bad,Loved it,Positive,13,YES,Esha, high
FB1275,C1108,28-12-2025,Electronics,Laptop,Email,East,2,Review,,Negative,10,No,Esha, high
FB1276,C1290,09/12/2025,Home,Furniture,Website, south ,2,Average,poor quality,Negative,15,YES,Chris,Low
FB1277,C1081,05-11-2025,Beauty,Skin,Social Media, south ,2,Review,app crash,Negative,5,Y,Bob,Low
FB1278,C1139,04-06-2025,Grocery,Food,Survey,North,2,Average,late delivery,Negative,15,N,Alice,Low
FB1279,C1221,04-12-2025,Home,Furniture,Email,South,2,Average,bad packaging,Negative,8,YES,Bob,Low
FB1280,C1067,12-05-2025,Electronics,Laptop,Email,North,3,Average,works fine,Neutral,12,No,Esha,Medium
FB1281,C1047,14/03/2025,Beauty,Hair,Survey,North,1,Review,support not helpful,Negative,8,no,Deepa,Medium
FB1282,C1064,06-03-2026,Beauty,Skin,Social Media,South,3,Bad,acceptable,Neutral,13,no,Chris, high
FB1283,C1278,15-05-2025,Fashion,Men,Email, south ,1,Review,,Negative,9,N,Esha, high
FB1284,C1265,2025/06/08,Grocery,Beverage,Survey,West,4,Good,Highly recommend,Positive,9,Yes,Deepa,Low
FB1285,C1162,15/03/2025,Beauty,Skin,Mobile App,West,1,Good,app crash,Negative,3,Yes,Chris, high
FB1286,C1258,31/12/2025,Fashion,Men,Email, south ,1,Review,  bad packaging!!! ,Negative,10,No,Chris,Low
FB1287,C1279,03/11/2025,Electronics,Laptop,Social Media, south ,1,Average,support not helpful,Negative,2,Y,Bob,Medium
FB1288,C1133,19-02-2025,Grocery,Food,website, south ,2,,support not helpful,Negative,11,No,Chris,Medium
FB1289,C1218,21/05/2025,Home,Kitchen,Social Media,South,3,Review,works fine,Neutral,12,no,Deepa, high
FB1290,C1250,02/07/2025,Electronics,Mobile,Email,South,2,Review,poor quality,Negative,3,Y,Chris,High
FB1291,C1158,19-07-2025,Home,Kitchen,Mobile App,West,4,Bad,Great support,Positive,5,YES,Alice, high
FB1292,C1249,17-02-2025,Grocery,Beverage,Email,East,1,Bad,,Negative,1,N,Alice,Low
FB1293,C1220,2025/01/31,Home,Furniture,Mobile App,North,1,Average,poor quality,Negative,10,Y,Alice,Medium
FB1294,C1169,2026/01/31,beauty,Hair,website,North,1,Good,,Negative,5,Y,Esha,High
FB1295,C1210,12/08/2025,Home,Furniture,Social Media,North,1,,poor quality,Negative,2,N,Deepa,High
FB1296,C1258,07/02/2025,Home,Kitchen,Email,North,3,Review,acceptable,Neutral,15,Yes,Chris,High
FB1297,C1171,21/03/2026,Electronics,Laptop,website,South,3,Good,nothing special,Neutral,8,no,Alice, high
FB1298,C1265,2025/02/18,Grocery,Beverage,Social Media, south ,1,,,Negative,6,Y,Chris, high
FB1299,C1066,18/01/2025,Electronics,Laptop,Mobile App,West,4,Average,Fast delivery,Positive,15,Yes,Deepa,Low
FB1300,C1032,2025/01/05,Grocery,Food,Mobile App, south ,4,Good,Highly recommend,Positive,8,Y,Deepa,High
FB1301,C1085,32-13-2025,Grocery,Food,Survey,East,4,,Great support,Positive,12,Y,Alice, high
FB1302,C1102,26-04-2025,Beauty,Skin,Website,West,2,Good,late delivery,Negative,1,No,Deepa,High
FB1303,C1270,09/04/2026,Grocery,Beverage,website,East,4,Good,Excellent product,Positive,10,No,Chris, high
FB1304,C1079,2026/04/04,Home,Furniture,Mobile App,East,3,,works fine,Neutral,3,No,Chris,Low
FB1305,C1273,18-06-2025,Fashion,Women,Email,East,2,Average,poor quality,Negative,12,Yes,Deepa,Low
FB1306,C1095,24/02/2025,Grocery,Beverage,Mobile App,South,2,,poor quality,Negative,2,N,Alice,Low
FB1307,C1050,03/05/2026,Electronics,Mobile,Social Media, south ,5,Review,Loved it,Positive,10,no,Deepa, high
FB1308,C1253,2025/11/22,beauty,Skin,Mobile App,East,3,Review,acceptable,Neutral,8,YES,Chris,High
FB1309,C1082,2025/04/10,Grocery,Beverage,Social Media,South,1,Bad,app crash,Negative,11,Yes,Esha, high
FB1310,C1136,32-13-2025,Home,Kitchen,Mobile App,East,1,Average,support not helpful,Negative,2,Y,Deepa,Low
FB1311,C1163,2025/09/03,Electronics,Laptop,Mobile App, south ,5,Review,  Fast delivery!!! ,Positive,9,N,Alice,Medium
FB1312,C1200,15/02/2025,Electronics,Laptop,Email,East,5,,Fast delivery,Positive,13,Y,Alice,Medium
FB1313,C1220,2026/03/05,Fashion,Women,website,South,2,Review,  bad packaging!!! ,Negative,4,YES,Deepa, high
FB1314,C1014,14-11-2025,Home,Kitchen,Email, south ,1,Review,bad packaging,Negative,1,YES,Bob, high
FB1315,C1202,22/12/2025,Grocery,Beverage,Website,East,5,Good,Fast delivery,Positive,3,N,Bob,Low
FB1316,C1007,17-02-2026,Grocery,Food,Survey,East,5,Average,Loved it,Positive,1,no,Alice,Low
FB1317,C1126,20-06-2025,Home,Furniture,Email,East,4,Review,Great support,Positive,4,Y,Chris,High
FB1318,C1074,30/01/2026,Beauty,Skin,Website,West,4,Review,Loved it,Positive,3,No,Esha, high
FB1319,C1192,26/12/2025,Electronics,Mobile,Mobile App,West,2,Bad,poor quality,Negative,15,N,Esha,Medium
FB1320,C1290,2025/07/14,Beauty,Hair,Mobile App,North,4,Average,Loved it,Positive,1,YES,Deepa,High
FB1321,C1050,15/08/2025,Beauty,Skin,Email,West,4,Review,Great support,Positive,6,no,Chris,Medium
FB1322,C1001,01-12-2025,Electronics,Laptop,Social Media,West,2,Good,bad packaging,Negative,4,No,Deepa,Medium
FB1323,C1025,2025/03/29,Electronics,Laptop,Mobile App,North,5,Good,Highly recommend,Positive,9,Yes,Bob, high
FB1324,C1065,01/03/2025,Electronics,Mobile,website,East,1,Review,app crash,Negative,11,Yes,Alice,Medium
FB1325,C1279,2025/07/25,Beauty,Skin,Survey, south ,4,Bad,Loved it,Positive,5,no,Bob, high
FB1326,C1061,22-09-2025,Fashion,Women,website,North,5,Review,Loved it,Positive,1,No,Bob, high
FB1327,C1069,05-06-2025,Beauty,Skin,Survey,West,5,Average,Highly recommend,Positive,3,No,Deepa,Medium
FB1328,C1163,03-10-2025,Fashion,Men,website,West,4,Bad,Great support,Positive,3,Yes,Alice,Low
FB1329,C1197,2025/04/07,electronics,Laptop,Social Media,North,1,Good,poor quality,Negative,10,no,Chris,Medium
FB1330,C1297,30-01-2025,Grocery,Food,Email,South,4,Average,Highly recommend,Positive,15,YES,Deepa,Medium
FB1331,C1270,2025/04/11,Home,Furniture,Mobile App,North,3,Review,  acceptable!!! ,Neutral,14,YES,Alice,Medium
FB1332,C1091,2025/04/24,Electronics,Laptop,Email,North,1,Review,late delivery,Negative,9,N,Deepa,Medium
FB1333,C1198,01/05/2026,Beauty,Hair,website,South,3,Good,average experience,Neutral,14,no,Deepa,Medium
FB1334,C1210,13/12/2025,Fashion,Women,website,East,5,Bad,Loved it,Positive,7,No,Esha,Low
FB1335,C1207,03-03-2025,Electronics,Mobile,Email,North,4,,Great support,Positive,15,YES,Esha,High
FB1336,C1066,2025/03/10,Electronics,Mobile,Email, south ,1,Bad,app crash,Negative,8,Y,Chris,High
FB1337,C1163,32-13-2025,Beauty,Skin,Mobile App,West,2,Bad,poor quality,Negative,4,Y,Chris,High
FB1338,C1290,2025/02/04,Home,Furniture,Survey,South,5,Review,Fast delivery,Positive,14,No,Chris,High
FB1339,C1008,10-09-2025,Beauty,Hair,Website,North,3,Average,nothing special,Neutral,5,no,Deepa,Low
FB1340,C1164,2025/06/04,Electronics,Mobile,Website, south ,2,Average,bad packaging,Negative,2,YES,Alice,High
FB1341,C1174,27/09/2025,Electronics,Laptop,Social Media,North,2,Bad,poor quality,Negative,1,Y,Alice,Medium
FB1342,C1027,2025/01/14,Grocery,Food,website,East,5,Bad,Fast delivery,Positive,14,N,Deepa, high
FB1343,C1089,30-05-2025,Electronics,Laptop,Mobile App, south ,1,Average,poor quality,Negative,3,N,Bob,Low
FB1344,C1182,2025/12/21,Beauty,Skin,Social Media, south ,1,Review,poor quality,negative,11,Y,Deepa,Medium
FB1345,C1185,12/02/2026,Home,Kitchen,Website,East,3,Good,average experience,Neutral,8,N,Bob,Low
FB1346,C1009,2025/10/18,Fashion,Women,Survey,East,5,Average,Highly recommend,Positive,14,YES,Alice,High
FB1347,C1087,19-03-2025,Beauty,Skin,website, south ,5,Review,,Positive,1,Y,Bob,Medium
FB1348,C1213,16-08-2025,Fashion,Men,Email, south ,4,,Fast delivery,Positive,12,no,Alice, high
FB1349,C1257,23/11/2025,Beauty,Skin,Social Media,North,5,Average,Fast delivery,Positive,7,YES,Deepa,Medium
FB1350,C1281,2025/08/13,Fashion,Women,Mobile App,East,2,Bad,support not helpful,Negative,14,Y,Alice,High
FB1351,C1216,2025/02/28,Grocery,Beverage,Email,South,4,Average,Excellent product,Positive,5,YES,Esha,High
FB1352,C1161,20/08/2025,Grocery,Beverage,Email,South,1,Review,bad packaging,Negative,2,Yes,Esha,Medium
FB1353,C1010,2025/01/18,Grocery,Food,Email,West,3,Average,works fine,Neutral,14,Y,Bob,Medium
FB1354,C1243,15/01/2025,Beauty,Hair,Website,South,4,Good,Highly recommend,Positive,2,Yes,Chris, high
FB1355,C1181,31/05/2025,Fashion,Women,Social Media, south ,5,Bad,Loved it,Positive,12,YES,Deepa,Low
FB1356,C1122,2026/03/15,Home,Kitchen,Social Media,West,2,Review,support not helpful,Negative,5,Yes,Esha, high
FB1357,C1161,2025/11/01,Electronics,Mobile,website, south ,5,,Highly recommend,Positive,6,Yes,Chris, high
FB1358,C1161,2025/05/03,Beauty,Hair,Mobile App,North,1,Review,app crash,Negative,10,no,Chris,Low
FB1359,C1169,2025/04/23,Beauty,Skin,Social Media,West,1,Bad,poor quality,Negative,2,Yes,Bob,High
FB1360,C1231,2026/02/07,Beauty,Hair,Social Media,North,2,Bad,poor quality,Negative,15,Y,Chris,Medium
FB1361,C1257,2025/12/04,Grocery,Beverage,Social Media,East,2,Bad,  late delivery!!! ,Negative,7,Y,Deepa, high
FB1362,C1085,2025/07/12,Grocery,Food,Website,East,2,Review,app crash,Negative,3,Yes,Esha,Medium
FB1363,C1257,2026/03/05,Fashion,Women,Social Media,West,3,Good,works fine,Neutral,12,N,Bob,Medium
FB1364,C1064,16-06-2025,Grocery,Beverage,Survey,North,4,Good,Great support,Positive,6,N,Esha,Medium
FB1365,C1251,20-06-2025,Beauty,Hair,Mobile App,South,5,,Fast delivery,Positive,13,no,Bob,Low
FB1366,C1245,2025/03/18,Grocery,Beverage,Mobile App,East,1,Review,poor quality,Negative,13,N,Bob, high
FB1367,C1068,2026/01/28,Beauty,Hair,Survey,North,4,Bad,Highly recommend,Positive,10,Yes,Bob, high
FB1368,C1028,30/01/2026,Beauty,Hair,Mobile App,North,3,Average,nothing special,Neutral,3,no,Alice, high
FB1369,C1208,2025/06/25,Home,Furniture,website,South,2,Average,late delivery,Negative,11,YES,Esha,Medium
FB1370,C1019,13/06/2025,Beauty,Hair,website,South,5,Bad,Great support,Positive,14,Yes,Chris, high
FB1371,C1200,2025/12/24,Home,Furniture,Mobile App,West,3,,okay product,Neutral,15,YES,Chris,Low
FB1372,C1189,01/05/2026,Grocery,Food,Mobile App,South,1,Bad,late delivery,Negative,4,Yes,Chris,Low
FB1373,C1063,14/01/2025,Grocery,Beverage,Mobile App, south ,3,Bad,,Neutral,1,YES,Deepa,High
FB1374,C1127,28-06-2025,Electronics,Laptop,Website,West,5,Review,Highly recommend,Positive,4,no,Alice, high
FB1375,C1278,26/09/2025,Electronics,Laptop,Mobile App,North,2,,poor quality,Negative,4,N,Chris,Low
FB1376,C1094,10-03-2025,Fashion,Men,Survey,North,1,Review,poor quality,Negative,7,Yes,Esha,Low
FB1377,C1105,31-03-2026,Beauty,Hair,Social Media, south ,3,,acceptable,Neutral,9,Yes,Chris,Low
FB1378,C1235,26/01/2025,Fashion,Women,Mobile App,North,3,Average,average experience,Neutral,13,YES,Alice, high
FB1379,C1288,14-09-2025,Electronics,Mobile,Mobile App,East,5,Average,Highly recommend,Positive,12,YES,Chris, high
FB1380,C1107,03-05-2025,Fashion,Women,Survey,East,2,Review,bad packaging,negative,7,Y,Alice,Medium
FB1381,C1281,2025/11/22,Fashion,Men,Email,East,5,Review,Excellent product,Positive,14,no,Bob,Medium
FB1382,C1075,11/06/2025,Grocery,Beverage,website,South,2,Average,support not helpful,Negative,12,N,Bob, high
FB1383,C1075,05/11/2025,Electronics,Laptop,Email,West,5,Good,Fast delivery,Positive,14,no,Bob, high
FB1384,C1052,14/12/2025,Beauty,Hair,Website,North,3,Bad,okay product,Neutral,13,No,Alice, high
FB1385,C1267,2025/08/07,Grocery,Food,Mobile App,West,1,Average,poor quality,Negative,3,no,Esha,Medium
FB1386,C1190,31-08-2025,Grocery,Food,Social Media,South,2,Review,,Negative,7,N,Esha, high
FB1387,C1171,13-07-2025,Electronics,Laptop,Website,East,1,,  support not helpful!!! ,Negative,9,no,Deepa,Low
FB1388,C1174,14-04-2026,Fashion,Women,Survey, south ,2,,late delivery,Negative,2,Y,Chris,Medium
FB1389,C1280,31-08-2025,Electronics,Laptop,Email,East,2,Average,  support not helpful!!! ,Negative,3,Y,Bob, high
FB1390,C1199,05-02-2026,Home,Furniture,Email,East,1,Review,poor quality,Negative,6,No,Deepa, high
FB1391,C1124,2026/01/20,Beauty,Hair,Email,North,3,,works fine,Neutral,4,no,Deepa,Medium
FB1392,C1176,30/12/2025,Beauty,Skin,Social Media, south ,3,Average,works fine,Neutral,2,No,Alice, high
FB1393,C1262,2025/11/26,Electronics,Laptop,Survey,East,4,Review,,Positive,11,Yes,Esha,Low
FB1394,C1229,02/02/2025,Grocery,Food,website,South,5,Average,Fast delivery,Positive,14,N,Bob, high
FB1395,C1280,2026/01/12,Beauty,Hair,Survey,West,2,Bad,  support not helpful!!! ,Negative,10,Yes,Chris,Low
FB1396,C1173,05/04/2025,Fashion,Women,Mobile App,North,1,Review,poor quality,Negative,8,No,Bob,Low
FB1397,C1181,16/02/2026,Home,Kitchen,Mobile App, south ,1,,support not helpful,Negative,10,YES,Esha, high
FB1398,C1177,25/01/2026,Electronics,Laptop,Website,West,2,,late delivery,Negative,15,no,Chris,Low
FB1399,C1097,31-03-2025,Fashion,Women,website,North,3,Average,acceptable,Neutral,9,Yes,Alice,Low
FB1400,C1224,25/03/2025,Fashion,Men,Website,West,2,Bad,app crash,Negative,13,Y,Esha,Low
FB1401,C1094,2025/05/13,Electronics,Mobile,Website,South,1,Average,bad packaging,Negative,6,N,Alice,Medium
FB1402,C1031,08/02/2026,Electronics,Laptop,Mobile App, south ,1,Review,,Negative,5,YES,Esha,High
FB1403,C1101,2025/04/23,Home,Furniture,Website,South,2,Review,bad packaging,Negative,5,no,Deepa,Medium
FB1404,C1112,12-01-2026,Fashion,Women,Survey,East,3,Review,works fine,Neutral,12,N,Esha,Medium
FB1405,C1264,2025/05/16,Electronics,Mobile,Website,West,2,Good,app crash,Negative,12,Y,Alice,Low
FB1406,C1067,2026/03/13,Home,Kitchen,website, south ,2,Average,support not helpful,Negative,9,No,Esha,Medium
FB1407,C1033,2025/06/04,Electronics,Mobile,website,West,4,Average,Highly recommend,Positive,6,No,Esha,Medium
FB1408,C1234,27-06-2025,Home,Furniture,Survey,North,1,Good,late delivery,Negative,8,YES,Alice,High
FB1409,C1236,23/03/2026,Beauty,Hair,Mobile App,West,5,Review,Loved it,Positive,8,no,Alice, high
FB1410,C1099,09/09/2025,Grocery,Beverage,Website,South,4,,Fast delivery,Positive,5,no,Esha,Medium
FB1411,C1114,11/03/2026,Grocery,Beverage,Email,South,2,Average,poor quality,Negative,9,No,Chris,Medium
FB1412,C1058,2026/04/25,Fashion,Men,Social Media,North,5,Review,Highly recommend,Positive,15,Yes,Esha,Low
FB1413,C1245,01/03/2025,Grocery,Beverage,Social Media,East,2,Average,late delivery,Negative,6,N,Alice, high
FB1414,C1069,2025/03/23,Electronics,Laptop,Email,South,3,,acceptable,Neutral,5,N,Chris,High
FB1415,C1007,2025/09/27,Grocery,Food,website, south ,3,,nothing special,Neutral,7,N,Alice,High
FB1416,C1241,15/11/2025,Grocery,Beverage,Survey, south ,5,Average,Great support,Positive,4,No,Alice, high
FB1417,C1146,07/05/2025,Home,Furniture,Email,North,3,Review,nothing special,Neutral,8,No,Alice,Low
FB1418,C1287,14/12/2025,Home,Kitchen,website,East,1,Bad,poor quality,Negative,12,Yes,Deepa, high
FB1419,C1266,2025/05/12,Beauty,Skin,Email,North,4,Good,Fast delivery,Positive,11,Y,Esha,Medium
FB1420,C1182,25-06-2025,Fashion,Women,Survey, south ,3,Good,works fine,Neutral,11,YES,Deepa,High
FB1421,C1165,03/02/2025,Electronics,Mobile,Mobile App,East,5,Bad,Excellent product,Positive,4,Yes,Deepa, high
FB1422,C1092,25/01/2025,Grocery,Beverage,Social Media,East,3,Review,okay product,Neutral,2,No,Deepa,Low
FB1423,C1248,15/02/2026,Fashion,Men,Website,East,5,Average,Loved it,Positive,2,Y,Chris,Low
FB1424,C1025,2026/01/21,Beauty,Hair,Email,South,2,Average,bad packaging,Negative,5,Y,Esha,Low
FB1425,C1111,24/02/2026,Beauty,Skin,Mobile App,East,5,,  Highly recommend!!! ,Positive,6,no,Esha,Medium
FB1426,C1147,04-09-2025,Electronics,Mobile,Website,South,3,,  average experience!!! ,Neutral,3,No,Alice,High
FB1427,C1183,30/08/2025,Electronics,Mobile,website,North,5,Review,,Positive,13,no,Deepa,High
FB1428,C1126,2025/03/08,Electronics,Laptop,Mobile App, south ,4,Review,Fast delivery,Positive,6,No,Deepa,Medium
FB1429,C1252,18-10-2025,Home,Kitchen,Website,North,5,Bad,  Highly recommend!!! ,Positive,14,Y,Deepa,High
FB1430,C1032,14/09/2025,Electronics,Mobile,Social Media, south ,4,Good,Great support,Positive,8,YES,Chris,Medium
FB1431,C1196,13-12-2025,Fashion,Women,Social Media, south ,2,Bad,support not helpful,Negative,6,N,Chris, high
FB1432,C1298,29/01/2026,Electronics,Mobile,website,North,5,,Highly recommend,Positive,9,N,Esha,High
FB1433,C1182,12-03-2026,Electronics,Laptop,Mobile App,North,1,Review,support not helpful,Negative,5,no,Bob, high
FB1434,C1041,2025/12/23,Grocery,Food,Survey,West,5,Average,Highly recommend,Positive,11,Y,Chris,High
FB1435,C1105,2025/11/16,Home,Kitchen,Survey,South,2,,bad packaging,negative,5,Yes,Esha,High
FB1436,C1293,31-01-2026,grocery,Food,Survey,West,5,Good,Excellent product,Positive,15,N,Esha,Low
FB1437,C1291,24/11/2025,Grocery,Food,Survey,West,1,Review,poor quality,Negative,15,no,Esha,Low
FB1438,C1137,10-04-2025,Grocery,Beverage,Survey, south ,1,Bad,poor quality,Negative,6,YES,Bob, high
FB1439,C1185,10-01-2025,Grocery,Beverage,Mobile App,South,5,Review,  late delivery!!! ,Positive,14,Yes,Alice,Low
FB1440,C1161,15-10-2025,Home,Furniture,Mobile App, south ,2,Good,,Negative,13,Yes,Alice,Medium
FB1441,C1285,09/10/2025,Home,Kitchen,website,North,2,Review,support not helpful,Negative,11,Y,Bob,Low
FB1442,C1158,02/02/2026,Home,Furniture,Email,East,5,Bad,Excellent product,Positive,2,No,Chris, high
FB1443,C1112,05-02-2026,Home,Furniture,website,South,4,Bad,Fast delivery,Positive,3,no,Esha,Low
FB1444,C1186,2025/04/17,Home,Furniture,website,East,2,Average,poor quality,Negative,14,no,Bob, high
FB1445,C1022,06-05-2025,Grocery,Beverage,Website, south ,1,,app crash,Negative,9,N,Chris,Low
FB1446,C1135,16/02/2026,Beauty,Skin,Social Media,North,5,,,Positive,12,N,Alice,Low
FB1447,C1203,2026/04/03,Home,Kitchen,Website,North,1,Good,support not helpful,Negative,3,no,Bob, high
FB1448,C1174,11-11-2025,Beauty,Skin,Social Media,West,4,,Excellent product,Positive,5,N,Bob,Low
FB1449,C1075,2025/07/21,Grocery,Food,Social Media,West,1,Average,bad packaging,Negative,4,N,Esha,Medium
FB1450,C1032,2025/08/18,Fashion,Women,Social Media,West,1,,app crash,Negative,9,No,Esha,Low
FB1451,C1298,2025/05/18,Beauty,Hair,Social Media,North,4,Bad,Highly recommend,Positive,3,no,Esha,Low
FB1452,C1157,04-12-2025,Grocery,Beverage,Website, south ,5,,Fast delivery,Positive,6,N,Chris,Medium
FB1453,C1010,2025/07/02,Fashion,Men,Mobile App,North,2,Good,support not helpful,Negative,7,Yes,Alice, high
FB1454,C1132,11-04-2026,Electronics,Mobile,Mobile App,North,3,Good,works fine,Neutral,7,Y,Alice,Low
FB1455,C1250,2026/04/11,Home,Furniture,Survey, south ,3,Review,  acceptable!!! ,Neutral,3,No,Alice,Medium
FB1456,C1009,15-04-2025,Home,Kitchen,Email,North,1,Bad,bad packaging,Negative,3,Y,Alice, high
FB1457,C1142,2025/05/08,Electronics,Mobile,Social Media,North,5,Review,Excellent product,Positive,8,No,Esha, high
FB1458,C1152,2025/08/03,Fashion,Women,Survey,East,1,Review,app crash,Negative,5,YES,Alice,Medium
FB1459,C1091,20-08-2025,Electronics,Mobile,Website,West,1,Review,poor quality,Negative,9,N,Esha, high
FB1460,C1141,23/02/2025,Electronics,Mobile,website,West,4,Average,Fast delivery,Positive,9,No,Alice, high
FB1461,C1001,11/12/2025,grocery,Beverage,website,East,5,,Loved it,Positive,5,no,Bob,High
FB1462,C1131,2025/04/24,Home,Furniture,Mobile App,East,5,,Highly recommend,Positive,7,no,Alice,Low
FB1463,C1000,2025/01/11,Fashion,Women,Mobile App,South,2,,support not helpful,Negative,9,Yes,Esha,Low
FB1464,C1205,14/04/2026,Grocery,Beverage,Mobile App,East,4,Average,Highly recommend,Positive,7,Yes,Deepa, high
FB1465,C1092,06/04/2025,Electronics,Laptop,Website,North,5,Good,Loved it,Positive,8,no,Bob, high
FB1466,C1053,26/04/2025,Electronics,Mobile,Website,South,1,Bad,bad packaging,Negative,8,Y,Esha, high
FB1467,C1283,15-11-2025,Beauty,Hair,website,West,3,Average,works fine,Neutral,11,No,Chris, high
FB1468,C1235,06/08/2025,Fashion,Women,Website,South,1,Bad,app crash,Negative,3,YES,Bob, high
FB1469,C1170,2025/12/31,Fashion,Men,Website,South,4,Good,Great support,Positive,3,no,Deepa,Medium
FB1470,C1163,19/02/2025,Fashion,Women,website, south ,2,Good,poor quality,Negative,15,N,Deepa,High
FB1471,C1170,15-07-2025,Beauty,Skin,website,North,1,Average,poor quality,negative,12,no,Esha,Medium
FB1472,C1231,18/01/2026,Grocery,Beverage,Email, south ,5,Bad,Great support,Positive,13,Y,Esha,High
FB1473,C1281,14/08/2025,fashion,Men,Email,West,3,Review,works fine,Neutral,3,Y,Esha,Medium
FB1474,C1080,29/09/2025,Electronics,Laptop,Email,East,3,Review,,Neutral,15,N,Deepa,High
FB1475,C1145,10/05/2025,Fashion,Men,Mobile App,South,1,Good,app crash,Negative,1,N,Esha,High
FB1476,C1058,18-12-2025,Grocery,Food,Survey, south ,4,Good,  Great support!!! ,Positive,14,Y,Bob,High
FB1477,C1033,19-03-2026,Grocery,Beverage,Mobile App,East,3,,nothing special,Neutral,9,No,Esha,Low
FB1478,C1061,2026/01/29,Electronics,Laptop,Social Media,South,1,Review,support not helpful,Negative,5,YES,Bob,Low
FB1479,C1072,2025/08/15,Beauty,Skin,Social Media,West,1,Average,support not helpful,negative,5,N,Deepa,Low
FB1480,C1232,2025/04/10,Home,Furniture,Mobile App,East,4,,Fast delivery,Positive,12,No,Deepa, high
FB1481,C1012,03/09/2025,Electronics,Mobile,website, south ,5,Good,Excellent product,Positive,14,no,Bob,Low
FB1482,C1089,2026/04/12,Grocery,Food,Survey,East,4,Good,Highly recommend,Positive,2,no,Alice,High
FB1483,C1286,22/08/2025,Beauty,Hair,Survey,West,2,Good,support not helpful,Negative,9,No,Bob,Medium
FB1484,C1152,08-01-2025,Fashion,Men,Email,West,1,,support not helpful,Negative,11,N,Esha,High
FB1485,C1104,2025/02/17,Grocery,Beverage,Survey, south ,2,Good,late delivery,Negative,5,Y,Deepa, high
FB1486,C1235,15/09/2025,Fashion,Women,Social Media,East,3,Review,okay product,Neutral,12,Y,Chris,Medium
FB1487,C1189,2025/08/29,Home,Furniture,Survey,West,4,Average,Highly recommend,Positive,7,no,Alice,High
FB1488,C1055,23/07/2025,Home,Furniture,Website,West,4,Good,Fast delivery,Positive,6,N,Alice,Low
FB1489,C1251,2026/04/25,Electronics,Laptop,website,North,4,,Excellent product,Positive,6,Yes,Bob,Medium
FB1490,C1025,22-06-2025,Beauty,Hair,Survey, south ,3,Bad,nothing special,Neutral,5,Yes,Deepa,Medium
FB1491,C1032,13/05/2025,Electronics,Laptop,Social Media,South,3,Review,okay product,Neutral,9,No,Esha,Low
FB1492,C1188,10-03-2026,Grocery,Food,Mobile App,North,5,Good,Highly recommend,Positive,2,N,Bob,Low
FB1493,C1024,08/12/2025,Electronics,Mobile,Website,West,4,Review,Excellent product,Positive,9,No,Bob,Medium
FB1494,C1280,2025/08/22,fashion,Women,Mobile App, south ,1,Average,bad packaging,Negative,15,N,Bob, high
FB1495,C1126,07/09/2025,Home,Kitchen,Social Media, south ,4,Good,Great support,Positive,10,Yes,Chris,Low
FB1496,C1183,2026/04/26,Electronics,Laptop,Survey,South,1,,  late delivery!!! ,Negative,8,YES,Alice,Medium
FB1497,C1036,11/04/2025,Electronics,Mobile,website,East,2,Bad,support not helpful,Negative,4,no,Chris,Medium
FB1498,C1072,17/02/2026,Fashion,Women,Social Media, south ,4,Average,Highly recommend,Positive,10,Y,Deepa,High
FB1499,C1260,29-04-2025,Beauty,Hair,Email,East,2,Average,app crash,Negative,6,Yes,Bob,Low
FB1500,C1061,2025/09/28,Fashion,Women,Email,West,4,,Fast delivery,Positive,7,Y,Deepa,Medium
FB1501,C1138,10-02-2025,Fashion,Men,Website, south ,2,,late delivery,Negative,10,Yes,Bob,Medium
FB1502,C1049,2025/11/17,Home,Kitchen,Social Media,East,1,Average,bad packaging,Negative,7,Y,Chris,Low
FB1503,C1254,2025/10/31,Beauty,Hair,website,East,3,Average,works fine,Neutral,5,no,Alice,Low
FB1504,C1008,10-05-2025,Electronics,Laptop,Survey, south ,4,Good,Loved it,Positive,3,YES,Esha, high
FB1505,C1281,26/03/2025,Electronics,Mobile,Survey,South,3,Average,acceptable,Neutral,13,no,Chris,Medium
FB1506,C1132,01/02/2026,Home,Furniture,Social Media, south ,5,Review,  Great support!!! ,Positive,1,N,Chris, high
FB1507,C1156,2025/04/04,Home,Kitchen,Website,South,1,Average,bad packaging,Negative,13,Yes,Bob,Medium
FB1508,C1289,13-08-2025,Grocery,Beverage,website,East,4,Good,Highly recommend,Positive,8,no,Alice,Low
FB1509,C1056,22/09/2025,Grocery,Beverage,Social Media, south ,5,Bad,Fast delivery,Positive,15,Yes,Chris, high
FB1510,C1015,2025/07/28,Fashion,Women,Website,South,5,,Highly recommend,Positive,9,YES,Esha,Low
FB1511,C1262,2025/10/17,Home,Furniture,Email,South,3,Average,nothing special,Neutral,13,No,Alice,Medium
FB1512,C1265,21/04/2026,Beauty,Hair,Email,East,2,,poor quality,Negative,15,no,Bob,High
FB1513,C1077,17-08-2025,Beauty,Skin,website,South,4,Review,  Loved it!!! ,Positive,5,Y,Alice, high
FB1514,C1079,2025/08/20,Electronics,Laptop,Survey,East,4,Bad,Fast delivery,Positive,7,YES,Chris, high
FB1515,C1173,2025/08/01,Home,Kitchen,Survey,North,1,Review,poor quality,Negative,13,No,Bob,Medium
FB1516,C1153,10/03/2026,grocery,Food,website,South,4,Review,Loved it,Positive,6,Yes,Deepa,Low
FB1517,C1220,22-06-2025,Fashion,Men,website, south ,2,,,Negative,4,No,Alice,Medium
FB1518,C1172,2025/11/25,Electronics,Laptop,website,East,4,Good,Highly recommend,Positive,15,no,Alice, high
FB1519,C1086,2025/07/20,Grocery,Food,website,North,5,Review,Highly recommend,Positive,2,Yes,Alice,Low
FB1520,C1284,15-01-2026,Fashion,Men,Email,North,2,Review,late delivery,Negative,15,no,Alice,Low
FB1521,C1269,02-06-2025,Fashion,Women,Website,West,5,Review,Loved it,Positive,4,Yes,Bob,Medium
FB1522,C1072,2025/05/03,Fashion,Women,Social Media,South,1,Review,app crash,Negative,7,YES,Alice,Low
FB1523,C1180,05/09/2025,Beauty,Skin,Social Media,East,2,Average,poor quality,Negative,1,No,Deepa,Low
FB1524,C1228,22/04/2026,Home,Kitchen,website,East,2,Average,poor quality,Negative,2,No,Bob,High
FB1525,C1244,26-06-2025,Fashion,Women,Social Media,South,2,Review,bad packaging,Negative,4,No,Chris, high
FB1526,C1285,09/04/2025,Fashion,Men,Survey, south ,1,Good,late delivery,Negative,6,no,Bob, high
FB1527,C1220,13-07-2025,Fashion,Women,Mobile App,East,4,Average,Great support,Positive,5,Y,Chris,High
FB1528,C1291,2025/12/19,Home,Kitchen,website,South,1,Bad,support not helpful,Negative,6,Y,Alice, high
FB1529,C1119,09/02/2025,Home,Kitchen,Survey,South,4,Good,Highly recommend,Positive,14,Yes,Chris, high
FB1530,C1087,06-01-2025,Fashion,Men,Social Media,East,3,Review,  average experience!!! ,neutral,11,N,Alice,Low
FB1531,C1034,17-02-2026,Fashion,Women,Mobile App,East,2,Review,late delivery,Negative,3,no,Chris,High
FB1532,C1260,07/03/2026,Beauty,Hair,Mobile App, south ,1,Good,  poor quality!!! ,Negative,10,No,Alice, high
FB1533,C1269,26/01/2026,Grocery,Beverage,Social Media,West,5,Good,Great support,Positive,7,YES,Chris, high
FB1534,C1270,2025/11/13,Fashion,Men,Email, south ,5,,Excellent product,Positive,13,no,Alice, high
FB1535,C1058,2025/09/03,Grocery,Beverage,Social Media,East,4,Average,Great support,Positive,11,Y,Alice, high
FB1536,C1292,06-03-2026,Home,Furniture,Survey,North,2,Review,late delivery,Negative,6,No,Alice,Low
FB1537,C1277,08/10/2025,Fashion,Men,Social Media,South,3,Bad,,Neutral,6,YES,Esha, high
FB1538,C1132,2025/09/06,Home,Furniture,Mobile App,North,2,,bad packaging,Negative,11,YES,Alice, high
FB1539,C1096,2025/11/30,Grocery,Food,Email,North,3,,nothing special,Neutral,14,Yes,Chris, high
FB1540,C1008,2025/06/19,Fashion,Women,website,South,2,Review,app crash,Negative,7,Yes,Deepa, high
FB1541,C1008,32-13-2025,Home,Furniture,Email,West,1,Good,late delivery,Negative,4,YES,Bob,Medium
FB1542,C1024,2025/11/20,Electronics,Mobile,Mobile App, south ,1,Bad,late delivery,Negative,3,No,Deepa,High
FB1543,C1292,29/09/2025,Fashion,Women,Website,East,5,Bad,Fast delivery,Positive,12,N,Alice,High
FB1544,C1205,24-07-2025,Grocery,Food,website, south ,2,Review,bad packaging,Negative,8,No,Chris,High
FB1545,C1183,21/01/2026,Grocery,Beverage,Email,South,2,Good,app crash,Negative,4,Y,Esha,High
FB1546,C1275,06/11/2025,Grocery,Food,website,South,5,Average,Highly recommend,Positive,2,no,Esha,Medium
FB1547,C1268,09/03/2025,Grocery,Food,Mobile App,East,4,Bad,Highly recommend,Positive,4,No,Esha,Medium
FB1548,C1252,2025/03/08,Grocery,Food,Mobile App,West,3,Review,average experience,Neutral,7,No,Alice,Medium
FB1549,C1220,32-13-2025,Fashion,Men,Website,East,1,Average,late delivery,Negative,7,no,Alice,High
FB1550,C1146,12/12/2025,Beauty,Hair,Email, south ,5,Bad,  Highly recommend!!! ,Positive,2,no,Alice,Medium
FB1551,C1282,19/06/2025,Fashion,Men,Mobile App,West,1,Average,app crash,Negative,4,Y,Deepa,Low
FB1552,C1083,2025/05/31,beauty,Hair,Social Media, south ,2,,bad packaging,Negative,10,no,Chris,Medium
FB1553,C1217,20-04-2026,Grocery,Beverage,Website,West,1,,bad packaging,Negative,6,no,Chris, high
FB1554,C1066,21-08-2025,Fashion,Men,website,North,2,,poor quality,Negative,7,Y,Esha,Medium
FB1555,C1268,2026/05/08,Beauty,Skin,Mobile App,West,3,Bad,nothing special,Neutral,15,YES,Alice,Low
FB1556,C1174,19-03-2026,Fashion,Women,website, south ,4,Average,Loved it,Positive,1,YES,Alice,Low
FB1557,C1081,27-10-2025,Electronics,Mobile,Survey, south ,4,Review,Excellent product,Positive,6,N,Chris, high
FB1558,C1011,2025/03/13,Grocery,Beverage,Website,East,2,,poor quality,Negative,7,Y,Esha,Medium
FB1559,C1268,2025/09/24,Fashion,Women,Survey,West,5,Bad,Loved it,Positive,13,N,Alice,Low
FB1560,C1005,14-02-2025,Grocery,Food,Social Media,East,1,,support not helpful,negative,14,no,Deepa,Low
FB1561,C1201,10/05/2026,Fashion,Women,Mobile App,West,1,Bad,app crash,negative,13,Yes,Alice,Low
FB1562,C1252,12-10-2025,Fashion,Men,website,North,4,Bad,,Positive,12,No,Bob,Low
FB1563,C1078,10-12-2025,Electronics,Laptop,Website,West,4,,Highly recommend,Positive,8,N,Alice, high
FB1564,C1154,14-08-2025,Fashion,Women,Website,South,5,Good,Fast delivery,Positive,14,Yes,Chris,Low
FB1565,C1100,21/06/2025,Home,Furniture,Mobile App, south ,1,Average,app crash,Negative,6,Yes,Alice,Medium
FB1566,C1016,2025/01/22,Grocery,Food,Website,North,3,,  okay product!!! ,Neutral,15,Y,Chris, high
FB1567,C1082,2025/01/31,Beauty,Hair,Social Media,South,3,Average,nothing special,Neutral,14,No,Alice,Medium
FB1568,C1202,23-07-2025,Grocery,Beverage,Email,East,2,Average,poor quality,Negative,9,Yes,Chris,Low
FB1569,C1070,2025/10/31,Grocery,Beverage,Survey, south ,1,,poor quality,Negative,15,no,Alice,High
FB1570,C1018,12-10-2025,Beauty,Hair,Email,North,2,Average,support not helpful,Negative,6,Yes,Deepa,Medium
FB1571,C1214,2025/07/13,Electronics,Mobile,Email,East,4,Average,Fast delivery,Positive,6,No,Chris, high
FB1572,C1139,25-08-2025,Beauty,Hair,website,South,3,Review,okay product,Neutral,3,Yes,Bob, high
FB1573,C1100,19-04-2026,Fashion,Women,Survey,East,2,Average,poor quality,Negative,10,Y,Chris,Low
FB1574,C1062,2026/01/09,Fashion,Men,Social Media,West,4,Review,Fast delivery,Positive,11,no,Chris,Low
FB1575,C1054,03-10-2025,Electronics,Laptop,Survey, south ,4,Review,  Fast delivery!!! ,Positive,3,Y,Alice,Medium
FB1576,C1294,2025/10/09,Beauty,Hair,website, south ,2,,late delivery,Negative,8,YES,Bob,High
FB1577,C1044,2025/05/10,Home,Kitchen,Survey, south ,1,Review,bad packaging,Negative,12,N,Alice,Low
FB1578,C1289,17/03/2025,Grocery,Beverage,Social Media,South,3,Review,okay product,Neutral,5,N,Chris,High
FB1579,C1138,30/07/2025,Home,Furniture,Email,South,4,Good,Fast delivery,Positive,6,no,Bob, high
FB1580,C1009,03-02-2026,Electronics,Laptop,Website,West,5,,Fast delivery,Positive,2,No,Chris, high
FB1581,C1114,28-03-2025,Fashion,Men,Mobile App,East,3,,works fine,Neutral,11,No,Alice, high
FB1582,C1223,2025/01/05,Grocery,Beverage,website, south ,1,Review,late delivery,Negative,11,Yes,Deepa,High
FB1583,C1044,28-02-2026,Electronics,Mobile,Website,North,1,Good,bad packaging,Negative,8,No,Deepa,Medium
FB1584,C1120,22/02/2026,Fashion,Women,website, south ,5,Review,Great support,Positive,10,Yes,Esha, high
FB1585,C1212,11-02-2026,Beauty,Skin,Email,South,2,Review,late delivery,Negative,15,No,Alice, high
FB1586,C1035,14/05/2026,Home,Kitchen,Website, south ,3,Average,average experience,Neutral,9,YES,Alice,Low
FB1587,C1047,19/01/2026,Grocery,Beverage,Website,North,1,Review,late delivery,Negative,4,Yes,Chris, high
FB1588,C1250,08/08/2025,Beauty,Skin,Social Media, south ,5,Good,Highly recommend,Positive,15,no,Esha, high
FB1589,C1004,2025/07/19,Home,Furniture,Email,West,5,Good,Fast delivery,Positive,8,YES,Chris,Medium
FB1590,C1056,14/04/2025,Beauty,Skin,Mobile App, south ,2,,support not helpful,Negative,12,N,Chris,High
FB1591,C1291,02-02-2026,Home,Furniture,Website,East,5,Review,Fast delivery,Positive,7,YES,Chris,High
FB1592,C1040,16-04-2025,Grocery,Food,Social Media,West,3,,nothing special,Neutral,10,YES,Esha, high
FB1593,C1070,21/04/2026,Home,Furniture,website, south ,3,Good,acceptable,Neutral,8,No,Deepa,High
FB1594,C1234,2025/03/25,Grocery,Food,Email, south ,2,Average,late delivery,Negative,5,no,Deepa,Medium
FB1595,C1208,2025/01/23,Home,Furniture,Email,South,2,,late delivery,Negative,5,No,Deepa,Medium
FB1596,C1280,14-08-2025,Beauty,Hair,Social Media,North,1,Average,support not helpful,Negative,9,No,Deepa,Low
FB1597,C1188,2026/04/03,Grocery,Food,Email, south ,2,,support not helpful,Negative,14,N,Bob,High
FB1598,C1005,02/11/2025,Electronics,Laptop,Website,West,4,Review,Highly recommend,Positive,10,no,Bob,Medium
FB1599,C1021,2026/05/12,Home,Furniture,Mobile App,West,2,,late delivery,Negative,8,No,Alice,Medium
FB1600,C1157,2025/11/07,Home,Furniture,Website,South,4,Bad,Loved it,Positive,12,no,Chris, high
FB1601,C1257,23-04-2025,Home,Furniture,website,East,4,,Loved it,Positive,2,No,Deepa,High
FB1602,C1083,22/07/2025,electronics,Mobile,Survey,South,2,Good,support not helpful,Negative,6,YES,Alice, high
FB1603,C1205,2025/07/24,Fashion,Women,Email, south ,4,Bad,Highly recommend,Positive,10,YES,Chris, high
FB1604,C1153,2025/05/26,Home,Furniture,Website,North,3,Bad,nothing special,Neutral,5,Y,Esha,Medium
FB1605,C1009,15/12/2025,Grocery,Food,Social Media,West,4,,Loved it,Positive,11,YES,Esha,Low
FB1606,C1246,19-03-2026,Electronics,Laptop,Website,North,4,Review,Excellent product,Positive,15,Y,Chris,Low
FB1607,C1073,24/12/2025,Home,Kitchen,Website,North,4,Average,Loved it,Positive,10,Y,Deepa,High
FB1608,C1230,11/08/2025,Fashion,Men,website,North,2,Average,app crash,Negative,7,YES,Alice,Low
FB1609,C1225,32-13-2025,Fashion,Men,website,West,2,Average,,Negative,15,No,Alice,Medium
FB1610,C1101,08/09/2025,Grocery,Food,Mobile App,West,4,Review,Loved it,Positive,3,No,Bob,Medium
FB1611,C1129,28-10-2025,Home,Kitchen,Email, south ,5,Good,Loved it,Positive,12,No,Alice,Low
FB1612,C1140,16-05-2026,Electronics,Mobile,Social Media,North,3,Average,okay product,Neutral,7,Yes,Esha,Low
FB1613,C1140,2025/12/30,Beauty,Hair,Survey, south ,4,,Great support,Positive,12,YES,Bob,Medium
FB1614,C1157,16/05/2026,Fashion,Women,Website,East,4,Review,Great support,Positive,15,Yes,Alice,High
FB1615,C1064,11-06-2025,Home,Kitchen,Email, south ,2,Average,support not helpful,Negative,4,N,Esha,High
FB1616,C1150,14-02-2026,Beauty,Hair,Website,North,1,Average,support not helpful,Negative,10,YES,Bob,High
FB1617,C1075,29-01-2025,Fashion,Women,Social Media,West,5,,Loved it,Positive,15,N,Chris, high
FB1618,C1183,08-02-2025,Beauty,Skin,Survey, south ,4,Average,Highly recommend,Positive,7,no,Bob,Low
FB1619,C1146,2025/01/01,Beauty,Skin,website, south ,5,Average,Highly recommend,Positive,3,N,Deepa,High
FB1620,C1277,15-10-2025,Grocery,Food,Website, south ,1,,late delivery,Negative,11,N,Chris,Low
FB1621,C1248,2026/03/28,Fashion,Women,Website, south ,2,Review,bad packaging,Negative,13,No,Esha, high
FB1622,C1156,27/09/2025,Electronics,Mobile,Survey,South,3,,average experience,Neutral,13,Yes,Esha, high
FB1623,C1250,03/02/2026,Home,Furniture,website,East,3,Review,works fine,Neutral,10,Yes,Esha,Low
FB1624,C1299,27-11-2025,Home,Kitchen,Social Media,East,3,Good,works fine,Neutral,8,YES,Esha, high
FB1625,C1073,04/02/2026,Electronics,Mobile,Survey, south ,4,,Great support,Positive,10,Yes,Deepa,Low
FB1626,C1111,22-06-2025,Home,Furniture,Email,East,2,Review,,Negative,7,Y,Chris,Medium
FB1627,C1230,11/10/2025,Home,Furniture,Survey,West,5,Good,Highly recommend,Positive,15,No,Deepa,High
FB1628,C1095,19/09/2025,Electronics,Laptop,Website,South,2,Review,app crash,negative,14,Yes,Esha, high
FB1629,C1051,03-04-2025,Electronics,Mobile,Email,East,2,Bad,bad packaging,Negative,8,Y,Chris, high
FB1630,C1255,08/11/2025,Electronics,Mobile,Survey,North,4,Review,Fast delivery,Positive,7,Yes,Chris, high
FB1631,C1254,22-06-2025,Beauty,Skin,Social Media,North,3,Review,average experience,Neutral,8,N,Deepa,High
FB1632,C1139,30/01/2025,Fashion,Women,Social Media, south ,5,,Highly recommend,Positive,5,no,Esha, high
FB1633,C1277,06/11/2025,Beauty,Hair,Mobile App,North,2,Good,  bad packaging!!! ,Negative,3,No,Deepa,Medium
FB1634,C1031,14-10-2025,Electronics,Laptop,Survey,South,1,Bad,poor quality,Negative,2,no,Deepa,Low
FB1635,C1162,25/10/2025,Fashion,Men,Survey,West,3,Review,average experience,Neutral,13,no,Chris, high
FB1636,C1076,2025/04/23,Beauty,Skin,Social Media,East,4,Average,Excellent product,Positive,12,N,Chris,Medium
FB1637,C1135,07-05-2025,Beauty,Skin,Mobile App, south ,5,Review,Highly recommend,Positive,10,YES,Chris,High
FB1638,C1181,18-08-2025,Grocery,Food,Social Media,South,3,Review,acceptable,Neutral,13,N,Deepa,Medium
FB1639,C1115,12-04-2026,Electronics,Mobile,Social Media,South,1,,late delivery,Negative,11,Y,Chris,Low
FB1640,C1079,2025/01/24,Grocery,Beverage,Email, south ,4,Bad,Great support,Positive,1,No,Chris,High
FB1641,C1155,08/03/2025,Fashion,Men,Website,West,3,,acceptable,Neutral,9,Yes,Deepa,High
FB1642,C1116,06-03-2025,Electronics,Laptop,website,North,5,Average,Highly recommend,Positive,12,Y,Chris, high
FB1643,C1296,2025/12/03,Fashion,Women,Email,West,4,Bad,Highly recommend,Positive,5,YES,Bob,Medium
FB1644,C1223,19-02-2025,Fashion,Men,Email,West,5,,Loved it,Positive,2,no,Alice, high
FB1645,C1133,2025/07/07,Fashion,Women,website,East,4,,Great support,Positive,3,YES,Bob, high
FB1646,C1139,05/06/2025,Home,Kitchen,Survey,East,4,Review,  late delivery!!! ,Positive,6,No,Alice,Low
FB1647,C1082,08-12-2025,Fashion,Women,Email,North,5,Average,Excellent product,Positive,1,N,Bob, high
FB1648,C1016,02/09/2025,Home,Kitchen,Social Media,South,1,,late delivery,Negative,4,No,Deepa,Low
FB1649,C1001,2025/10/18,Fashion,Women,Email,West,1,,late delivery,Negative,14,Yes,Bob,High
FB1650,C1141,2025/12/27,Grocery,Food,Survey,West,3,Review,average experience,Neutral,8,no,Esha, high
FB1651,C1143,04-03-2026,Grocery,Food,Social Media,North,3,Review,average experience,Neutral,5,Yes,Esha,Medium
FB1652,C1228,16-02-2025,Home,Kitchen,website, south ,1,,  app crash!!! ,Negative,15,YES,Bob, high
FB1653,C1130,28/12/2025,Electronics,Mobile,Website,East,2,,,negative,6,No,Alice, high
FB1654,C1015,2025/09/02,Electronics,Mobile,Email,South,4,Average,Excellent product,Positive,10,Yes,Bob,High
FB1655,C1051,2025/09/08,Home,Kitchen,Email,North,3,Review,okay product,Neutral,13,Y,Esha,High
FB1656,C1072,26-02-2025,Beauty,Hair,Email, south ,2,,late delivery,Negative,3,Y,Alice,Low
FB1657,C1140,05/01/2025,Electronics,Mobile,website,West,2,,poor quality,Negative,8,N,Chris,Medium
FB1658,C1245,03/07/2025,Home,Furniture,Social Media,West,5,Bad,Highly recommend,Positive,6,Y,Deepa,Low
FB1659,C1100,2026/02/21,Electronics,Mobile,Survey,East,2,Average,app crash,Negative,8,Y,Alice, high
FB1660,C1065,2025/11/24,Grocery,Food,Survey,North,4,Average,Great support,Positive,13,N,Esha,High
FB1661,C1159,18-06-2025,Electronics,Mobile,Website,East,5,Average,Highly recommend,Positive,14,Y,Bob,Medium
FB1662,C1044,10-10-2025,Electronics,Mobile,Survey,West,5,,Excellent product,Positive,9,no,Deepa,High
FB1663,C1112,2025/05/24,Electronics,Mobile,Email,East,1,Review,support not helpful,Negative,12,No,Deepa,Low
FB1664,C1160,22/10/2025,Fashion,Men,Mobile App, south ,1,Average,poor quality,Negative,1,Yes,Bob,High
FB1665,C1294,2025/01/30,Fashion,Women,Email,East,3,Review,okay product,Neutral,15,no,Deepa,Medium
FB1666,C1062,04-05-2026,Grocery,Food,Website,East,2,Good,poor quality,Negative,7,Yes,Esha,Low
FB1667,C1102,24/09/2025,Grocery,Food,Email, south ,3,,okay product,Neutral,10,Yes,Deepa,High
FB1668,C1019,27/02/2026,Beauty,Skin,Website,North,1,Bad,bad packaging,Negative,12,YES,Bob,Low
FB1669,C1040,32-13-2025,Grocery,Beverage,Social Media,South,1,Good,bad packaging,Negative,5,N,Bob,High
FB1670,C1295,32-13-2025,Home,Kitchen,website, south ,1,,late delivery,Negative,2,Y,Alice, high
FB1671,C1197,2025/09/10,Grocery,Beverage,Survey,East,5,Review,Fast delivery,Positive,6,no,Alice, high
FB1672,C1022,07-10-2025,Beauty,Skin,Survey,North,3,Average,nothing special,Neutral,10,no,Alice, high
FB1673,C1260,02/11/2025,Beauty,Hair,website,West,4,Bad,Great support,Positive,8,N,Esha,Low
FB1674,C1162,2026/02/06,Beauty,Skin,Website, south ,5,,Loved it,Positive,15,N,Esha,Medium
FB1675,C1083,2025/12/18,Electronics,Mobile,website,North,3,Good,nothing special,Neutral,13,YES,Chris, high
FB1676,C1300,06/11/2025,Electronics,Mobile,Website,South,1,Good,poor quality,Negative,3,Yes,Bob,Low
FB1677,C1050,2025/09/27,Electronics,Mobile,Survey,East,4,,Great support,Positive,11,Yes,Deepa,Low
FB1678,C1001,01/03/2026,Home,Furniture,Email,East,4,Review,Fast delivery,Positive,8,N,Esha,Low
FB1679,C1020,2025/11/01,Beauty,Hair,Survey,South,1,Bad,app crash,Negative,10,no,Alice,High
FB1680,C1200,14-03-2025,Electronics,Laptop,Mobile App,West,3,Average,,Neutral,5,no,Alice,Medium
FB1681,C1155,26-12-2025,Home,Furniture,Mobile App,West,2,Average,support not helpful,Negative,11,No,Esha,Medium
FB1682,C1177,08/12/2025,Fashion,Women,Social Media,West,1,Good,,Negative,11,Y,Alice,Medium
FB1683,C1139,2025/06/05,Electronics,Mobile,Website,North,5,Average,Highly recommend,Positive,1,Yes,Deepa,Medium
FB1684,C1190,15/01/2025,Home,Furniture,Social Media,East,5,Bad,Excellent product,Positive,3,YES,Bob,High
FB1685,C1099,01-01-2025,Fashion,Women,Mobile App,North,1,Review,support not helpful,Negative,15,Yes,Bob,Low
FB1686,C1222,2025/11/26,Fashion,Women,website,East,1,Good,late delivery,Negative,7,YES,Chris,High
FB1687,C1020,15/06/2025,Grocery,Food,website,North,3,Good,average experience,Neutral,3,YES,Bob,High
FB1688,C1186,2025/02/05,Beauty,Skin,Website,East,1,,poor quality,Negative,15,Yes,Bob,Low
FB1689,C1220,16/06/2025,Grocery,Beverage,Survey,West,1,Average,poor quality,Negative,2,Yes,Deepa, high
FB1690,C1194,15-03-2026,Grocery,Food,Mobile App,East,5,,Excellent product,Positive,12,No,Chris,High
FB1691,C1088,2026/01/03,Beauty,Skin,Website,South,2,,  bad packaging!!! ,Negative,9,Y,Deepa,High
FB1692,C1150,08-04-2026,Beauty,Hair,Website,North,3,Bad,okay product,Neutral,9,Yes,Bob, high
FB1693,C1253,2025/11/20,Home,Kitchen,Email, south ,4,Average,Loved it,Positive,15,Y,Alice,High
FB1694,C1024,2026/02/03,Beauty,Hair,Survey, south ,5,Review,Great support,Positive,7,No,Esha,Medium
FB1695,C1288,02-12-2025,Home,Furniture,Survey,East,4,Bad,Excellent product,Positive,13,No,Bob,Medium
FB1696,C1217,26/06/2025,beauty,Skin,Email,South,4,Review,Excellent product,Positive,12,YES,Chris,Medium
FB1697,C1299,24-11-2025,Fashion,Women,website,East,4,Good,Fast delivery,Positive,1,Yes,Deepa,High
FB1698,C1294,11/03/2025,Grocery,Beverage,Social Media,North,3,,average experience,Neutral,9,Yes,Alice,Low
FB1699,C1167,2026/02/12,Home,Kitchen,Survey,East,4,Good,Great support,Positive,8,N,Chris,Medium
FB1700,C1202,2025/12/29,Home,Furniture,Survey,South,4,Average,Excellent product,Positive,3,YES,Chris,High
FB1701,C1150,2025/03/11,Electronics,Mobile,Email,East,1,,bad packaging,Negative,8,Y,Chris,High
FB1702,C1223,16-06-2025,Grocery,Food,website, south ,5,Review,Fast delivery,Positive,9,Y,Bob,High
FB1703,C1137,22-10-2025,Home,Furniture,website, south ,5,Average,Excellent product,Positive,12,YES,Deepa,High
FB1704,C1294,03/03/2025,home,Kitchen,Mobile App,East,1,Review,app crash,Negative,4,N,Bob,High
FB1705,C1003,2026/01/05,Grocery,Food,Social Media,South,3,Good,acceptable,Neutral,1,N,Bob,Low
FB1706,C1173,2025/07/11,Home,Furniture,Mobile App,South,1,,,Negative,5,No,Bob,Medium
FB1707,C1159,26/02/2026,Grocery,Food,Email, south ,5,,Highly recommend,Positive,9,Y,Deepa,Medium
FB1708,C1289,2025/03/12,Electronics,Mobile,Mobile App,North,1,Good,support not helpful,Negative,2,No,Chris,Low
FB1709,C1180,2025/05/06,Grocery,Beverage,Email,South,1,Review,app crash,Negative,15,N,Deepa,Low
FB1710,C1293,16/03/2026,Home,Furniture,website,East,4,Review,Great support,Positive,14,no,Alice, high
FB1711,C1121,07/04/2026,Home,Kitchen,Mobile App,East,5,Average,  Highly recommend!!! ,Positive,12,Yes,Chris,Medium
FB1712,C1214,12/03/2026,Beauty,Hair,website,East,4,Review,Loved it,Positive,8,no,Deepa, high
FB1713,C1298,03/01/2026,Beauty,Hair,Website, south ,3,Good,average experience,Neutral,7,No,Bob,Low
FB1714,C1299,13-05-2026,Electronics,Mobile,Email,East,3,Average,,Neutral,13,N,Deepa, high
FB1715,C1117,10-03-2026,Beauty,Skin,Survey, south ,5,Review,Great support,Positive,4,no,Esha,Low
FB1716,C1247,06-02-2026,Beauty,Skin,Website,North,2,Good,bad packaging,Negative,11,N,Alice,Low
FB1717,C1026,23/07/2025,Home,Kitchen,Email, south ,5,Average,Highly recommend,Positive,11,N,Chris, high
FB1718,C1259,2025/03/31,Fashion,Men,Email,North,2,Bad,app crash,Negative,13,YES,Deepa,Low
FB1719,C1164,25-02-2026,Home,Kitchen,Website,West,1,Good,app crash,Negative,7,No,Esha,Low
FB1720,C1015,19-01-2025,Fashion,Women,Website, south ,5,Bad,Loved it,Positive,15,N,Chris,High
FB1721,C1286,14-08-2025,Fashion,Men,website,North,4,Bad,Loved it,Positive,2,No,Chris,Low
FB1722,C1041,2025/01/11,Beauty,Skin,Survey,North,2,Bad,poor quality,Negative,2,N,Alice, high
FB1723,C1188,2025/02/25,Home,Kitchen,Mobile App,West,4,,Excellent product,Positive,1,Yes,Chris, high
FB1724,C1027,2026/04/03,Grocery,Food,Website,North,5,Good,Fast delivery,Positive,9,Yes,Chris,High
FB1725,C1194,2025/09/19,Beauty,Skin,Email,South,5,Bad,Excellent product,Positive,10,No,Alice,High
FB1726,C1054,10/05/2025,Fashion,Women,Mobile App,North,2,Bad,poor quality,Negative,11,Yes,Alice, high
FB1727,C1011,29-01-2025,Electronics,Laptop,Email,East,1,Bad,,Negative,10,Y,Alice,High
FB1728,C1091,29-12-2025,Electronics,Mobile,website,North,2,Bad,app crash,Negative,15,No,Deepa,Low
FB1729,C1096,30-04-2026,Home,Furniture,Survey,South,1,Good,support not helpful,Negative,11,YES,Deepa,High
FB1730,C1190,03/02/2025,Home,Kitchen,website,West,1,Review,bad packaging,Negative,3,No,Chris,Medium
FB1731,C1010,2025/06/28,Fashion,Men,website, south ,3,Bad,nothing special,Neutral,15,N,Bob,High
FB1732,C1243,10/08/2025,Beauty,Skin,Social Media, south ,4,Good,Fast delivery,Positive,7,Yes,Bob,Medium
FB1733,C1184,12-03-2025,Electronics,Mobile,Social Media,North,1,Review,late delivery,Negative,1,Yes,Chris, high
FB1734,C1147,02/05/2025,Home,Furniture,website, south ,5,,Great support,Positive,12,no,Esha,Low
FB1735,C1112,01/11/2025,Grocery,Food,Email,West,1,Review,app crash,Negative,2,YES,Deepa,High
FB1736,C1244,2026/02/07,Grocery,Beverage,website,North,3,Review,acceptable,Neutral,3,YES,Bob,Low
FB1737,C1231,2026/03/05,Grocery,Food,Social Media,South,1,,bad packaging,Negative,4,Y,Esha,Low
FB1738,C1227,20-01-2025,Beauty,Skin,Mobile App,South,1,,bad packaging,Negative,15,No,Alice, high
FB1739,C1244,01/11/2025,Beauty,Skin,Social Media,West,1,,bad packaging,Negative,6,N,Chris, high
FB1740,C1163,2025/10/01,Beauty,Hair,Survey,East,3,Bad,okay product,Neutral,8,Y,Chris, high
FB1741,C1006,2025/02/19,Beauty,Skin,Email, south ,2,,app crash,Negative,8,YES,Alice, high
FB1742,C1100,26/02/2025,Electronics,Mobile,website,East,3,Good,,Neutral,8,No,Deepa,Medium
FB1743,C1029,19-02-2025,Fashion,Women,Social Media,South,3,Good,nothing special,Neutral,2,YES,Chris,High
FB1744,C1022,2026/02/17,Home,Kitchen,Website,South,2,Review,poor quality,Negative,1,no,Alice,Medium
FB1745,C1158,10/11/2025,Fashion,Men,Survey, south ,5,Review,Loved it,Positive,1,Y,Esha,High
FB1746,C1199,17-07-2025,Beauty,Skin,Mobile App, south ,2,Good,poor quality,Negative,4,no,Bob,High
FB1747,C1254,18/01/2026,Fashion,Women,Survey,East,1,Good,poor quality,Negative,11,N,Esha, high
FB1748,C1024,09/02/2026,Grocery,Food,website,East,1,Review,support not helpful,Negative,10,YES,Bob, high
FB1749,C1090,23-03-2026,Grocery,Beverage,Social Media, south ,2,Review,,Negative,10,YES,Chris,High
FB1750,C1199,07/04/2026,Fashion,Women,Website,South,3,Review,average experience,Neutral,14,No,Deepa,High
FB1751,C1267,23/03/2025,Fashion,Women,Mobile App,East,5,Good,,Positive,9,no,Deepa, high
FB1752,C1292,18-02-2026,Beauty,Skin,Website,East,1,Good,  support not helpful!!! ,Negative,6,No,Esha,Medium
FB1753,C1073,30/08/2025,Fashion,Women,Survey, south ,5,,,Positive,7,YES,Esha,Medium
FB1754,C1011,2025/12/15,Home,Kitchen,Mobile App,West,3,Bad,,Neutral,13,N,Bob,Low
FB1755,C1183,13/02/2026,Fashion,Men,website,North,4,Review,,Positive,7,no,Esha,Medium
FB1756,C1176,18/03/2025,Grocery,Food,Survey, south ,5,,Great support,Positive,7,No,Esha,Low
FB1757,C1266,2026/03/22,Grocery,Beverage,website,South,3,Review,okay product,Neutral,3,N,Deepa, high
FB1758,C1022,32-13-2025,Grocery,Beverage,Email,South,2,Bad,app crash,Negative,3,YES,Alice,High
FB1759,C1138,30/12/2025,Grocery,Food,Survey,West,4,Bad,Excellent product,Positive,5,YES,Chris,Medium
FB1760,C1221,2025/05/06,Grocery,Food,Website,East,1,,poor quality,Negative,14,No,Deepa, high
FB1761,C1191,14-07-2025,Home,Furniture,Website, south ,4,Review,Excellent product,Positive,12,N,Bob,Medium
FB1762,C1284,30-07-2025,Beauty,Skin,Survey,South,1,Good,poor quality,Negative,6,YES,Esha,Medium
FB1763,C1110,2025/10/19,Electronics,Laptop,Social Media, south ,4,Review,  Loved it!!! ,Positive,9,no,Bob,Low
FB1764,C1018,16/03/2026,Grocery,Beverage,Website,West,1,Bad,  late delivery!!! ,Negative,5,Y,Bob, high
FB1765,C1068,22/01/2025,Electronics,Mobile,Survey,South,1,Good,bad packaging,Negative,8,Yes,Bob,Low
FB1766,C1136,06-02-2025,Home,Furniture,Email, south ,5,Review,Highly recommend,Positive,8,no,Chris,Medium
FB1767,C1073,2025/08/17,Home,Kitchen,Survey, south ,1,Good,app crash,Negative,8,No,Bob,Medium
FB1768,C1163,24/06/2025,Grocery,Beverage,Email, south ,2,,  bad packaging!!! ,Negative,3,No,Esha, high
FB1769,C1170,02/05/2025,grocery,Food,Survey, south ,5,Review,Great support,Positive,10,Yes,Esha,Low
FB1770,C1212,32-13-2025,Grocery,Food,Social Media, south ,1,Review,bad packaging,Negative,8,No,Esha,Medium
FB1771,C1138,08-04-2025,Beauty,Skin,Mobile App,East,4,Bad,Loved it,Positive,14,no,Bob,Medium
FB1772,C1180,21/11/2025,Home,Furniture,website,East,4,Good,Great support,Positive,5,no,Deepa,High
FB1773,C1090,2026/04/16,Beauty,Hair,Mobile App, south ,3,,nothing special,Neutral,12,YES,Deepa,Low
FB1774,C1136,05/07/2025,Fashion,Women,Website,North,3,,nothing special,Neutral,4,N,Bob,Low
FB1775,C1064,11/04/2026,Home,Kitchen,Mobile App,North,4,,Great support,Positive,12,Yes,Alice,Medium
FB1776,C1117,2025/08/30,Home,Kitchen,Social Media,West,2,Bad,bad packaging,Negative,9,N,Chris,Low
FB1777,C1044,23-03-2026,Beauty,Skin,website,South,4,Average,Loved it,positive,11,No,Chris,Medium
FB1778,C1060,2026/01/06,Home,Kitchen,Mobile App, south ,2,Review,bad packaging,Negative,4,Yes,Deepa, high
FB1779,C1207,2025/01/29,Fashion,Men,Email,West,1,Average,poor quality,Negative,12,Y,Bob,Low
FB1780,C1176,12-05-2025,Fashion,Men,Website,South,5,Good,Highly recommend,Positive,11,No,Chris,High
FB1781,C1057,2025/08/28,Home,Kitchen,Social Media, south ,4,Good,Excellent product,Positive,4,Yes,Esha,High
FB1782,C1293,29-03-2026,Fashion,Men,Survey,East,5,,Loved it,Positive,11,YES,Bob,Low
FB1783,C1239,27-06-2025,Electronics,Laptop,Website, south ,5,Good,  late delivery!!! ,Positive,4,YES,Alice,Medium
FB1784,C1163,02-01-2025,Electronics,Laptop,Survey,North,4,Review,Excellent product,Positive,2,N,Deepa, high
FB1785,C1062,14/04/2026,beauty,Skin,Mobile App,East,3,Bad,okay product,Neutral,12,N,Bob,Low
FB1786,C1169,21/01/2025,Beauty,Hair,Survey,West,1,,support not helpful,Negative,12,no,Esha, high
FB1787,C1033,2025/05/21,Fashion,Women,Social Media, south ,4,,,Positive,4,YES,Bob, high
FB1788,C1086,2025/03/20,Electronics,Mobile,Survey,West,4,Average,Loved it,Positive,8,No,Esha, high
FB1789,C1260,21/03/2026,Electronics,Mobile,Mobile App,North,1,Good,app crash,Negative,9,N,Deepa,Medium
FB1790,C1136,03-07-2025,Fashion,Men,Email,South,3,Review,nothing special,Neutral,13,no,Bob,High
FB1791,C1281,2025/03/20,Electronics,Mobile,Website,South,1,Review,,Negative,11,YES,Esha, high
FB1792,C1028,11-05-2025,Electronics,Mobile,website,North,4,Average,Loved it,Positive,10,YES,Esha,High
FB1793,C1145,2025/08/15,Beauty,Skin,Social Media,West,4,,Excellent product,Positive,11,Y,Deepa,High
FB1794,C1162,28-04-2026,Electronics,Laptop,Website,East,4,Average,Excellent product,Positive,13,No,Chris,Low
FB1795,C1159,2026/03/19,Grocery,Beverage,Social Media,West,3,Bad,works fine,Neutral,12,N,Chris,High
FB1796,C1180,18-12-2025,Home,Furniture,Survey,West,1,,app crash,Negative,4,No,Chris,Low
FB1797,C1146,32-13-2025,Beauty,Hair,Website,West,5,Average,  Fast delivery!!! ,Positive,7,N,Alice,Low
FB1798,C1048,30-04-2026,Grocery,Beverage,Survey,East,4,Review,Fast delivery,Positive,5,Y,Alice,Low
FB1799,C1103,17/11/2025,Electronics,Laptop,Survey,North,3,Bad,works fine,Neutral,10,YES,Deepa,Low
FB1800,C1108,09/04/2025,Home,Kitchen,Email,East,1,Average,app crash,Negative,4,N,Esha, high
FB1801,C1004,11/08/2025,Fashion,Women,website,East,3,Good,okay product,neutral,13,YES,Deepa,Low
FB1802,C1202,26/04/2026,Electronics,Mobile,Social Media,East,5,Good,Great support,Positive,13,no,Alice,High
FB1803,C1038,2025/12/10,Beauty,Skin,Mobile App,North,4,Bad,Highly recommend,Positive,4,Yes,Alice,High
FB1804,C1249,06/03/2026,Beauty,Hair,Social Media,West,4,Good,Fast delivery,Positive,10,N,Esha,Low
FB1805,C1133,08/03/2026,Fashion,Men,Survey,West,1,,bad packaging,Negative,3,no,Bob,Low
FB1806,C1108,21-05-2025,Fashion,Men,Website,South,3,Average,works fine,Neutral,11,no,Deepa,Low
FB1807,C1034,2025/05/19,Home,Furniture,Survey,West,3,Good,nothing special,Neutral,8,YES,Alice, high
FB1808,C1211,01-10-2025,Home,Kitchen,Social Media,North,4,,Great support,Positive,12,No,Deepa,High
FB1809,C1063,05-01-2026,Fashion,Women,Social Media,West,4,Good,Excellent product,Positive,2,No,Deepa, high
FB1810,C1277,2025/02/10,Electronics,Mobile,Mobile App,East,2,Review,bad packaging,Negative,8,Y,Bob,Low
FB1811,C1163,28/10/2025,Fashion,Men,Survey, south ,3,Good,,Neutral,1,Yes,Alice,High
FB1812,C1090,10-02-2025,Electronics,Laptop,Email,South,4,,Loved it,Positive,6,Yes,Bob,Medium
FB1813,C1076,21-01-2025,Home,Furniture,website,North,5,,Highly recommend,Positive,2,N,Chris,Low
FB1814,C1208,2026/04/26,Electronics,Mobile,website,East,2,Review,,Negative,7,Yes,Deepa,Medium
FB1815,C1062,2026/03/21,Fashion,Men,website,East,3,Review,okay product,Neutral,10,No,Deepa,Medium
FB1816,C1021,2025/12/30,Beauty,Skin,Mobile App,North,2,,app crash,Negative,3,N,Deepa, high
FB1817,C1032,2025/03/26,Grocery,Beverage,Social Media,East,3,,acceptable,Neutral,7,YES,Bob,High
FB1818,C1101,2025/04/11,Beauty,Skin,Survey, south ,4,Review,Excellent product,Positive,11,Y,Deepa,Low
FB1819,C1117,28-11-2025,Electronics,Mobile,Mobile App,West,5,Bad,,Positive,7,N,Bob,Medium
FB1820,C1170,27/03/2026,Grocery,Food,Mobile App,West,5,Good,Highly recommend,Positive,9,Yes,Bob,Medium
FB1821,C1222,31-03-2025,Home,Kitchen,Email,South,5,Bad,Fast delivery,Positive,13,No,Esha,Medium
FB1822,C1254,27/04/2025,Fashion,Women,Social Media,South,1,Average,late delivery,Negative,6,Y,Alice,High
FB1823,C1218,14/05/2025,Electronics,Mobile,Social Media,West,4,Review,Great support,Positive,7,No,Deepa,High
FB1824,C1223,06-02-2026,Home,Kitchen,website,North,5,Average,Fast delivery,positive,2,Y,Alice,Medium
FB1825,C1073,2025/04/20,grocery,Food,Mobile App,North,2,,  support not helpful!!! ,Negative,12,No,Esha,Low
FB1826,C1284,13-02-2025,Grocery,Food,Website,West,2,Average,late delivery,Negative,4,Y,Deepa, high
FB1827,C1060,16-08-2025,Fashion,Women,Email,West,4,Review,Excellent product,Positive,2,Y,Esha,Low
FB1828,C1061,2026/04/15,Electronics,Laptop,Website,West,4,Review,Fast delivery,Positive,6,Y,Deepa,High
FB1829,C1242,2026/01/06,Beauty,Skin,Email,West,2,Good,late delivery,Negative,2,Yes,Chris,Low
FB1830,C1175,15-03-2026,Electronics,Laptop,Mobile App,East,3,Review,nothing special,Neutral,2,Y,Chris, high
FB1831,C1250,2025/06/10,Home,Furniture,Mobile App, south ,3,Review,average experience,Neutral,13,YES,Bob,Low
FB1832,C1232,24/09/2025,Fashion,Men,Email,West,5,Review,Great support,Positive,6,No,Bob,High
FB1833,C1146,15/05/2025,Grocery,Food,Email,West,3,Good,nothing special,Neutral,8,N,Esha,Medium
FB1834,C1107,27-03-2025,Home,Kitchen,Social Media, south ,5,Bad,Loved it,Positive,8,no,Alice,High
FB1835,C1151,2026/05/03,Fashion,Men,Social Media,East,3,Average,average experience,Neutral,6,YES,Chris,Medium
FB1836,C1244,26/12/2025,Beauty,Skin,Survey,South,2,Bad,,Negative,1,Y,Esha, high
FB1837,C1044,04/10/2025,Electronics,Mobile,Website, south ,1,Good,late delivery,Negative,9,No,Deepa,Low
FB1838,C1105,19/01/2026,Electronics,Laptop,Website,South,1,Review,support not helpful,Negative,1,YES,Chris,Low
FB1839,C1066,2026/03/30,Fashion,Women,Social Media,South,2,Average,support not helpful,Negative,2,No,Alice, high
FB1840,C1192,10/12/2025,Grocery,Food,Email,South,4,Bad,Fast delivery,Positive,5,no,Chris,Medium
FB1841,C1026,2025/09/06,Electronics,Laptop,Website,South,2,Average,bad packaging,Negative,7,no,Chris,Medium
FB1842,C1193,2025/06/04,Beauty,Hair,Website,North,5,Review,  Great support!!! ,Positive,14,no,Deepa, high
FB1843,C1123,13-10-2025,Home,Furniture,Email,East,3,Bad,nothing special,Neutral,12,No,Deepa,High
FB1844,C1110,2025/08/13,Beauty,Hair,Website, south ,2,Bad,poor quality,Negative,3,N,Chris,Low
FB1845,C1272,12-01-2025,Grocery,Food,Survey, south ,5,Average,Fast delivery,Positive,1,Y,Bob,High
FB1846,C1222,18-12-2025,Home,Furniture,Website, south ,1,Bad,bad packaging,Negative,5,No,Deepa,Low
FB1847,C1043,23-07-2025,Fashion,Women,Website,West,4,Review,Fast delivery,Positive,15,YES,Bob,Low
FB1848,C1204,16/01/2025,Fashion,Men,Mobile App,South,1,Bad,poor quality,Negative,3,YES,Deepa,High
FB1849,C1083,01/10/2025,Electronics,Mobile,website,North,4,Review,Excellent product,Positive,10,Y,Bob,Medium
FB1850,C1156,20-07-2025,Grocery,Food,Email,West,1,Average,support not helpful,Negative,1,Yes,Alice,High
FB1851,C1179,11-03-2026,Beauty,Skin,Website,East,1,Review,poor quality,Negative,5,N,Deepa,High
FB1852,C1164,2025/05/13,Grocery,Food,Email,East,3,,nothing special,Neutral,15,Y,Bob,High
FB1853,C1124,2025/10/19,Beauty,Skin,Survey,South,3,Review,works fine,Neutral,3,Yes,Chris,High
FB1854,C1000,01/06/2025,Fashion,Men,Website,South,1,Review,late delivery,Negative,10,No,Chris,High
FB1855,C1033,23-04-2026,Beauty,Hair,Mobile App,West,4,Average,Excellent product,positive,1,no,Bob,Medium
FB1856,C1292,09/03/2026,Grocery,Food,Email,South,2,Average,poor quality,Negative,9,YES,Esha, high
FB1857,C1176,2025/03/13,Grocery,Food,Website,North,3,Review,  nothing special!!! ,Neutral,13,no,Bob,Low
FB1858,C1288,24/06/2025,Home,Kitchen,website,East,4,,Excellent product,Positive,14,N,Bob,Low
FB1859,C1089,2026/05/06,Electronics,Laptop,website,North,3,Review,okay product,Neutral,13,N,Esha,Medium
FB1860,C1201,10-07-2025,Grocery,Beverage,Survey,West,5,,Fast delivery,Positive,3,no,Esha, high
FB1861,C1195,09-05-2025,Home,Furniture,website,North,4,Bad,Highly recommend,Positive,4,YES,Chris,High
FB1862,C1129,2025/01/01,Fashion,Men,Website,West,2,Good,,Negative,5,Y,Esha,High
FB1863,C1250,2026/01/08,Electronics,Mobile,Social Media,West,5,,Highly recommend,Positive,4,no,Alice,Medium
FB1864,C1265,2025/11/14,Beauty,Hair,website,West,4,Average,,Positive,2,YES,Esha,High
FB1865,C1048,03-10-2025,Home,Furniture,Website,West,5,Average,Excellent product,Positive,13,No,Deepa, high
FB1866,C1019,28/06/2025,Grocery,Beverage,website,South,1,Average,bad packaging,Negative,9,N,Bob, high
FB1867,C1295,03-05-2026,Home,Furniture,Mobile App,East,2,,support not helpful,Negative,5,No,Bob, high
FB1868,C1123,2025/04/21,Electronics,Laptop,Social Media,West,4,Good,Loved it,Positive,4,No,Chris,Medium
FB1869,C1253,01/07/2025,Electronics,Laptop,Survey,East,1,Bad,late delivery,Negative,5,N,Chris,Low
FB1870,C1300,17/03/2026,Electronics,Laptop,Email,West,4,Good,Excellent product,Positive,1,No,Chris,Medium
FB1871,C1141,25-12-2025,Home,Furniture,website,East,4,Bad,Great support,Positive,15,no,Esha,Low
FB1872,C1161,32-13-2025,Home,Kitchen,Social Media,North,4,Review,  Great support!!! ,Positive,1,YES,Deepa,Medium
FB1873,C1005,09/01/2026,Fashion,Women,Survey, south ,4,Average,Excellent product,Positive,14,No,Deepa,High
FB1874,C1081,2026/04/15,Grocery,Beverage,Mobile App,North,1,Bad,support not helpful,Negative,8,Y,Esha,Medium
FB1875,C1289,2025/08/04,Fashion,Men,Website,West,4,Average,Excellent product,Positive,14,N,Chris,Low
FB1876,C1088,2025/03/21,Home,Kitchen,Mobile App,East,3,Bad,okay product,Neutral,10,no,Chris, high
FB1877,C1245,25/02/2026,Fashion,Women,website,North,1,Good,poor quality,Negative,5,N,Chris, high
FB1878,C1247,02/01/2026,Electronics,Mobile,website,South,5,Bad,Great support,Positive,15,No,Esha, high
FB1879,C1257,29/01/2026,Grocery,Beverage,Website, south ,5,Average,Excellent product,Positive,1,no,Deepa, high
FB1880,C1167,08/01/2025,Electronics,Laptop,Email,North,5,Review,Highly recommend,Positive,1,N,Bob,High
FB1881,C1295,24-07-2025,Electronics,Mobile,Website,East,1,Average,late delivery,Negative,3,YES,Bob, high
FB1882,C1276,2026/03/08,Grocery,Beverage,Website,West,1,Review,app crash,Negative,4,Y,Deepa,Medium
FB1883,C1206,30-11-2025,Electronics,Mobile,Website,South,4,,Loved it,Positive,5,no,Esha, high
FB1884,C1264,08/05/2025,Beauty,Skin,Social Media,North,2,,support not helpful,Negative,12,No,Bob,High
FB1885,C1174,22-10-2025,Fashion,Men,website,South,3,Good,nothing special,Neutral,8,No,Alice, high
FB1886,C1116,2026/05/07,Home,Furniture,Social Media,West,3,Average,okay product,Neutral,14,N,Alice,Medium
FB1887,C1122,26/04/2026,Beauty,Hair,Survey, south ,1,Average,bad packaging,Negative,8,Yes,Chris, high
FB1888,C1069,07-08-2025,Beauty,Hair,Social Media,East,2,,,Negative,1,no,Esha,Low
FB1889,C1148,10-01-2026,Electronics,Mobile,Social Media,East,3,Bad,acceptable,Neutral,3,no,Esha,Low
FB1890,C1187,11-09-2025,Beauty,Hair,Social Media,West,2,Review,poor quality,Negative,1,Y,Alice, high
FB1891,C1127,01-04-2026,Home,Kitchen,Survey,West,1,Good,app crash,Negative,14,no,Chris,Medium
FB1892,C1099,19-11-2025,Electronics,Mobile,Survey,East,2,Bad,bad packaging,Negative,4,Yes,Deepa, high
FB1893,C1284,05-05-2026,Grocery,Food,website, south ,2,Average,bad packaging,Negative,8,No,Esha,High
FB1894,C1097,12-07-2025,Grocery,Food,Survey,East,5,Bad,Great support,Positive,8,N,Deepa,High
FB1895,C1222,03/02/2025,Beauty,Hair,website,North,3,Bad,,Neutral,2,YES,Bob,Medium
FB1896,C1166,32-13-2025,Electronics,Mobile,website,North,1,Average,support not helpful,Negative,13,YES,Deepa, high
FB1897,C1108,2025/05/28,Home,Furniture,Website,West,5,,Loved it,Positive,1,Yes,Chris, high
FB1898,C1015,09/12/2025,Home,Kitchen,website,South,3,,works fine,Neutral,7,Y,Esha, high
FB1899,C1161,31/03/2025,Home,Furniture,Social Media,East,4,Review,Fast delivery,Positive,3,Yes,Esha, high
FB1900,C1128,25-03-2025,Electronics,Mobile,Social Media,West,3,Review,nothing special,Neutral,15,No,Bob,Medium
FB1901,C1195,2026/02/26,Grocery,Food,website, south ,5,Review,Great support,Positive,11,no,Esha,Medium
FB1902,C1256,2026/01/23,Fashion,Men,Website,West,1,Good,bad packaging,Negative,1,no,Deepa,Medium
FB1903,C1259,29/03/2026,Grocery,Food,Social Media, south ,3,Good,okay product,Neutral,8,No,Esha,Medium
FB1904,C1152,06-01-2025,Fashion,Men,Social Media, south ,3,Good,average experience,Neutral,6,YES,Esha,High
FB1905,C1005,17-03-2025,Electronics,Mobile,Website,South,1,Bad,support not helpful,Negative,8,Y,Deepa,Low
FB1906,C1204,19/11/2025,Fashion,Women,Email,South,5,Review,Great support,Positive,10,YES,Chris,Medium
FB1907,C1175,22/11/2025,Fashion,Men,website,South,4,Average,Loved it,Positive,11,YES,Deepa, high
FB1908,C1014,04/04/2025,Grocery,Food,Email,North,5,Review,Excellent product,Positive,11,Yes,Bob,High
FB1909,C1120,20/04/2025,Fashion,Women,Website,North,3,,nothing special,Neutral,3,no,Chris,High
FB1910,C1121,24-04-2026,Home,Kitchen,website, south ,2,Bad,app crash,Negative,8,YES,Deepa,High
FB1911,C1264,2025/06/30,Electronics,Mobile,Email,West,2,,bad packaging,Negative,7,No,Chris, high
FB1912,C1214,05/05/2026,Fashion,Men,website,South,5,,Loved it,Positive,7,YES,Deepa,Low
FB1913,C1289,24/05/2025,electronics,Mobile,Website,East,3,Review,okay product,Neutral,5,N,Esha,High
FB1914,C1204,06/01/2026,Grocery,Food,Email,West,5,Average,Excellent product,Positive,8,YES,Chris,High
FB1915,C1291,05/04/2025,Grocery,Food,Email, south ,4,Bad,Great support,Positive,14,YES,Chris,Medium
FB1916,C1122,32-13-2025,Electronics,Mobile,Website, south ,5,Bad,Loved it,Positive,14,N,Chris, high
FB1917,C1043,17/09/2025,Grocery,Beverage,Survey,East,3,Review,works fine,Neutral,5,no,Alice,High
FB1918,C1171,13/02/2025,Home,Kitchen,Social Media,South,3,,okay product,Neutral,13,Y,Bob,Medium
FB1919,C1083,2026/02/02,Fashion,Men,website,North,4,Good,Excellent product,Positive,12,Y,Deepa,High
FB1920,C1047,18/07/2025,Fashion,Women,Email,North,4,Good,Highly recommend,Positive,12,Y,Esha,High
FB1921,C1246,25-05-2025,Fashion,Men,Email,West,5,Average,Excellent product,Positive,2,YES,Esha,High
FB1922,C1019,2025/06/26,Electronics,Laptop,Survey,South,4,Average,Excellent product,Positive,6,Y,Bob,Low
FB1923,C1056,24-09-2025,Electronics,Mobile,website,South,2,,poor quality,Negative,12,No,Alice, high
FB1924,C1255,2025/07/02,Electronics,Mobile,Survey,East,3,,acceptable,Neutral,12,Y,Deepa,Medium
FB1925,C1154,2025/08/12,Beauty,Skin,website,West,3,Review,average experience,Neutral,10,No,Esha, high
FB1926,C1070,2025/06/16,Fashion,Men,Survey,North,3,Good,acceptable,Neutral,13,No,Deepa,Low
FB1927,C1202,13-02-2026,Electronics,Laptop,Social Media,West,3,Review,nothing special,Neutral,11,no,Chris, high
FB1928,C1113,2025/12/10,Electronics,Laptop,Website,West,3,,acceptable,Neutral,13,YES,Deepa, high
FB1929,C1157,2025/11/12,Beauty,Skin,Website,South,5,,Fast delivery,Positive,5,No,Bob,Medium
FB1930,C1044,20/09/2025,Grocery,Food,Email,South,1,Review,support not helpful,Negative,9,YES,Chris, high
FB1931,C1039,01/01/2026,Beauty,Hair,Survey,South,5,Bad,Loved it,Positive,14,Y,Deepa,Medium
FB1932,C1159,06/12/2025,Electronics,Laptop,Survey,East,1,Average,,Negative,13,Yes,Deepa,Medium
FB1933,C1106,2025/09/03,Electronics,Laptop,Website, south ,1,Bad,,Negative,10,no,Deepa, high
FB1934,C1279,15-03-2025,Electronics,Mobile,website,North,1,Review,bad packaging,Negative,8,Y,Esha,Medium
FB1935,C1088,2026/03/03,Electronics,Laptop,Survey,North,4,Review,Great support,Positive,3,Y,Bob,Medium
FB1936,C1033,2025/11/10,Home,Furniture,website,West,2,,bad packaging,Negative,1,No,Alice,High
FB1937,C1061,2026/01/25,Fashion,Women,Email,North,5,Good,Great support,Positive,14,Y,Esha, high
FB1938,C1260,06-09-2025,Beauty,Skin,Mobile App, south ,5,,Loved it,Positive,15,Yes,Deepa,Medium
FB1939,C1177,03/02/2026,Fashion,Women,Website,East,3,Good,average experience,Neutral,13,Y,Esha,Low
FB1940,C1217,19-10-2025,Home,Kitchen,Email,South,1,Average,poor quality,Negative,2,no,Esha,Medium
FB1941,C1135,2025/11/23,Beauty,Skin,Mobile App,West,1,Good,late delivery,Negative,8,Y,Deepa, high
FB1942,C1088,31/01/2026,Fashion,Women,Survey,West,4,,  Excellent product!!! ,Positive,8,Y,Chris,High
FB1943,C1220,24-08-2025,Beauty,Skin,Website,West,3,,nothing special,Neutral,15,YES,Deepa,High
FB1944,C1050,12/09/2025,Grocery,Food,Website,East,4,Good,Loved it,Positive,3,YES,Deepa,High
FB1945,C1103,07-11-2025,Home,Kitchen,Email,North,5,Good,Loved it,Positive,13,Y,Bob,Medium
FB1946,C1075,2025/05/08,Grocery,Beverage,Email,East,2,,late delivery,Negative,9,Yes,Deepa, high
FB1947,C1104,2025/11/28,Fashion,Men,Mobile App,East,2,Average,bad packaging,Negative,14,YES,Alice, high
FB1948,C1103,26-12-2025,Grocery,Beverage,Mobile App,West,1,Bad,bad packaging,Negative,6,No,Bob,Low
FB1949,C1135,2025/12/08,Grocery,Beverage,Social Media,East,4,Bad,Fast delivery,Positive,7,Y,Esha, high
FB1950,C1157,2026/03/14,Electronics,Mobile,Website,South,1,Bad,support not helpful,Negative,10,YES,Alice, high
FB1951,C1011,01/05/2026,Electronics,Laptop,website, south ,5,Good,Excellent product,Positive,11,N,Alice,Low
FB1952,C1068,12-05-2026,Fashion,Men,website,North,3,Good,okay product,Neutral,7,No,Chris,Low
FB1953,C1284,26/01/2026,Home,Kitchen,Survey, south ,3,,works fine,Neutral,14,YES,Deepa,High
FB1954,C1233,2025/06/30,Home,Kitchen,Email,North,1,Bad,poor quality,Negative,2,No,Chris,Medium
FB1955,C1046,2025/05/12,Fashion,Men,Mobile App,North,2,Bad,app crash,Negative,7,N,Chris,High
FB1956,C1264,2025/04/02,Grocery,Food,Social Media,South,3,Average,nothing special,Neutral,12,no,Deepa,High
FB1957,C1238,26-01-2026,Grocery,Food,Survey, south ,1,Review,late delivery,Negative,2,YES,Esha, high
FB1958,C1229,02/02/2026,Grocery,Food,Email, south ,5,,Excellent product,Positive,9,N,Deepa,High
FB1959,C1136,09/02/2026,Fashion,Men,website, south ,3,,,Neutral,7,Y,Esha,Low
FB1960,C1249,2025/05/23,fashion,Women,Mobile App,East,5,Good,Fast delivery,Positive,14,Y,Deepa,High
FB1961,C1072,26/06/2025,Electronics,Laptop,Social Media,West,1,Review,bad packaging,Negative,8,No,Bob,High
FB1962,C1202,16-04-2026,Fashion,Women,Mobile App,North,3,Good,okay product,Neutral,4,N,Bob,Low
FB1963,C1214,05/02/2025,Home,Kitchen,Website, south ,2,Average,bad packaging,Negative,3,N,Esha,High
FB1964,C1165,2025/12/14,Fashion,Men,website,East,4,Review,Loved it,Positive,11,N,Esha,Medium
FB1965,C1018,2025/12/17,Electronics,Mobile,Mobile App, south ,3,Bad,acceptable,Neutral,4,No,Bob,Medium
FB1966,C1182,07-08-2025,Home,Kitchen,Email,South,2,Bad,late delivery,Negative,2,Y,Bob,High
FB1967,C1249,24-10-2025,Fashion,Men,Mobile App,East,4,Average,,Positive,14,N,Esha,High
FB1968,C1190,02-07-2025,Fashion,Men,Social Media, south ,1,,app crash,Negative,14,Yes,Chris,High
FB1969,C1056,06-06-2025,Beauty,Hair,Mobile App,South,5,Average,Great support,Positive,5,YES,Esha,High
FB1970,C1297,32-13-2025,Home,Kitchen,Mobile App,West,1,Review,poor quality,Negative,15,N,Esha,High
FB1971,C1237,27-01-2026,Home,Kitchen,Survey,East,4,Bad,Loved it,Positive,2,Y,Alice,Medium
FB1972,C1277,15-01-2025,Electronics,Laptop,Website,South,4,Review,Excellent product,Positive,1,Yes,Bob,High
FB1973,C1086,2025/05/15,Fashion,Women,Website,East,4,Review,Fast delivery,Positive,7,Yes,Bob,Low
FB1974,C1189,2026/03/31,Electronics,Mobile,Email,East,3,,okay product,Neutral,14,No,Bob,Medium
FB1975,C1147,2025/12/16,Electronics,Mobile,Email,South,2,Bad,bad packaging,Negative,5,Yes,Deepa,High
FB1976,C1074,2025/09/03,Beauty,Hair,Email,South,4,Average,Excellent product,Positive,6,N,Deepa, high
FB1977,C1103,14/11/2025,Grocery,Food,Survey,South,2,Review,,Negative,5,Yes,Esha,High
FB1978,C1088,2026/02/05,Home,Furniture,Email, south ,1,Review,support not helpful,Negative,7,N,Alice, high
FB1979,C1022,2025/01/28,Grocery,Beverage,Email,North,3,Review,average experience,Neutral,2,Y,Esha,High
FB1980,C1081,2025/04/30,Fashion,Women,Email,West,2,Average,bad packaging,Negative,8,N,Chris,Medium
FB1981,C1000,28/03/2025,Beauty,Hair,Social Media,North,3,Good,acceptable,neutral,14,Yes,Chris,Medium
FB1982,C1013,2026/01/26,Home,Kitchen,Website,West,5,,Great support,Positive,3,N,Esha,High
FB1983,C1258,2025/07/16,Electronics,Mobile,Email,East,3,,nothing special,Neutral,15,no,Chris,High
FB1984,C1187,16/04/2025,Grocery,Food,Survey,South,3,Bad,average experience,Neutral,6,Y,Deepa,Medium
FB1985,C1076,2025/12/23,Home,Furniture,Survey,East,3,Average,acceptable,Neutral,13,no,Deepa,Low
FB1986,C1129,28/07/2025,Home,Furniture,Email,West,5,Bad,Loved it,Positive,4,no,Bob,High
FB1987,C1228,09-10-2025,Beauty,Skin,Mobile App, south ,1,Review,  support not helpful!!! ,Negative,10,no,Bob,Low
FB1988,C1007,28/01/2025,Beauty,Skin,Mobile App,East,4,Review,Fast delivery,Positive,6,Y,Deepa,High
FB1989,C1006,2025/03/09,Grocery,Food,Social Media, south ,1,Good,,Negative,6,YES,Deepa,High
FB1990,C1185,06-11-2025,Beauty,Hair,Website,East,5,Good,Great support,Positive,12,Yes,Chris,Low
FB1991,C1100,03/05/2025,Grocery,Food,website,South,4,Bad,Highly recommend,Positive,10,Y,Bob,Medium
FB1992,C1003,05-04-2025,Beauty,Skin,Website,South,4,Average,Fast delivery,Positive,9,N,Alice, high
FB1993,C1190,2025/03/06,Electronics,Mobile,Email,East,5,Average,Excellent product,Positive,6,Y,Chris, high
FB1994,C1187,25/01/2025,Electronics,Laptop,Social Media, south ,1,Bad,poor quality,Negative,15,N,Chris, high
FB1995,C1241,2025/07/18,Electronics,Laptop,website,South,1,Review,late delivery,Negative,5,no,Bob,Low
FB1996,C1230,20/10/2025,Home,Furniture,Mobile App,West,2,Review,bad packaging,Negative,12,YES,Chris,High
FB1997,C1286,32-13-2025,grocery,Food,Survey,West,3,Bad,average experience,Neutral,7,No,Esha, high
FB1998,C1076,25/02/2025,Grocery,Food,Mobile App,West,1,Average,app crash,Negative,7,no,Deepa,High
FB1999,C1147,2026/03/02,Fashion,Women,Survey,East,2,Bad,bad packaging,Negative,13,No,Alice, high
FB2000,C1256,01-12-2025,Fashion,Women,Survey, south ,2,Good,late delivery,Negative,10,no,Chris,High
FB2001,C1014,2026/05/12,Fashion,Men,Social Media, south ,5,Good,Fast delivery,Positive,5,YES,Bob, high
FB2002,C1207,24/04/2025,Beauty,Hair,Email,West,5,Good,  Fast delivery!!! ,Positive,11,Y,Deepa,High
FB2003,C1123,2025/04/08,Fashion,Men,Social Media,East,1,Review,support not helpful,Negative,13,No,Alice, high
FB2004,C1193,20-02-2026,Fashion,Men,Website,South,4,Bad,Highly recommend,Positive,11,Yes,Alice, high
FB2005,C1158,20-09-2025,Fashion,Men,Website,North,3,,  acceptable!!! ,Neutral,8,Y,Bob, high
FB2006,C1285,25-01-2025,Grocery,Beverage,website,East,3,Review,okay product,Neutral,14,Y,Bob, high
FB2007,C1047,32-13-2025,Beauty,Hair,Website,North,4,Review,Great support,positive,12,N,Deepa, high
FB2008,C1027,01/03/2026,Electronics,Laptop,Social Media,West,3,Good,  okay product!!! ,Neutral,5,N,Bob,Low
FB2009,C1079,2025/03/18,Beauty,Hair,Email,North,3,Review,okay product,Neutral,8,no,Chris,Low
FB2010,C1154,26/03/2026,Beauty,Hair,website,East,2,Bad,poor quality,Negative,6,no,Chris, high
FB2011,C1078,32-13-2025,Grocery,Food,Survey,East,5,Bad,,Positive,8,Yes,Alice,Medium
FB2012,C1177,2025/08/05,Beauty,Skin,Social Media, south ,1,Average,late delivery,Negative,12,N,Chris,High
FB2013,C1129,30/01/2026,Home,Furniture,Mobile App, south ,2,Bad,app crash,Negative,8,Yes,Bob,High
FB2014,C1091,27-11-2025,Grocery,Food,Website, south ,4,Review,Loved it,Positive,6,Yes,Esha, high
FB2015,C1149,06-02-2026,Home,Furniture,Social Media, south ,5,,Fast delivery,Positive,1,N,Bob,Low
FB2016,C1120,23-03-2025,Fashion,Women,Social Media,West,2,Bad,late delivery,Negative,11,YES,Bob,Medium
FB2017,C1105,2025/09/17,Fashion,Women,Website,East,4,Good,Highly recommend,Positive,14,No,Esha, high
FB2018,C1191,07-03-2025,Beauty,Hair,Survey,North,5,Review,Loved it,Positive,14,Yes,Bob,Low
FB2019,C1286,2026/03/13,Fashion,Women,Social Media,South,2,Good,,Negative,2,Y,Chris,Low
FB2020,C1210,02/11/2025,Beauty,Skin,website,North,4,,Loved it,Positive,12,Yes,Deepa,High
FB2021,C1200,32-13-2025,Home,Furniture,Social Media, south ,4,Bad,Fast delivery,Positive,7,Y,Deepa,High
FB2022,C1238,17-07-2025,Fashion,Women,Survey,West,3,Good,  okay product!!! ,Neutral,7,no,Chris, high
FB2023,C1281,05/05/2025,Home,Kitchen,Email,East,4,Review,Great support,Positive,8,Y,Chris,Medium
FB2024,C1225,2026/01/30,Beauty,Skin,Website,East,3,Bad,okay product,Neutral,9,YES,Deepa, high
FB2025,C1086,04/01/2026,Home,Furniture,Survey,North,2,Average,late delivery,Negative,3,No,Chris, high
FB2026,C1194,2026/04/07,Home,Furniture,Social Media,South,5,Average,Great support,Positive,13,N,Esha,High
FB2027,C1128,02/09/2025,Beauty,Skin,Social Media,West,4,,Loved it,Positive,11,YES,Alice,Low
FB2028,C1258,2026/03/27,Fashion,Women,Email, south ,3,Average,works fine,Neutral,9,Y,Chris,Low
FB2029,C1041,25-09-2025,Home,Kitchen,Mobile App,South,2,Bad,bad packaging,Negative,14,N,Bob,Low
FB2030,C1071,08-08-2025,Fashion,Women,Social Media,East,2,Good,poor quality,Negative,4,no,Esha,Low
FB2031,C1265,08/05/2026,Beauty,Hair,Email,North,5,Review,Loved it,Positive,10,Y,Bob, high
FB2032,C1136,17-05-2025,Beauty,Skin,Survey,South,3,Bad,average experience,Neutral,5,N,Deepa,Low
FB2033,C1105,28-04-2025,Beauty,Hair,Mobile App,South,1,Average,,Negative,8,no,Bob,Medium
FB2034,C1259,2025/01/08,Grocery,Food,Social Media,East,2,Good,late delivery,Negative,11,Yes,Deepa,High
FB2035,C1066,04/06/2025,Fashion,Women,Website,West,5,Review,Great support,Positive,3,no,Bob, high
FB2036,C1259,22/07/2025,Fashion,Women,Website,North,2,Bad,late delivery,Negative,11,YES,Chris,Low
FB2037,C1083,01/03/2025,Beauty,Skin,Mobile App,South,1,,app crash,Negative,9,N,Chris,Low
FB2038,C1000,21-04-2026,Fashion,Women,Mobile App,South,2,Bad,app crash,Negative,12,Y,Alice,Medium
FB2039,C1079,05/03/2026,Electronics,Laptop,Social Media,East,2,Review,bad packaging,Negative,4,N,Esha, high
FB2040,C1047,2025/03/11,Home,Kitchen,Website, south ,4,Average,Highly recommend,Positive,8,N,Chris,Low
FB2041,C1033,27-03-2025,Fashion,Men,Survey,North,5,Good,Excellent product,Positive,14,Yes,Alice,Medium
FB2042,C1186,2025/12/20,Fashion,Men,Email,North,4,Good,Highly recommend,Positive,5,YES,Esha,High
FB2043,C1255,2025/04/04,Fashion,Women,website,West,3,Average,nothing special,Neutral,6,no,Deepa,Low
FB2044,C1194,2025/05/29,Beauty,Skin,Mobile App, south ,1,Good,  bad packaging!!! ,Negative,6,no,Esha,High
FB2045,C1288,06/05/2025,Electronics,Laptop,Email,West,3,Good,acceptable,Neutral,4,Y,Deepa, high
FB2046,C1246,2025/02/02,Fashion,Men,website,West,1,Good,late delivery,Negative,11,Yes,Esha,Medium
FB2047,C1073,16/04/2026,Home,Kitchen,website,South,2,Bad,poor quality,Negative,7,YES,Chris,Medium
FB2048,C1296,06-09-2025,Home,Furniture,Survey, south ,2,Review,late delivery,Negative,3,N,Deepa,High
FB2049,C1124,2025/01/05,Home,Furniture,Mobile App,East,5,Average,Loved it,Positive,1,Yes,Deepa,High
FB2050,C1209,12-05-2026,Fashion,Men,Mobile App,North,5,,Great support,Positive,5,Y,Esha,High
FB2051,C1177,2026/05/07,Grocery,Food,Website,North,5,,Highly recommend,Positive,13,YES,Deepa, high
FB2052,C1013,01-11-2025,Electronics,Mobile,Email,East,5,Review,Fast delivery,Positive,10,N,Alice,Low
FB2053,C1160,15-09-2025,Home,Furniture,website,East,1,,support not helpful,Negative,2,YES,Deepa,Medium
FB2054,C1203,09/02/2026,Grocery,Food,Social Media, south ,1,Review,bad packaging,Negative,2,No,Chris,Low
FB2055,C1113,03-03-2025,Electronics,Mobile,Email,North,1,Bad,bad packaging,Negative,10,N,Esha,Low
FB2056,C1030,2026/02/04,Home,Furniture,Email,South,2,Good,poor quality,Negative,3,Y,Alice,Low
FB2057,C1190,2025/08/30,Home,Kitchen,Mobile App, south ,3,Bad,okay product,Neutral,2,N,Chris,Medium
FB2058,C1034,01-03-2025,Electronics,Laptop,Social Media,East,1,Good,app crash,Negative,11,YES,Alice,Medium
FB2059,C1106,19/05/2025,Beauty,Skin,Email,North,5,Bad,Fast delivery,Positive,11,Y,Deepa, high
FB2060,C1200,25-01-2026,Grocery,Beverage,Survey,North,1,Average,late delivery,Negative,13,YES,Deepa,Medium
FB2061,C1185,25/06/2025,Electronics,Mobile,Social Media,West,1,,poor quality,Negative,5,No,Deepa,Low
FB2062,C1130,06/01/2025,Beauty,Skin,Survey,West,3,,okay product,Neutral,7,Y,Bob,Low
FB2063,C1218,2026/01/15,Electronics,Mobile,website,South,2,Review,late delivery,Negative,15,YES,Esha,Medium
FB2064,C1296,16-10-2025,electronics,Mobile,Mobile App,East,4,,Fast delivery,Positive,10,Y,Deepa,Low
FB2065,C1298,2025/05/30,Home,Furniture,Website,East,4,Review,,Positive,4,No,Bob,High
FB2066,C1053,03/02/2025,Grocery,Beverage,Website,South,4,Bad,Fast delivery,Positive,15,YES,Chris,Low
FB2067,C1032,12/01/2025,Grocery,Food,Email, south ,3,Good,nothing special,Neutral,5,No,Deepa,Low
FB2068,C1036,2025/03/23,Electronics,Mobile,Survey, south ,5,Good,Fast delivery,Positive,3,YES,Esha,Low
FB2069,C1270,26-07-2025,Beauty,Skin,Email,West,4,Bad,Excellent product,Positive,3,N,Alice,High
FB2070,C1077,2025/12/05,Electronics,Laptop,Mobile App,North,1,Average,support not helpful,Negative,13,Y,Alice,Medium
FB2071,C1143,32-13-2025,Beauty,Hair,Website, south ,4,Good,Great support,Positive,4,Y,Alice,Low
FB2072,C1222,2025/10/05,Grocery,Food,Website, south ,2,Bad,app crash,Negative,3,Y,Alice,Low
FB2073,C1107,2026/03/15,Grocery,Food,Social Media,North,2,,support not helpful,Negative,5,no,Alice, high
FB2074,C1026,2025/01/04,Grocery,Beverage,Survey,West,4,Bad,Excellent product,Positive,1,No,Esha,High
FB2075,C1169,2025/02/12,Grocery,Beverage,Survey, south ,4,Average,Highly recommend,Positive,5,No,Esha,Medium
FB2076,C1193,2025/01/22,Electronics,Mobile,Email,East,4,Bad,Excellent product,Positive,5,no,Deepa,Low
FB2077,C1284,23/02/2025,Beauty,Hair,Survey,East,1,Good,app crash,Negative,1,YES,Bob, high
FB2078,C1174,26/01/2025,Grocery,Beverage,Website,West,1,Review,support not helpful,Negative,13,N,Chris,High
FB2079,C1158,19/10/2025,Fashion,Women,Survey,East,5,Good,Fast delivery,Positive,13,no,Bob,Low
FB2080,C1204,05-05-2025,Beauty,Hair,Email, south ,4,Average,Fast delivery,Positive,6,Yes,Chris,High
FB2081,C1102,24-04-2026,Home,Furniture,website,North,3,Average,okay product,Neutral,13,Y,Alice,Low
FB2082,C1093,11-12-2025,Grocery,Beverage,website,North,1,Review,support not helpful,Negative,7,N,Esha,Low
FB2083,C1124,22-02-2025,Grocery,Food,Mobile App,West,4,Good,Great support,Positive,8,Y,Bob,Medium
FB2084,C1059,2025/07/19,Grocery,Food,Website,East,4,Good,Fast delivery,Positive,2,N,Chris, high
FB2085,C1026,30/07/2025,Fashion,Men,Mobile App,East,2,Review,support not helpful,Negative,10,N,Esha,Medium
FB2086,C1166,11-01-2026,Grocery,Beverage,website,South,2,Bad,app crash,Negative,12,YES,Chris, high
FB2087,C1039,15/11/2025,Grocery,Beverage,Mobile App,East,3,Bad,works fine,Neutral,2,No,Chris,High
FB2088,C1233,21/12/2025,Home,Kitchen,Survey,West,5,Bad,Fast delivery,Positive,7,No,Chris,Medium
FB2089,C1164,2025/01/19,Beauty,Skin,website,East,1,,bad packaging,Negative,9,no,Deepa,Low
FB2090,C1164,11/09/2025,Fashion,Men,Survey,West,4,Bad,,Positive,8,No,Esha,High
FB2091,C1147,06/10/2025,Fashion,Men,Email,South,3,Average,works fine,Neutral,9,No,Esha,Low
FB2092,C1286,01/02/2025,Home,Furniture,Mobile App,North,2,Bad,,Negative,7,Yes,Chris,Medium
FB2093,C1229,32-13-2025,Grocery,Food,Website, south ,3,Average,okay product,Neutral,14,Y,Deepa, high
FB2094,C1025,2025/04/23,Grocery,Beverage,website,South,3,Bad,works fine,Neutral,14,no,Bob, high
FB2095,C1055,2025/09/11,Home,Furniture,Social Media,South,2,Average,bad packaging,Negative,14,YES,Chris, high
FB2096,C1066,2025/09/17,Fashion,Men,Survey,North,3,Review,works fine,Neutral,4,no,Alice,Low
FB2097,C1269,12-03-2025,Beauty,Hair,website,East,3,,,Neutral,9,No,Alice,Medium
FB2098,C1300,09/07/2025,Electronics,Mobile,Website,South,5,,Great support,Positive,13,No,Deepa,High
FB2099,C1279,32-13-2025,Home,Furniture,Social Media,West,2,Bad,app crash,Negative,14,no,Alice,Low
FB2100,C1027,2025/08/29,Electronics,Mobile,Mobile App,South,2,Bad,poor quality,Negative,1,No,Chris, high
FB2101,C1054,08/01/2026,Beauty,Skin,Mobile App,East,1,Good,app crash,Negative,14,N,Deepa, high
FB2102,C1284,08/04/2025,Fashion,Men,Social Media,South,5,,Great support,Positive,15,no,Chris,Low
FB2103,C1026,2025/11/06,Electronics,Mobile,Survey,East,2,,app crash,Negative,4,no,Alice,Medium
FB2104,C1207,17/04/2025,Fashion,Women,Website,East,2,Average,late delivery,Negative,11,Yes,Bob, high
FB2105,C1124,10/02/2025,Grocery,Food,Email,West,1,Average,app crash,Negative,9,YES,Esha,Medium
FB2106,C1245,2025/11/26,Grocery,Food,Email,West,3,Good,okay product,Neutral,14,No,Deepa,High
FB2107,C1148,26-10-2025,Grocery,Food,website,West,2,Bad,support not helpful,Negative,6,YES,Alice,Medium
FB2108,C1015,2025/12/25,Electronics,Mobile,Mobile App,West,3,Bad,okay product,Neutral,5,No,Chris, high
FB2109,C1194,2026/01/19,Fashion,Men,Email,North,5,Bad,Loved it,Positive,10,No,Alice,High
FB2110,C1030,2025/04/07,electronics,Mobile,website,East,3,Good,acceptable,Neutral,8,Y,Chris,Low
FB2111,C1072,11-02-2026,Grocery,Beverage,Email,West,4,Review,Loved it,Positive,10,No,Deepa,Low
FB2112,C1089,17-02-2025,Electronics,Laptop,website,West,1,,late delivery,Negative,15,YES,Bob, high
FB2113,C1276,10/04/2025,Electronics,Laptop,Email,South,5,Average,Highly recommend,Positive,2,Y,Alice,High
FB2114,C1084,2025/12/02,Home,Furniture,Mobile App,South,1,,bad packaging,Negative,15,YES,Esha,High
FB2115,C1198,2025/02/02,Home,Kitchen,Website,North,5,Bad,Highly recommend,Positive,4,No,Deepa,High
FB2116,C1132,2025/03/31,Beauty,Skin,Mobile App, south ,1,Good,,Negative,2,YES,Bob,Low
FB2117,C1017,02/01/2026,Electronics,Mobile,Survey,East,3,Good,acceptable,Neutral,2,no,Esha,Medium
FB2118,C1204,24/10/2025,Beauty,Skin,website,West,5,,Excellent product,Positive,7,YES,Chris,Low
FB2119,C1223,2025/03/15,Grocery,Beverage,website, south ,3,Good,average experience,neutral,6,No,Alice,High
FB2120,C1056,20/09/2025,Grocery,Beverage,Social Media,East,5,Bad,Loved it,Positive,14,no,Esha,Low
FB2121,C1257,21/07/2025,Home,Furniture,Mobile App,South,4,Average,Excellent product,Positive,13,no,Alice,High
FB2122,C1241,2026/01/30,Beauty,Hair,website,North,2,Average,poor quality,Negative,11,Y,Deepa,Low
FB2123,C1013,12-02-2026,Home,Kitchen,Mobile App,West,2,Bad,poor quality,Negative,5,YES,Deepa,Low
FB2124,C1106,2025/08/08,Beauty,Hair,Email, south ,4,Average,  Excellent product!!! ,Positive,2,no,Bob,Low
FB2125,C1225,14-07-2025,Beauty,Skin,Survey,East,1,Good,app crash,Negative,10,Yes,Bob,High
FB2126,C1054,08/02/2025,Fashion,Men,Email,West,1,Bad,late delivery,Negative,3,N,Chris,Medium
FB2127,C1026,20/10/2025,Electronics,Mobile,Email,North,5,Review,Great support,Positive,2,Y,Chris,Medium
FB2128,C1179,2025/09/21,Fashion,Women,Email, south ,3,Good,okay product,Neutral,15,no,Bob,Medium
FB2129,C1110,2025/04/13,Grocery,Beverage,Survey, south ,1,,support not helpful,Negative,8,No,Alice,Medium
FB2130,C1012,03/06/2025,Grocery,Beverage,Survey,North,5,Bad,Loved it,Positive,6,No,Bob,Medium
FB2131,C1057,2025/05/19,Beauty,Hair,Email,North,1,Bad,poor quality,Negative,7,no,Esha, high
FB2132,C1066,14-05-2025,Fashion,Women,Social Media,South,4,Good,Great support,Positive,14,Yes,Bob,Medium
FB2133,C1001,21-02-2025,Fashion,Women,Email, south ,2,Average,bad packaging,Negative,7,N,Esha,Medium
FB2134,C1224,24/04/2025,Home,Kitchen,Email,East,4,,Fast delivery,Positive,5,Yes,Esha,Low
FB2135,C1023,16/11/2025,Home,Furniture,Survey, south ,2,,bad packaging,Negative,9,no,Esha, high
FB2136,C1032,16-02-2026,Beauty,Hair,Mobile App, south ,5,Bad,Fast delivery,Positive,4,Yes,Bob,Medium
FB2137,C1022,16/01/2025,Grocery,Food,Social Media,North,3,Bad,okay product,Neutral,4,no,Esha,Low
FB2138,C1294,16/04/2025,Beauty,Hair,Website,North,4,Bad,Great support,Positive,10,Y,Chris,High
FB2139,C1169,22/04/2026,Grocery,Beverage,Email,North,4,,Loved it,Positive,7,No,Esha, high
FB2140,C1030,2025/12/30,Beauty,Hair,Mobile App,East,3,Bad,nothing special,Neutral,13,no,Bob,Medium
FB2141,C1126,09/09/2025,Grocery,Food,Survey,West,3,Average,acceptable,Neutral,14,Y,Deepa, high
FB2142,C1234,19-01-2026,Grocery,Food,website,West,2,,late delivery,Negative,15,Yes,Bob,Medium
FB2143,C1052,31-01-2026,Fashion,Men,Survey,West,2,Review,support not helpful,Negative,1,Y,Alice,Low
FB2144,C1235,20-04-2026,Beauty,Hair,website,West,5,Review,Highly recommend,Positive,13,No,Chris,Medium
FB2145,C1282,30/03/2025,Home,Kitchen,Mobile App,East,5,Good,Great support,Positive,4,YES,Bob,Medium
FB2146,C1187,2025/09/06,Fashion,Men,Survey, south ,5,Good,Great support,Positive,10,N,Deepa,High
FB2147,C1182,2026/02/08,Fashion,Women,Survey,West,5,Review,Great support,Positive,13,no,Bob,Medium
FB2148,C1193,2025/10/05,Grocery,Food,Website,North,3,Review,  nothing special!!! ,Neutral,8,No,Chris, high
FB2149,C1226,2025/11/27,Home,Kitchen,Email,West,5,Review,Great support,Positive,4,Yes,Chris,Low
FB2150,C1258,2025/08/04,Electronics,Mobile,Social Media,West,4,Good,Highly recommend,Positive,9,YES,Chris,Low
FB2151,C1021,20-02-2025,Beauty,Skin,website,South,5,Good,Loved it,Positive,3,no,Bob, high
FB2152,C1140,2025/07/07,Beauty,Hair,Survey,North,5,Average,Highly recommend,Positive,4,Yes,Chris,Medium
FB2153,C1099,29-05-2025,Beauty,Skin,Mobile App, south ,1,Review,poor quality,Negative,6,Yes,Deepa,Low
FB2154,C1230,05-02-2025,Home,Kitchen,Email,North,5,Bad,Excellent product,Positive,4,YES,Deepa,Medium
FB2155,C1055,23-07-2025,Beauty,Skin,Social Media,West,5,Average,Highly recommend,Positive,15,no,Chris,Medium
FB2156,C1042,11-08-2025,Home,Kitchen,Social Media,North,3,Good,okay product,Neutral,13,N,Bob, high
FB2157,C1102,2025/01/25,Grocery,Food,Mobile App,West,2,,bad packaging,Negative,13,N,Deepa,Low
FB2158,C1005,32-13-2025,Electronics,Laptop,Email,South,4,Good,Great support,Positive,14,Yes,Chris,Low
FB2159,C1177,2025/07/04,Home,Furniture,Social Media,West,5,Good,Fast delivery,Positive,2,No,Bob,Medium
FB2160,C1143,2025/06/28,Grocery,Food,Survey, south ,2,Average,  bad packaging!!! ,Negative,4,No,Bob,Medium
FB2161,C1279,30/10/2025,Home,Furniture,Mobile App,South,5,Bad,Fast delivery,Positive,1,No,Esha, high
FB2162,C1204,02/06/2025,Beauty,Skin,Email,South,3,Bad,  okay product!!! ,Neutral,2,Y,Bob,Low
FB2163,C1133,2025/04/02,Fashion,Men,Email, south ,2,,,Negative,3,Y,Bob,Low
FB2164,C1004,22-07-2025,Home,Kitchen,website,West,5,Average,Fast delivery,Positive,6,Yes,Bob,Medium
FB2165,C1110,06-04-2026,Fashion,Women,Mobile App,North,3,Review,acceptable,Neutral,11,Yes,Esha,Low
FB2166,C1256,19/07/2025,Fashion,Women,Mobile App,East,2,Bad,late delivery,Negative,9,N,Chris,Low
FB2167,C1020,03/04/2025,Beauty,Hair,Website,North,5,Average,Fast delivery,Positive,13,YES,Alice, high
FB2168,C1153,18/10/2025,Beauty,Hair,website,East,1,Average,poor quality,Negative,1,N,Alice,Low
FB2169,C1057,13/10/2025,Home,Kitchen,website, south ,4,Good,Great support,Positive,4,Y,Alice,Medium
FB2170,C1118,05/04/2026,Electronics,Laptop,Email,East,2,Good,app crash,Negative,14,no,Chris,Medium
FB2171,C1114,05-12-2025,Beauty,Skin,Email,North,4,Review,,Positive,5,No,Bob,High
FB2172,C1053,22-12-2025,Beauty,Skin,Survey,North,5,Average,Loved it,Positive,1,Y,Esha,High
FB2173,C1229,2025/11/19,Home,Kitchen,Survey,South,3,Good,works fine,Neutral,14,no,Chris,Low
FB2174,C1161,31/01/2025,Home,Furniture,Website, south ,3,Review,works fine,Neutral,11,Yes,Chris,High
FB2175,C1007,18-04-2025,Beauty,Skin,Mobile App,West,2,Average,support not helpful,Negative,13,YES,Chris,High
FB2176,C1184,2025/11/21,Home,Furniture,Survey, south ,1,Good,poor quality,Negative,5,No,Bob,High
FB2177,C1163,17/08/2025,home,Furniture,Mobile App,West,1,,support not helpful,Negative,3,no,Chris, high
FB2178,C1189,17-01-2026,grocery,Beverage,Social Media,East,4,Average,Great support,Positive,5,no,Alice,High
FB2179,C1009,2026/01/09,Grocery,Beverage,Mobile App, south ,4,Average,Loved it,Positive,1,no,Bob, high
FB2180,C1028,13-02-2025,Home,Furniture,Website,South,5,Average,Excellent product,Positive,14,YES,Chris,High
FB2181,C1191,07-07-2025,Beauty,Hair,Social Media,North,3,,average experience,Neutral,8,YES,Bob,High
FB2182,C1195,24-11-2025,Fashion,Women,Social Media,East,2,Average,late delivery,Negative,2,YES,Alice,Low
FB2183,C1162,2025/07/02,Electronics,Mobile,website, south ,3,Good,acceptable,Neutral,4,Yes,Chris,Low
FB2184,C1041,22-11-2025,Electronics,Mobile,Mobile App,North,2,,poor quality,Negative,2,Y,Alice, high
FB2185,C1041,2025/01/10,Beauty,Hair,Mobile App,East,5,Bad,Loved it,Positive,10,N,Chris,High
FB2186,C1181,2025/10/18,Grocery,Food,Mobile App,West,4,Average,,Positive,11,Y,Esha, high
FB2187,C1168,06/03/2026,Electronics,Laptop,Social Media, south ,3,Review,works fine,Neutral,14,Yes,Bob,Low
FB2188,C1295,2025/09/29,Fashion,Women,Website,North,3,Bad,  acceptable!!! ,Neutral,14,no,Deepa,Low
FB2189,C1055,2025/05/04,Home,Kitchen,Survey,West,1,Good,support not helpful,Negative,13,YES,Esha,Medium
FB2190,C1044,09/03/2026,Fashion,Women,Website, south ,4,Bad,Excellent product,Positive,9,N,Alice,High
FB2191,C1115,27/01/2025,Electronics,Mobile,Mobile App,West,3,Average,nothing special,Neutral,13,Y,Alice,Low
FB2192,C1261,30/07/2025,Beauty,Skin,Survey,South,5,Average,Loved it,Positive,5,Yes,Alice,Low
FB2193,C1243,22-08-2025,Home,Furniture,website,South,5,Review,  Highly recommend!!! ,Positive,12,Y,Bob,Medium
FB2194,C1218,05-04-2026,Electronics,Mobile,website, south ,3,,,Neutral,4,No,Deepa,High
FB2195,C1246,10/12/2025,Fashion,Men,Social Media,East,4,Bad,Fast delivery,Positive,9,N,Esha,High
FB2196,C1072,2025/01/23,Fashion,Men,Website,North,4,Bad,Highly recommend,Positive,13,No,Alice, high
FB2197,C1057,26-06-2025,Beauty,Skin,Survey,South,4,Bad,Loved it,Positive,4,N,Deepa,Low
FB2198,C1060,22/01/2026,Home,Furniture,Website,East,2,Bad,poor quality,Negative,8,YES,Chris,Low
FB2199,C1233,2025/06/03,Home,Kitchen,website,North,3,Average,okay product,Neutral,7,N,Esha,Medium
FB2200,C1263,18/05/2025,Beauty,Skin,website,West,5,Review,Excellent product,Positive,11,N,Bob,High
FB2201,C1156,10-02-2025,Grocery,Beverage,Mobile App,South,4,Average,Highly recommend,Positive,11,Y,Chris, high
FB2202,C1281,2025/01/05,Electronics,Laptop,Website,West,5,Average,Loved it,Positive,2,Y,Deepa, high
FB2203,C1012,02-11-2025,Beauty,Hair,website, south ,5,Good,Highly recommend,Positive,9,No,Esha,Medium
FB2204,C1055,2025/11/28,Beauty,Hair,Email,North,4,Good,Loved it,Positive,12,no,Deepa, high
FB2205,C1025,23/04/2026,Beauty,Skin,Social Media,North,4,Good,Loved it,Positive,13,Yes,Chris, high
FB2206,C1127,21/01/2026,Electronics,Laptop,Website, south ,2,Good,support not helpful,Negative,2,No,Bob, high
FB2207,C1156,27-01-2026,Beauty,Skin,Email,East,2,Review,poor quality,Negative,6,No,Chris, high
FB2208,C1144,06/03/2026,Home,Kitchen,Mobile App,East,5,,Fast delivery,Positive,14,YES,Bob, high
FB2209,C1291,2025/08/06,Fashion,Women,Email,North,1,Average,bad packaging,Negative,13,Yes,Deepa,High
FB2210,C1251,15-01-2026,Home,Kitchen,Mobile App,South,2,,bad packaging,Negative,2,Yes,Deepa,Medium
FB2211,C1164,16-05-2025,Fashion,Men,website,North,1,Good,app crash,Negative,2,no,Deepa,Medium
FB2212,C1285,05/06/2025,Beauty,Skin,website, south ,5,Average,Loved it,Positive,6,no,Bob,High
FB2213,C1182,13-12-2025,Home,Kitchen,Survey, south ,5,Good,Great support,Positive,9,No,Esha,Medium
FB2214,C1105,11/02/2026,Electronics,Mobile,Survey,North,1,Review,bad packaging,Negative,4,Yes,Deepa,Low
FB2215,C1138,01/03/2025,Home,Furniture,Mobile App,North,1,Bad,bad packaging,Negative,5,no,Esha, high
FB2216,C1259,01/02/2026,Grocery,Food,Mobile App,North,1,Average,bad packaging,Negative,7,N,Esha, high
FB2217,C1018,14/02/2025,Grocery,Food,Mobile App,South,3,Bad,acceptable,Neutral,4,YES,Chris,Medium
FB2218,C1071,27/05/2025,Grocery,Beverage,Website,South,2,,poor quality,Negative,8,YES,Deepa, high
FB2219,C1196,18/04/2026,Home,Kitchen,Mobile App, south ,1,,poor quality,Negative,13,Y,Alice, high
FB2220,C1051,26-11-2025,Fashion,Women,Survey,North,2,Good,poor quality,Negative,5,No,Chris,Low
FB2221,C1233,29/03/2026,Beauty,Skin,website,West,3,Average,average experience,Neutral,3,N,Bob,Low
FB2222,C1027,2025/11/08,Fashion,Men,Mobile App,South,4,,Highly recommend,Positive,9,Yes,Deepa, high
FB2223,C1155,2026/02/25,Electronics,Mobile,Email,East,1,,poor quality,Negative,10,No,Bob,Medium
FB2224,C1096,2025/09/30,Fashion,Men,Survey,South,1,Average,app crash,Negative,6,no,Chris,High
FB2225,C1147,2025/06/17,Electronics,Laptop,Email,West,3,,works fine,Neutral,4,no,Chris, high
FB2226,C1181,11-05-2026,Grocery,Food,Social Media,South,4,Bad,Great support,Positive,12,no,Alice,High
FB2227,C1292,2026/01/17,Electronics,Mobile,website,West,4,Bad,  Loved it!!! ,Positive,15,no,Deepa, high
FB2228,C1153,32-13-2025,Electronics,Laptop,Social Media,South,4,Review,Excellent product,Positive,3,YES,Chris,Low
FB2229,C1257,2025/08/27,Grocery,Beverage,Survey,North,3,Average,nothing special,Neutral,9,No,Alice, high
FB2230,C1113,2025/09/10,Beauty,Skin,Mobile App,East,3,Review,nothing special,Neutral,13,N,Alice,High
FB2231,C1101,23/01/2026,Home,Furniture,Mobile App,North,5,Good,Highly recommend,Positive,12,YES,Chris, high
FB2232,C1045,29/01/2025,Beauty,Hair,Email,East,4,Good,Highly recommend,Positive,15,N,Alice,Medium
FB2233,C1193,2025/03/18,Fashion,Men,Social Media, south ,1,Average,bad packaging,Negative,5,YES,Bob, high
FB2234,C1299,2025/06/02,Home,Kitchen,Survey, south ,5,Bad,Highly recommend,Positive,9,YES,Bob,Medium
FB2235,C1188,16/04/2026,Beauty,Hair,Email, south ,3,Good,nothing special,Neutral,13,Y,Alice,Low
FB2236,C1156,03/05/2026,Fashion,Men,Mobile App,South,1,Review,late delivery,Negative,6,no,Bob,Medium
FB2237,C1285,2025/12/05,Beauty,Hair,Website,West,3,,works fine,Neutral,14,Y,Alice,Medium
FB2238,C1042,02-03-2025,Fashion,Men,Survey,North,5,Good,Great support,Positive,13,N,Esha, high
FB2239,C1210,04-03-2026,Fashion,Women,Email, south ,3,Bad,average experience,Neutral,5,YES,Deepa,Low
FB2240,C1132,06-01-2025,Electronics,Mobile,Survey,East,5,Average,Highly recommend,Positive,5,Y,Alice,High
FB2241,C1013,23/03/2026,Beauty,Skin,website,North,5,,  Great support!!! ,Positive,11,no,Deepa, high
FB2242,C1065,16-09-2025,Electronics,Mobile,Mobile App, south ,2,,app crash,Negative,3,Yes,Chris,Low
FB2243,C1121,06-09-2025,Grocery,Beverage,website,West,2,,poor quality,Negative,4,N,Bob,Low
FB2244,C1180,2026/01/02,Beauty,Skin,Social Media,West,3,Bad,acceptable,Neutral,9,No,Alice, high
FB2245,C1208,17/10/2025,Fashion,Women,Survey,North,4,Review,Loved it,Positive,13,YES,Esha, high
FB2246,C1111,22/10/2025,Fashion,Women,Website, south ,5,Good,  Fast delivery!!! ,Positive,3,no,Chris,Low
FB2247,C1063,06-06-2025,Fashion,Women,Mobile App,South,3,Bad,nothing special,Neutral,2,Y,Deepa,Low
FB2248,C1090,23/10/2025,Home,Furniture,Social Media,West,4,,Excellent product,Positive,3,No,Deepa,Low
FB2249,C1224,2025/01/06,Beauty,Skin,Survey,West,3,Average,acceptable,Neutral,8,N,Chris,High
FB2250,C1255,2025/07/29,Home,Furniture,Survey,North,4,Bad,Fast delivery,Positive,8,No,Deepa,High
FB2251,C1082,20-05-2025,Grocery,Food,website,East,1,Bad,app crash,Negative,14,YES,Alice, high
FB2252,C1284,2025/11/28,Fashion,Women,Survey,East,5,,Highly recommend,Positive,14,Yes,Chris,High
FB2253,C1277,14/09/2025,Fashion,Men,Mobile App,East,5,Average,Great support,Positive,10,no,Chris,Low
FB2254,C1248,02-06-2025,Home,Furniture,Social Media,East,3,,nothing special,Neutral,11,No,Chris,High
FB2255,C1007,2025/01/07,Home,Kitchen,Email, south ,3,Bad,works fine,Neutral,14,Y,Alice,High
FB2256,C1076,2026/01/19,Beauty,Hair,website,South,2,Review,bad packaging,Negative,13,YES,Esha,Low
FB2257,C1038,2025/10/21,Electronics,Laptop,Survey,North,4,Review,Highly recommend,Positive,4,No,Bob,High
FB2258,C1157,04-06-2025,Electronics,Laptop,Mobile App, south ,1,Bad,support not helpful,Negative,1,N,Deepa, high
FB2259,C1035,09-06-2025,Beauty,Skin,website,North,5,,Fast delivery,Positive,14,No,Alice,Medium
FB2260,C1149,28-07-2025,Fashion,Men,website,East,5,Average,Highly recommend,Positive,2,no,Deepa, high
FB2261,C1155,05-12-2025,Grocery,Beverage,Email,East,1,Review,,Negative,3,YES,Alice,Medium
FB2262,C1013,22-02-2025,Home,Kitchen,Email,West,5,Review,Fast delivery,Positive,12,Yes,Chris, high
FB2263,C1291,07/11/2025,Beauty,Skin,Survey,West,4,Bad,Highly recommend,Positive,10,Yes,Esha,Medium
FB2264,C1252,26-04-2025,Fashion,Men,Website,South,1,Good,app crash,Negative,15,Yes,Esha,Low
FB2265,C1174,30/03/2026,beauty,Hair,Social Media,North,2,,,Negative,3,Yes,Deepa,Medium
FB2266,C1080,2025/07/11,Electronics,Mobile,Email,West,5,Good,Loved it,Positive,14,YES,Alice,High
FB2267,C1168,26/06/2025,Fashion,Men,Social Media,North,2,Average,poor quality,Negative,3,Yes,Esha,High
FB2268,C1231,03-01-2025,Beauty,Hair,Mobile App, south ,2,Review,late delivery,Negative,7,Yes,Esha,High
FB2269,C1168,2025/07/12,Grocery,Beverage,Mobile App,South,4,Review,Fast delivery,Positive,5,Y,Deepa,High
FB2270,C1178,2025/11/04,Electronics,Mobile,Email,East,2,Average,bad packaging,Negative,10,no,Bob,Medium
FB2271,C1261,14-06-2025,Fashion,Men,Social Media,West,3,,,Neutral,4,YES,Bob,Medium
FB2272,C1102,24-01-2025,Fashion,Men,Survey, south ,1,Review,app crash,Negative,6,no,Deepa,High
FB2273,C1256,2025/03/15,Electronics,Laptop,website,North,4,Average,Loved it,Positive,2,Y,Alice,High
FB2274,C1174,2025/08/05,Electronics,Mobile,website,East,3,Bad,nothing special,Neutral,2,no,Bob,Medium
FB2275,C1246,23/04/2026,Fashion,Women,Mobile App, south ,4,Bad,Loved it,Positive,14,YES,Deepa,High
FB2276,C1204,05/10/2025,Grocery,Beverage,Website,East,2,Good,bad packaging,Negative,9,N,Esha,Low
FB2277,C1148,08-01-2025,Grocery,Food,Mobile App,West,3,Review,works fine,Neutral,15,Y,Alice,High
FB2278,C1283,2025/12/22,Home,Furniture,Survey,North,1,Review,,Negative,3,Yes,Chris,High
FB2279,C1023,21-02-2026,Fashion,Men,Email,West,4,Good,Highly recommend,Positive,8,YES,Bob,High
FB2280,C1234,2025/06/04,Home,Furniture,Survey,West,2,Bad,late delivery,Negative,1,no,Chris, high
FB2281,C1017,2026/01/10,Beauty,Skin,Mobile App,North,5,Average,Highly recommend,Positive,12,Yes,Deepa,Low
FB2282,C1287,17-09-2025,Beauty,Skin,Social Media,South,2,,support not helpful,Negative,3,No,Bob,High
FB2283,C1064,2025/11/09,Grocery,Food,Website,West,2,Bad,support not helpful,Negative,4,no,Bob,Medium
FB2284,C1250,26/08/2025,Home,Kitchen,Survey,North,1,Average,support not helpful,negative,8,no,Esha,Low
FB2285,C1081,31-05-2025,Home,Kitchen,Survey,South,4,Average,Loved it,Positive,7,Yes,Chris,Medium
FB2286,C1183,24/09/2025,Home,Furniture,Social Media,South,5,Bad,Highly recommend,Positive,7,no,Deepa,Low
FB2287,C1255,2025/02/02,Electronics,Mobile,Survey,West,5,Bad,Great support,Positive,13,N,Deepa,Low
FB2288,C1119,2025/08/15,Electronics,Laptop,Email,West,1,Bad,bad packaging,Negative,13,N,Alice,High
FB2289,C1208,2025/03/29,Beauty,Hair,Social Media,South,1,Review,poor quality,Negative,8,no,Bob,Medium
FB2290,C1111,25-02-2025,Beauty,Skin,Mobile App,West,1,Good,app crash,Negative,15,No,Chris,Low
FB2291,C1282,2025/04/29,Fashion,Men,Mobile App,North,4,,Loved it,Positive,6,Y,Alice,High
FB2292,C1049,14/10/2025,Grocery,Food,Social Media,West,5,Review,Excellent product,Positive,5,N,Bob,High
FB2293,C1228,02-09-2025,Beauty,Hair,Mobile App,South,5,Average,Highly recommend,Positive,15,YES,Esha,Medium
FB2294,C1187,21-11-2025,Grocery,Beverage,website,South,3,Review,acceptable,Neutral,12,No,Deepa,Low
FB2295,C1128,14/08/2025,Grocery,Food,website,North,3,Bad,average experience,Neutral,4,Yes,Chris,Medium
FB2296,C1289,2025/06/05,Fashion,Women,Social Media,South,1,,late delivery,Negative,7,YES,Esha,Medium
FB2297,C1195,23/02/2025,Grocery,Beverage,Website, south ,4,Bad,Fast delivery,Positive,11,N,Bob, high
FB2298,C1204,11-03-2025,Beauty,Skin,Survey,East,4,Review,Excellent product,Positive,8,no,Deepa, high
FB2299,C1261,17/10/2025,Beauty,Skin,Website, south ,5,Review,,Positive,3,no,Chris, high
FB2300,C1271,2025/04/03,Fashion,Men,Email,West,5,Bad,Fast delivery,Positive,2,no,Deepa,Medium
FB2301,C1294,23/02/2025,Home,Furniture,Survey,East,2,Bad,support not helpful,Negative,1,N,Deepa,Medium
FB2302,C1054,22-02-2026,Beauty,Hair,Social Media,West,3,Average,average experience,Neutral,1,No,Chris,Medium
FB2303,C1298,14-12-2025,Home,Kitchen,Website,East,5,,,Positive,12,YES,Esha,High
FB2304,C1224,2026/02/21,Home,Furniture,Mobile App,South,4,Average,Highly recommend,Positive,3,YES,Chris,Medium
FB2305,C1066,07/02/2026,Electronics,Mobile,Email,East,3,,  okay product!!! ,Neutral,12,N,Alice,High
FB2306,C1269,2026/03/11,Beauty,Skin,website,East,2,,support not helpful,Negative,9,YES,Alice,Low
FB2307,C1056,2026/01/02,Grocery,Beverage,Email, south ,5,,Great support,Positive,8,N,Chris, high
FB2308,C1237,15-01-2026,Electronics,Laptop,Website,West,1,Average,app crash,Negative,14,YES,Esha, high
FB2309,C1068,17-05-2025,Electronics,Laptop,Social Media, south ,4,Good,Fast delivery,Positive,4,No,Deepa,Medium
FB2310,C1062,06/05/2025,Beauty,Skin,Social Media,South,2,Good,late delivery,Negative,1,No,Chris, high
FB2311,C1200,2026/03/19,Electronics,Laptop,Social Media,West,3,,,Neutral,14,YES,Alice,Low
FB2312,C1083,2026/01/24,Fashion,Women,Email,West,4,Bad,Highly recommend,Positive,5,Yes,Esha,High
FB2313,C1017,18/06/2025,Home,Kitchen,website, south ,1,Good,support not helpful,Negative,1,Yes,Esha,Medium
FB2314,C1235,13-04-2026,Home,Kitchen,Mobile App,West,5,Bad,Highly recommend,Positive,14,N,Chris,Medium
FB2315,C1067,07-06-2025,Electronics,Laptop,Website,North,3,,average experience,Neutral,14,YES,Alice,Medium
FB2316,C1011,03/09/2025,Grocery,Beverage,Survey, south ,4,Review,Excellent product,Positive,8,YES,Alice, high
FB2317,C1015,2026/02/27,Electronics,Mobile,website,East,4,Good,Excellent product,Positive,12,YES,Deepa,Medium
FB2318,C1209,24-02-2025,Grocery,Beverage,Mobile App,West,4,,Highly recommend,Positive,4,N,Bob,Medium
FB2319,C1282,2025/09/19,Grocery,Food,Social Media,West,1,Bad,app crash,Negative,6,N,Esha,Medium
FB2320,C1140,2026/04/09,Grocery,Food,website,South,5,Bad,  Highly recommend!!! ,Positive,5,YES,Deepa,Medium
FB2321,C1280,2026/04/13,Electronics,Laptop,Email,West,4,Good,Highly recommend,Positive,15,no,Deepa,High
FB2322,C1026,2026/02/10,Electronics,Mobile,Email,South,1,,late delivery,Negative,13,no,Esha, high
FB2323,C1067,30/03/2025,Home,Furniture,Website,North,2,Good,late delivery,Negative,2,Y,Esha,Low
FB2324,C1144,20/01/2025,Fashion,Women,Social Media,West,3,Bad,okay product,Neutral,12,No,Esha, high
FB2325,C1299,2026/04/02,Grocery,Food,Mobile App,North,5,,Excellent product,Positive,8,Yes,Alice, high
FB2326,C1015,32-13-2025,Home,Kitchen,Social Media, south ,2,Average,  bad packaging!!! ,Negative,10,no,Bob,Low
FB2327,C1151,04-03-2026,Grocery,Food,Social Media,North,2,Review,late delivery,Negative,11,YES,Esha,Medium
FB2328,C1141,14-06-2025,Grocery,Food,Mobile App,South,1,Bad,poor quality,Negative,8,Y,Esha,High
FB2329,C1100,29-09-2025,Electronics,Laptop,Mobile App,North,3,Bad,works fine,Neutral,14,N,Chris,Low
FB2330,C1170,2025/02/05,Grocery,Food,Mobile App,West,2,Bad,late delivery,Negative,12,No,Alice,Low
FB2331,C1209,2025/10/05,Electronics,Mobile,website, south ,2,Average,app crash,Negative,1,N,Alice, high
FB2332,C1290,2026/04/15,Grocery,Beverage,website,South,1,Good,late delivery,Negative,12,no,Alice,Medium
FB2333,C1096,2026/03/10,Grocery,Food,Mobile App,South,1,Average,bad packaging,Negative,2,N,Deepa, high
FB2334,C1080,2025/09/19,Beauty,Skin,Website,North,4,Bad,Excellent product,Positive,3,no,Deepa,Medium
FB2335,C1216,2025/05/17,Fashion,Women,Email,East,5,Review,,Positive,11,YES,Esha, high
FB2336,C1278,08/03/2025,Beauty,Hair,Email,South,5,Good,Fast delivery,Positive,13,Y,Esha, high
FB2337,C1117,13-04-2025,Beauty,Hair,Mobile App,East,3,Review,,Neutral,2,no,Chris,Medium
FB2338,C1021,2025/09/14,Electronics,Mobile,Mobile App,East,2,Bad,late delivery,Negative,13,no,Chris,Low
FB2339,C1157,30-08-2025,Grocery,Food,Website,North,1,Average,bad packaging,Negative,11,YES,Bob,High
FB2340,C1283,05/12/2025,Home,Furniture,Email,South,5,Review,  Excellent product!!! ,Positive,11,Y,Chris, high
FB2341,C1293,22/07/2025,Grocery,Beverage,Website,South,4,,Loved it,Positive,12,no,Alice,High
FB2342,C1224,16/05/2026,Electronics,Laptop,Mobile App,West,2,Average,app crash,Negative,7,No,Bob,Medium
FB2343,C1161,2026/02/04,Electronics,Mobile,Website, south ,1,Good,support not helpful,Negative,10,no,Esha,High
FB2344,C1250,21/07/2025,Grocery,Beverage,website,South,3,Bad,average experience,Neutral,7,YES,Chris, high
FB2345,C1220,10/05/2026,Fashion,Men,Survey,South,5,Good,,Positive,15,Yes,Esha, high
FB2346,C1209,21-03-2025,Home,Kitchen,website,North,2,Average,late delivery,Negative,4,Y,Alice, high
FB2347,C1207,22-01-2026,Home,Kitchen,Survey, south ,1,Review,support not helpful,Negative,6,N,Chris,High
FB2348,C1214,32-13-2025,Fashion,Women,website,West,1,Bad,bad packaging,Negative,5,Yes,Deepa,Low
FB2349,C1004,2025/07/28,Grocery,Food,Website,South,1,,late delivery,Negative,14,YES,Bob,High
FB2350,C1254,2026/02/15,Fashion,Men,Social Media,North,5,,Fast delivery,Positive,14,Yes,Esha, high
FB2351,C1062,2025/08/10,Electronics,Laptop,Social Media,South,1,,late delivery,Negative,4,N,Esha, high
FB2352,C1126,26-01-2025,Electronics,Laptop,Social Media,North,3,Bad,average experience,Neutral,9,YES,Deepa,Medium
FB2353,C1072,2025/08/03,Electronics,Mobile,Website,South,2,Review,app crash,Negative,14,no,Esha, high
FB2354,C1052,15-03-2026,Beauty,Skin,Website,West,3,Good,acceptable,Neutral,15,N,Esha,Medium
FB2355,C1131,24-03-2025,Electronics,Laptop,Mobile App,North,4,Review,Great support,Positive,7,YES,Bob,Medium
FB2356,C1094,2025/07/08,Beauty,Hair,Mobile App,South,2,,app crash,Negative,6,No,Esha,Low
FB2357,C1075,2026/01/15,Home,Kitchen,Survey,South,1,Bad,support not helpful,Negative,4,No,Alice,Medium
FB2358,C1273,17-10-2025,Home,Furniture,Email, south ,5,,Great support,Positive,9,Y,Deepa,Low
FB2359,C1142,29/03/2025,Home,Kitchen,Social Media,East,1,Bad,support not helpful,Negative,1,N,Esha,Low
FB2360,C1014,06/08/2025,Fashion,Men,Website,North,1,Average,bad packaging,Negative,2,Y,Deepa, high
FB2361,C1300,06/05/2025,Electronics,Mobile,Website,West,2,Bad,poor quality,Negative,14,no,Chris, high
FB2362,C1289,18-10-2025,Home,Kitchen,Social Media, south ,5,Review,Excellent product,Positive,14,YES,Alice,Medium
FB2363,C1227,01-01-2026,Grocery,Food,Mobile App,East,2,Average,app crash,Negative,13,N,Deepa,High
FB2364,C1264,2025/11/03,Fashion,Men,Mobile App, south ,3,Good,average experience,Neutral,8,No,Bob,Medium
FB2365,C1062,2026/03/09,Electronics,Laptop,Website,West,3,Review,average experience,Neutral,8,no,Bob,High
FB2366,C1234,11/10/2025,Fashion,Women,website,South,5,Average,Highly recommend,Positive,6,No,Deepa,Low
FB2367,C1059,17-02-2025,Beauty,Hair,website,East,2,Bad,poor quality,Negative,5,Yes,Chris,High
FB2368,C1248,2026/01/11,Beauty,Skin,Social Media,East,5,Bad,Excellent product,Positive,5,Y,Alice,Low
FB2369,C1154,2026/02/28,Home,Kitchen,Survey,East,1,Average,poor quality,Negative,9,N,Alice,Medium
FB2370,C1047,2025/11/24,Fashion,Women,Survey,North,4,Average,Highly recommend,Positive,12,no,Bob,High
FB2371,C1011,29-09-2025,Electronics,Mobile,website, south ,1,Average,poor quality,Negative,12,Y,Alice,High
FB2372,C1204,01/04/2026,Fashion,Women,Email,South,4,,Fast delivery,Positive,10,YES,Esha, high
FB2373,C1053,17/08/2025,Home,Furniture,Survey,West,2,Review,bad packaging,Negative,15,No,Alice,Low
FB2374,C1192,12-09-2025,Fashion,Women,Website, south ,3,,nothing special,Neutral,2,No,Bob,Low
FB2375,C1256,2025/12/23,Beauty,Hair,website, south ,4,,Loved it,Positive,11,No,Chris,Medium
FB2376,C1087,10/03/2025,Fashion,Men,website,South,1,Good,poor quality,Negative,6,no,Bob, high
FB2377,C1155,29/04/2026,Grocery,Beverage,Social Media, south ,3,,nothing special,Neutral,13,no,Chris,High
FB2378,C1132,26-01-2025,Home,Furniture,website,South,1,,,Negative,13,YES,Chris,Low
FB2379,C1190,17/05/2025,Beauty,Skin,Survey,North,3,Bad,acceptable,Neutral,7,No,Chris, high
FB2380,C1213,06-10-2025,Electronics,Laptop,Survey, south ,3,Review,average experience,Neutral,3,N,Alice,High
FB2381,C1287,2025/02/10,Beauty,Skin,website,East,5,Good,Fast delivery,Positive,12,no,Deepa,Medium
FB2382,C1205,20/03/2025,Beauty,Hair,Email,North,2,,poor quality,Negative,5,No,Chris,Low
FB2383,C1288,21-04-2025,Grocery,Food,Social Media,East,3,,works fine,Neutral,3,YES,Bob,Medium
FB2384,C1071,32-13-2025,Electronics,Mobile,Website,West,1,Bad,poor quality,Negative,4,Yes,Bob, high
FB2385,C1229,23-04-2026,Electronics,Mobile,Social Media,East,1,Average,bad packaging,Negative,8,No,Bob, high
FB2386,C1213,2025/09/18,Electronics,Laptop,website,South,5,Good,Highly recommend,Positive,14,no,Bob,Medium
FB2387,C1291,10-04-2025,Fashion,Women,Social Media,North,3,Good,okay product,Neutral,3,Y,Alice,Medium
FB2388,C1127,11/02/2025,beauty,Hair,Website,North,3,Review,okay product,Neutral,14,no,Esha,Low
FB2389,C1258,2025/04/01,Beauty,Skin,Mobile App,North,2,,support not helpful,Negative,7,N,Esha, high
FB2390,C1190,14/05/2026,Beauty,Hair,Social Media,West,1,Average,late delivery,Negative,13,no,Esha,Medium
FB2391,C1008,24-09-2025,Fashion,Women,Social Media,West,4,,Great support,Positive,1,YES,Bob, high
FB2392,C1262,2025/11/13,Fashion,Women,Social Media,South,4,Bad,Excellent product,Positive,2,Yes,Bob, high
FB2393,C1166,2026/05/11,home,Kitchen,Website, south ,4,,Loved it,Positive,11,YES,Chris,High
FB2394,C1221,05/04/2026,Fashion,Women,Website,East,3,Good,average experience,Neutral,1,Yes,Alice, high
FB2395,C1097,11-03-2026,Electronics,Laptop,website,East,1,Average,bad packaging,Negative,13,No,Esha, high
FB2396,C1024,21/03/2025,Beauty,Hair,Email, south ,2,Good,bad packaging,Negative,15,Y,Bob, high
FB2397,C1180,28-01-2025,Fashion,Men,Website, south ,5,Average,Fast delivery,Positive,6,YES,Chris,High
FB2398,C1012,2025/05/23,Home,Kitchen,Website,North,3,Average,average experience,Neutral,4,YES,Chris, high
FB2399,C1157,32-13-2025,Grocery,Food,Email, south ,2,Average,  poor quality!!! ,Negative,9,N,Chris,Medium
FB2400,C1214,22/01/2026,Home,Kitchen,Social Media,East,1,Average,app crash,Negative,12,no,Esha,High
FB2401,C1031,13/06/2025,Fashion,Women,Social Media,North,3,Review,okay product,Neutral,2,N,Esha,Medium
FB2402,C1222,28/04/2025,Fashion,Men,website,South,3,Good,okay product,Neutral,3,Y,Alice,Low
FB2403,C1071,22-02-2026,Fashion,Men,Survey, south ,3,,works fine,Neutral,5,Y,Bob,Low
FB2404,C1066,2025/01/27,Fashion,Men,website,South,3,,okay product,Neutral,12,Yes,Bob,Medium
FB2405,C1005,2025/02/28,Fashion,Women,Email,North,1,Average,poor quality,Negative,8,Yes,Esha, high
FB2406,C1157,25-06-2025,Fashion,Men,Mobile App,West,2,Bad,poor quality,Negative,7,Y,Esha,Low
FB2407,C1010,12/06/2025,Home,Furniture,Survey,West,5,Review,Excellent product,Positive,13,no,Esha,Medium
FB2408,C1233,21/03/2025,Beauty,Hair,Social Media,West,3,Average,  okay product!!! ,Neutral,2,N,Deepa,Medium
FB2409,C1281,22/05/2025,Beauty,Hair,Website, south ,2,,bad packaging,Negative,3,Y,Bob,Medium
FB2410,C1226,2026/02/09,Grocery,Food,website,West,4,Bad,Great support,Positive,2,Y,Chris,Low
FB2411,C1060,10/01/2025,Grocery,Food,website,North,5,Bad,Loved it,Positive,5,Y,Bob,Medium
FB2412,C1058,2026/03/25,Grocery,Food,Social Media,North,4,Bad,Great support,Positive,13,N,Bob,Medium
FB2413,C1244,18/03/2025,Electronics,Mobile,Email,North,5,Good,Fast delivery,Positive,2,No,Deepa,Medium
FB2414,C1223,06/11/2025,Beauty,Skin,Mobile App,South,4,Review,,Positive,14,N,Deepa,Low
FB2415,C1190,23/07/2025,Home,Furniture,website,North,4,,,Positive,6,no,Esha, high
FB2416,C1221,2026/03/11,Beauty,Hair,Mobile App,South,3,,okay product,Neutral,8,Y,Chris, high
FB2417,C1177,12-01-2025,Grocery,Food,website,West,3,Average,works fine,Neutral,11,no,Alice,Medium
FB2418,C1202,26-01-2025,Grocery,Food,Social Media,North,4,Review,Great support,Positive,7,N,Chris,Low
FB2419,C1144,25/05/2025,Grocery,Food,Mobile App,South,2,Bad,late delivery,Negative,4,no,Bob,Medium
FB2420,C1199,20-12-2025,Home,Furniture,website,North,1,,bad packaging,Negative,6,no,Alice,Low
FB2421,C1073,25/07/2025,Fashion,Women,website,East,2,Bad,poor quality,Negative,4,No,Esha,Medium
FB2422,C1020,03/07/2025,Beauty,Skin,website,North,4,,,Positive,9,no,Alice,Low
FB2423,C1216,08-05-2025,Fashion,Men,Survey, south ,3,,  average experience!!! ,Neutral,15,no,Chris,Medium
FB2424,C1094,10/11/2025,Beauty,Hair,Social Media, south ,4,Bad,Fast delivery,Positive,4,Yes,Esha,Low
FB2425,C1261,2025/08/27,Home,Furniture,Email,East,5,Good,Excellent product,Positive,7,YES,Alice,Medium
FB2426,C1276,2026/03/13,Beauty,Hair,website,South,5,,Loved it,Positive,6,Yes,Bob,High
FB2427,C1270,01/12/2025,Grocery,Beverage,Website,East,5,Bad,,Positive,15,Y,Esha,Low
FB2428,C1167,16-05-2026,Fashion,Women,Email, south ,4,Review,Loved it,Positive,9,Yes,Deepa,Medium
FB2429,C1061,03/03/2025,Beauty,Skin,Website, south ,4,Average,Excellent product,Positive,5,N,Deepa,High
FB2430,C1196,26/05/2025,Beauty,Hair,Email,South,4,,Excellent product,Positive,5,no,Esha,Low
FB2431,C1153,07/06/2025,Fashion,Women,Social Media,South,1,Review,support not helpful,Negative,4,YES,Deepa,High
FB2432,C1098,11/08/2025,Electronics,Laptop,Survey,East,5,Review,Loved it,Positive,9,No,Bob,Low
FB2433,C1102,12/05/2025,Fashion,Men,Email,East,1,Bad,support not helpful,Negative,11,Y,Deepa,Medium
FB2434,C1148,21/10/2025,Fashion,Men,Social Media,East,1,Average,late delivery,Negative,10,YES,Alice,High
FB2435,C1223,2025/11/16,Fashion,Women,Social Media,East,2,Good,bad packaging,Negative,3,N,Esha,High
FB2436,C1246,2026/03/02,Beauty,Skin,website, south ,4,,Excellent product,Positive,14,Yes,Deepa, high
FB2437,C1061,01-03-2025,Fashion,Men,Social Media,South,5,Bad,Excellent product,Positive,7,No,Alice,Low
FB2438,C1110,07/01/2026,Beauty,Skin,Email,South,5,Average,Loved it,Positive,2,N,Alice,Low
FB2439,C1261,32-13-2025,Beauty,Hair,Email,North,3,Bad,works fine,Neutral,14,no,Chris,Medium
FB2440,C1036,17-10-2025,Home,Furniture,Mobile App,West,5,Bad,Great support,Positive,11,Y,Bob, high
FB2441,C1152,2026/02/01,Electronics,Mobile,Website,North,1,Bad,poor quality,Negative,1,Y,Bob,Low
FB2442,C1097,2025/10/23,Beauty,Hair,Email,East,2,Review,bad packaging,Negative,11,No,Bob,High
FB2443,C1032,32-13-2025,Electronics,Mobile,Mobile App,East,3,Average,okay product,Neutral,5,YES,Esha,Low
FB2444,C1130,2025/06/29,Home,Kitchen,website, south ,3,Review,acceptable,Neutral,5,Yes,Deepa,Low
FB2445,C1291,14/08/2025,Beauty,Hair,Website,West,4,Bad,Excellent product,Positive,5,Y,Bob,Medium
FB2446,C1232,04-08-2025,Fashion,Women,Mobile App, south ,1,Average,late delivery,Negative,9,N,Alice,Medium
FB2447,C1254,03-01-2025,Beauty,Skin,Mobile App,West,1,Review,poor quality,Negative,5,no,Esha,High
FB2448,C1211,19-06-2025,Beauty,Skin,Social Media,East,5,Average,Excellent product,Positive,15,No,Bob, high
FB2449,C1211,2025/09/09,Grocery,Food,Social Media,West,1,Bad,poor quality,Negative,13,N,Bob, high
FB2450,C1020,04/05/2026,Electronics,Laptop,Mobile App,North,4,,Loved it,Positive,3,Y,Bob,High
FB2451,C1182,21/01/2025,Grocery,Beverage,Social Media,West,5,Average,Great support,Positive,15,Yes,Bob,Medium
FB2452,C1009,05-01-2025,electronics,Laptop,Social Media,South,3,Review,acceptable,Neutral,10,YES,Deepa,Medium
FB2453,C1186,2025/02/17,Electronics,Mobile,website,West,5,Good,Great support,Positive,3,no,Alice,Medium
FB2454,C1255,2025/11/02,Grocery,Beverage,Website,East,2,Good,bad packaging,Negative,6,no,Esha, high
FB2455,C1087,05-02-2026,Beauty,Hair,website,North,3,Average,nothing special,Neutral,14,No,Chris, high
FB2456,C1032,15-02-2026,Beauty,Skin,Email,East,2,Bad,late delivery,Negative,13,YES,Deepa,Medium
FB2457,C1015,2025/03/17,Home,Kitchen,Email,East,1,,  bad packaging!!! ,Negative,3,Yes,Alice, high
FB2458,C1136,01-04-2026,Home,Furniture,Email,East,1,,bad packaging,Negative,8,no,Bob,Low
FB2459,C1220,21-08-2025,Beauty,Hair,website,East,4,Good,Highly recommend,Positive,4,no,Chris,Medium
FB2460,C1189,2026/03/17,Beauty,Skin,Email,East,1,Average,bad packaging,Negative,3,N,Deepa,Low
FB2461,C1026,08-07-2025,Home,Furniture,Survey, south ,3,,  acceptable!!! ,Neutral,3,YES,Deepa,Low
FB2462,C1070,16/05/2026,Fashion,Men,website, south ,1,Bad,bad packaging,Negative,11,no,Bob,Low
FB2463,C1025,27-05-2025,Electronics,Laptop,website,East,5,Good,,Positive,3,YES,Chris, high
FB2464,C1013,2025/03/04,Grocery,Beverage,Website,South,3,Bad,average experience,Neutral,1,YES,Chris,Low
FB2465,C1266,16-01-2026,Grocery,Beverage,Email,East,3,,okay product,Neutral,5,no,Alice,High
FB2466,C1156,32-13-2025,Home,Furniture,Email,South,5,Review,,Positive,4,YES,Bob,Medium
FB2467,C1022,13/10/2025,Home,Furniture,Social Media,West,4,Good,Excellent product,Positive,2,No,Esha,Low
FB2468,C1032,16-09-2025,Fashion,Women,Website,South,4,Review,Highly recommend,Positive,11,YES,Bob,Low
FB2469,C1170,2025/03/27,Electronics,Laptop,website,East,3,Average,,Neutral,6,Yes,Bob,High
FB2470,C1073,20/07/2025,Home,Kitchen,Website, south ,2,Review,app crash,Negative,6,No,Deepa,High
FB2471,C1045,03-04-2026,Electronics,Mobile,Email,North,4,,Fast delivery,Positive,13,No,Deepa,Low
FB2472,C1244,07/01/2026,Electronics,Mobile,Website,South,1,Good,,Negative,9,Y,Alice, high
FB2473,C1196,2025/03/25,Grocery,Beverage,Social Media,West,1,Good,support not helpful,Negative,8,N,Alice,Medium
FB2474,C1284,18/02/2026,Grocery,Food,Website, south ,2,Good,poor quality,Negative,9,No,Chris,Medium
FB2475,C1163,2025/03/22,Grocery,Beverage,Mobile App,North,4,Good,Highly recommend,Positive,6,Y,Alice, high
FB2476,C1245,28-12-2025,Fashion,Men,Mobile App, south ,1,Review,late delivery,Negative,1,YES,Chris,Medium
FB2477,C1170,2026/01/13,Electronics,Laptop,Mobile App,West,2,Average,,Negative,1,Yes,Chris,High
FB2478,C1068,02/02/2025,Beauty,Skin,Website,East,3,,  nothing special!!! ,Neutral,2,Yes,Bob,High
FB2479,C1034,26/08/2025,Fashion,Women,Email,North,2,,,Negative,13,no,Deepa,High
FB2480,C1100,2025/11/08,Home,Furniture,Mobile App, south ,2,Average,late delivery,Negative,1,no,Chris,High
FB2481,C1063,13/04/2026,Home,Kitchen,website,North,1,Good,,negative,6,No,Bob, high
FB2482,C1012,21-05-2025,Electronics,Mobile,Survey,North,3,,acceptable,Neutral,5,N,Deepa,Medium
FB2483,C1248,28/08/2025,grocery,Beverage,Social Media,North,1,,poor quality,Negative,7,Y,Esha,High
FB2484,C1244,22/02/2025,Fashion,Women,Website,West,3,,nothing special,Neutral,12,N,Esha,Medium
FB2485,C1088,2025/08/17,Electronics,Laptop,Survey,East,1,,bad packaging,Negative,15,no,Chris,High
FB2486,C1137,11-12-2025,Electronics,Laptop,website,West,2,Bad,bad packaging,Negative,10,N,Chris,Low
FB2487,C1297,17-06-2025,Home,Kitchen,Social Media,North,3,Good,,Neutral,15,YES,Esha,Medium
FB2488,C1020,28/02/2026,Electronics,Mobile,Website,East,5,,Great support,Positive,13,N,Chris,Low
FB2489,C1294,22/04/2026,Beauty,Skin,Email,South,5,Average,,Positive,10,No,Chris,Low
FB2490,C1168,01/09/2025,beauty,Skin,Social Media,East,5,Bad,Great support,Positive,7,Y,Deepa,Medium
FB2491,C1118,15-04-2025,Fashion,Men,website,North,2,Bad,app crash,Negative,5,Y,Chris,Low
FB2492,C1204,25-04-2025,Grocery,Beverage,Social Media,North,2,,support not helpful,Negative,12,YES,Bob,High
FB2493,C1060,11/11/2025,Fashion,Women,Website,East,3,Bad,average experience,Neutral,1,no,Esha, high
FB2494,C1061,16-09-2025,Home,Furniture,Website, south ,2,Good,  support not helpful!!! ,Negative,3,No,Chris,Low
FB2495,C1131,2025/05/21,Beauty,Hair,Mobile App,North,5,Review,Loved it,positive,6,No,Chris,High
FB2496,C1205,06-02-2026,Fashion,Men,Social Media,East,3,Good,acceptable,Neutral,6,no,Esha,Medium
FB2497,C1145,06-05-2026,Grocery,Food,website,South,3,,works fine,Neutral,7,YES,Alice,Medium
FB2498,C1084,21/03/2025,Grocery,Food,Website,South,5,Average,Fast delivery,Positive,7,Y,Chris,Medium
FB2499,C1277,2025/07/13,Home,Kitchen,Email, south ,5,Average,Excellent product,positive,6,Y,Deepa,High
FB2500,C1185,13-02-2026,Beauty,Skin,Social Media,West,5,Review,Excellent product,Positive,3,YES,Chris,Medium
FB2501,C1250,13-04-2026,electronics,Laptop,Social Media,South,1,Bad,bad packaging,Negative,11,Yes,Deepa,High
FB2502,C1273,26-04-2025,Electronics,Mobile,Social Media, south ,3,Review,okay product,Neutral,4,N,Alice,High
FB2503,C1108,2026/04/12,Electronics,Mobile,Mobile App,South,2,Bad,app crash,Negative,5,no,Alice,Medium
FB2504,C1036,09/05/2026,Fashion,Men,Mobile App,West,3,Good,nothing special,Neutral,14,Yes,Deepa,Medium
FB2505,C1082,2025/03/05,Beauty,Skin,Email, south ,4,Bad,Highly recommend,positive,9,No,Alice, high
FB2506,C1223,04-11-2025,beauty,Skin,website,West,3,,works fine,Neutral,10,no,Esha,Medium
FB2507,C1251,31-07-2025,Electronics,Mobile,Email,South,4,Review,Fast delivery,Positive,1,No,Alice, high
FB2508,C1169,15-04-2025,Grocery,Beverage,Mobile App,East,5,Review,Excellent product,Positive,4,Y,Esha,High
FB2509,C1164,29/10/2025,Home,Furniture,Website,East,2,Review,late delivery,Negative,14,YES,Esha, high
FB2510,C1267,09-06-2025,Beauty,Skin,website,South,5,Review,Highly recommend,Positive,1,N,Esha,Low
FB2511,C1257,20-11-2025,Electronics,Laptop,Website,East,5,Review,Loved it,Positive,13,N,Esha,Low
FB2512,C1047,16-02-2026,Grocery,Beverage,Email,East,3,Good,acceptable,Neutral,11,No,Deepa,Low
FB2513,C1057,2026/05/07,Fashion,Women,Social Media, south ,4,Review,  Highly recommend!!! ,Positive,6,Y,Bob,Medium
FB2514,C1086,2026/01/20,Fashion,Men,Survey,North,2,Review,app crash,Negative,2,Yes,Chris,Low
FB2515,C1141,2025/04/24,Electronics,Mobile,Social Media, south ,4,Good,Fast delivery,Positive,8,Y,Esha,High
FB2516,C1142,25/02/2026,Beauty,Hair,Email,North,1,Review,support not helpful,Negative,15,Yes,Chris,Medium
FB2517,C1217,27/05/2025,Beauty,Skin,Social Media, south ,2,,bad packaging,Negative,1,No,Esha, high
FB2518,C1024,24/02/2026,Fashion,Men,Email,East,1,Average,app crash,Negative,4,no,Bob, high
FB2519,C1194,09-04-2025,Home,Kitchen,Mobile App,North,3,Bad,okay product,Neutral,10,Y,Bob,Low
FB2520,C1010,2026/04/11,Electronics,Laptop,Website,East,1,Good,support not helpful,Negative,15,No,Alice,High
FB2521,C1234,2026/03/09,Beauty,Skin,Email, south ,2,Good,support not helpful,Negative,8,Yes,Chris, high
FB2522,C1291,2025/05/05,Grocery,Food,Website,West,2,,support not helpful,Negative,9,no,Chris,Medium
FB2523,C1247,03/10/2025,Electronics,Laptop,website, south ,2,Bad,bad packaging,Negative,13,no,Chris,Medium
FB2524,C1227,2025/11/07,Home,Kitchen,website, south ,3,Average,acceptable,neutral,10,Y,Deepa, high
FB2525,C1240,17/05/2025,Fashion,Men,Survey,South,3,Average,,Neutral,7,Y,Chris,High
FB2526,C1236,14-01-2025,Fashion,Men,Email,North,1,Review,support not helpful,Negative,12,N,Chris, high
FB2527,C1242,02/09/2025,Home,Furniture,website,North,1,Average,,Negative,4,No,Esha,Medium
FB2528,C1167,04/05/2025,Fashion,Men,Survey,West,4,,Loved it,Positive,9,Yes,Bob,Low
FB2529,C1114,2025/03/02,Fashion,Men,website,South,3,Review,okay product,Neutral,4,No,Esha,Low
FB2530,C1197,2025/05/27,Beauty,Skin,website,East,2,Review,late delivery,Negative,12,No,Bob, high
FB2531,C1240,10-01-2025,Fashion,Women,Email,West,5,,Loved it,Positive,6,No,Chris,Low
FB2532,C1070,2025/09/10,Grocery,Food,Website,West,5,,Fast delivery,Positive,3,No,Alice,High
FB2533,C1043,20-02-2026,Beauty,Skin,Survey, south ,3,,acceptable,Neutral,11,no,Deepa,High
FB2534,C1023,22/06/2025,Beauty,Hair,website,East,5,Average,,Positive,1,No,Bob, high
FB2535,C1002,09/02/2025,Home,Furniture,Survey,South,4,Good,Highly recommend,Positive,6,no,Alice,High
FB2536,C1249,01/03/2025,Beauty,Skin,Social Media, south ,1,Bad,late delivery,Negative,13,YES,Esha,Medium
FB2537,C1140,19-05-2025,Beauty,Hair,Mobile App,South,1,Good,app crash,Negative,1,no,Alice, high
FB2538,C1289,2025/05/27,Beauty,Hair,Email,North,1,Average,bad packaging,Negative,11,no,Esha, high
FB2539,C1107,06-08-2025,Grocery,Beverage,Social Media,South,2,,,Negative,6,N,Chris,Low
FB2540,C1165,20/10/2025,Beauty,Skin,website, south ,3,Good,acceptable,Neutral,9,No,Alice,Medium
FB2541,C1111,10/09/2025,Home,Kitchen,Email,South,3,Average,acceptable,Neutral,8,N,Alice,Medium
FB2542,C1012,15/01/2026,Beauty,Hair,Survey,South,4,Average,Excellent product,Positive,7,Y,Chris,Low
FB2543,C1037,2025/09/28,Electronics,Laptop,Mobile App,West,1,Review,poor quality,Negative,2,No,Bob,High
FB2544,C1298,08-09-2025,Fashion,Men,Email,South,1,Good,poor quality,Negative,15,N,Chris, high
FB2545,C1089,01-09-2025,Fashion,Women,Mobile App, south ,3,,,Neutral,14,Yes,Bob, high
FB2546,C1040,24/02/2025,Fashion,Men,Survey, south ,2,Review,  app crash!!! ,Negative,10,Yes,Bob,High
FB2547,C1213,2025/12/12,Grocery,Beverage,website,East,2,Good,app crash,Negative,8,Yes,Chris,High
FB2548,C1281,08-01-2026,Grocery,Food,website,West,1,Good,app crash,Negative,3,Y,Alice, high
FB2549,C1263,2026/04/16,Grocery,Beverage,website,North,4,Review,Highly recommend,Positive,13,YES,Esha,High
FB2550,C1115,21/04/2026,Electronics,Mobile,Mobile App,South,4,Bad,Highly recommend,Positive,9,Y,Deepa,Medium
FB2551,C1211,06/08/2025,Grocery,Food,Survey,South,3,Review,works fine,Neutral,12,no,Chris,Medium
FB2552,C1084,24/01/2025,beauty,Skin,Email, south ,5,Average,Highly recommend,Positive,15,N,Deepa,Medium
FB2553,C1185,2025/11/21,Home,Kitchen,Social Media, south ,2,Average,late delivery,Negative,15,N,Esha, high
FB2554,C1169,2025/04/27,Electronics,Mobile,Mobile App,East,5,Good,Fast delivery,positive,12,N,Deepa,Low
FB2555,C1136,2025/03/06,Electronics,Laptop,Email,West,5,Average,Loved it,Positive,12,no,Chris,Low
FB2556,C1069,2026/02/11,Home,Kitchen,Email, south ,2,Bad,bad packaging,Negative,12,N,Chris,Medium
FB2557,C1167,2025/01/11,Home,Kitchen,Mobile App,West,3,Bad,acceptable,Neutral,8,N,Chris,Low
FB2558,C1246,30/12/2025,Fashion,Men,Mobile App,East,2,Average,support not helpful,Negative,5,No,Deepa,Medium
FB2559,C1226,2025/10/24,Electronics,Mobile,Social Media,East,3,Average,okay product,Neutral,14,Yes,Esha,Medium
FB2560,C1178,28-10-2025,Beauty,Hair,Social Media,West,4,Review,Highly recommend,Positive,14,YES,Chris,Low
FB2561,C1009,16/02/2025,home,Furniture,Email,East,2,Bad,  app crash!!! ,Negative,14,Yes,Alice,Medium
FB2562,C1206,2025/04/11,Home,Kitchen,Survey, south ,5,Review,Great support,Positive,2,N,Esha,Low
FB2563,C1294,2026/03/31,Electronics,Laptop,Social Media,South,5,Review,Great support,Positive,8,Y,Deepa, high
FB2564,C1058,25/12/2025,Home,Furniture,Social Media,North,2,Average,app crash,Negative,11,Y,Deepa,High
FB2565,C1236,15/08/2025,Home,Kitchen,Email,North,5,Review,Loved it,Positive,12,no,Bob,Medium
FB2566,C1047,19-01-2025,Beauty,Skin,website, south ,4,Bad,,Positive,3,no,Bob,Low
FB2567,C1183,2025/05/22,Beauty,Skin,Website,North,4,Good,Fast delivery,Positive,11,Yes,Alice,Low
FB2568,C1266,2025/07/08,Beauty,Hair,Survey,East,4,Review,Fast delivery,Positive,4,Y,Chris,Medium
FB2569,C1135,04-02-2026,Electronics,Mobile,Email,South,2,Good,bad packaging,Negative,15,no,Bob,High
FB2570,C1072,18/12/2025,Grocery,Food,Mobile App,South,1,Review,poor quality,Negative,12,YES,Deepa, high
FB2571,C1230,07-01-2026,Electronics,Mobile,website, south ,5,Review,Highly recommend,Positive,7,YES,Chris,Medium
FB2572,C1095,25-09-2025,Beauty,Hair,Email,East,3,Review,average experience,Neutral,1,Y,Esha,High
FB2573,C1277,2025/09/17,Home,Furniture,Social Media,West,2,Average,bad packaging,Negative,13,YES,Alice,Medium
FB2574,C1071,31/05/2025,grocery,Beverage,Survey,South,3,Average,okay product,Neutral,5,N,Bob,High
FB2575,C1046,2025/12/14,Fashion,Men,Website,South,2,Bad,bad packaging,negative,6,Y,Chris,Medium
FB2576,C1118,20/09/2025,Beauty,Hair,Survey,West,5,Review,Loved it,Positive,14,Yes,Bob, high
FB2577,C1282,08/06/2025,Beauty,Hair,Survey,South,3,Average,works fine,Neutral,4,N,Deepa,High
FB2578,C1283,2025/08/19,Electronics,Laptop,Survey,East,3,Review,okay product,Neutral,9,No,Bob,High
FB2579,C1054,20/08/2025,Beauty,Skin,Email,West,4,Bad,Excellent product,Positive,10,no,Esha,Low
FB2580,C1238,08-02-2026,Beauty,Hair,Mobile App,East,2,Good,late delivery,Negative,12,Yes,Chris,Low
FB2581,C1039,2026/05/08,Electronics,Laptop,Social Media, south ,4,Review,Highly recommend,Positive,7,no,Alice, high
FB2582,C1046,2025/09/07,Fashion,Men,Mobile App, south ,3,Good,acceptable,Neutral,2,N,Deepa,High
FB2583,C1113,23/06/2025,Home,Kitchen,Email,East,4,,Great support,Positive,5,YES,Chris,High
FB2584,C1213,02-05-2025,Electronics,Laptop,Mobile App, south ,1,Good,support not helpful,Negative,12,N,Bob,High
FB2585,C1206,2025/11/07,Grocery,Beverage,Mobile App,West,4,Good,Great support,Positive,11,No,Esha,High
FB2586,C1097,2025/08/10,Beauty,Skin,Social Media,North,2,Bad,app crash,Negative,6,no,Chris,Low
FB2587,C1269,15-09-2025,Electronics,Laptop,Social Media,South,4,Average,Great support,Positive,6,no,Deepa, high
FB2588,C1204,27/03/2026,Fashion,Men,Website,North,1,Bad,support not helpful,Negative,12,No,Alice,Medium
FB2589,C1278,22/03/2026,Fashion,Men,Social Media,South,5,Average,Great support,Positive,2,Y,Bob,High
FB2590,C1291,24-04-2025,Fashion,Women,Website,East,4,Bad,  Loved it!!! ,Positive,15,YES,Esha,Low
FB2591,C1192,16/03/2026,Electronics,Laptop,Email,South,3,Good,  works fine!!! ,Neutral,3,YES,Alice,High
FB2592,C1215,09/08/2025,Electronics,Laptop,Survey,South,5,Bad,Highly recommend,Positive,4,N,Deepa,Medium
FB2593,C1263,2025/03/09,home,Kitchen,Survey,South,5,Bad,Great support,Positive,9,N,Alice,Medium
FB2594,C1268,2025/04/18,Electronics,Laptop,Survey, south ,2,,poor quality,Negative,9,no,Esha,Medium
FB2595,C1234,15-07-2025,Grocery,Food,Mobile App,East,1,Good,bad packaging,Negative,10,Yes,Chris,High
FB2596,C1099,2025/07/27,Fashion,Men,Mobile App,West,1,Good,  bad packaging!!! ,Negative,2,N,Bob,High
FB2597,C1152,29/04/2025,Grocery,Beverage,Social Media,North,4,,,Positive,2,no,Deepa,Medium
FB2598,C1249,26/08/2025,Electronics,Mobile,website,East,1,Review,bad packaging,Negative,15,Y,Esha, high
FB2599,C1001,26-04-2025,Home,Kitchen,website,South,3,Average,average experience,Neutral,6,YES,Alice,Low
FB2600,C1154,30-10-2025,Electronics,Laptop,Mobile App,East,2,Review,bad packaging,Negative,11,Yes,Alice,High
FB2601,C1125,24-11-2025,Grocery,Beverage,Survey,South,4,Bad,Highly recommend,Positive,9,Yes,Chris, high
FB2602,C1230,2025/03/27,Home,Kitchen,Mobile App,South,2,Good,support not helpful,Negative,1,No,Bob,High
FB2603,C1257,12-02-2025,Fashion,Men,website,South,1,Review,support not helpful,Negative,14,Yes,Deepa,Medium
FB2604,C1231,22/06/2025,Beauty,Hair,Mobile App,North,1,Good,poor quality,Negative,8,No,Bob,Low
FB2605,C1062,06/01/2025,Electronics,Laptop,Survey,North,1,Review,support not helpful,Negative,8,no,Esha,High
FB2606,C1154,20/09/2025,Grocery,Beverage,Survey,East,5,Good,Highly recommend,Positive,14,YES,Deepa,Medium
FB2607,C1070,09-01-2025,Electronics,Laptop,website,North,2,Average,poor quality,Negative,15,Y,Esha, high
FB2608,C1013,28-02-2025,Home,Kitchen,Email,North,3,,okay product,Neutral,5,N,Chris,Medium
FB2609,C1281,2025/10/03,Home,Furniture,Survey, south ,3,Bad,acceptable,Neutral,14,No,Deepa,Low
FB2610,C1138,05-01-2025,Beauty,Hair,Social Media,South,3,Good,average experience,Neutral,7,Yes,Esha,High
FB2611,C1178,2025/01/17,Electronics,Mobile,Survey,West,2,,bad packaging,Negative,5,No,Chris,High
FB2612,C1103,28-01-2026,Home,Furniture,Email,South,1,Bad,late delivery,negative,13,YES,Deepa,High
FB2613,C1280,2025/02/01,Beauty,Hair,Social Media,West,1,Good,bad packaging,Negative,13,N,Alice,Medium
FB2614,C1271,29/06/2025,Beauty,Skin,Social Media, south ,2,,poor quality,Negative,11,Yes,Bob,High
FB2615,C1208,15/12/2025,Beauty,Skin,website,East,1,Bad,poor quality,Negative,12,Y,Chris,Low
FB2616,C1172,13/11/2025,Home,Kitchen,Website, south ,5,Bad,Loved it,Positive,5,no,Deepa, high
FB2617,C1135,10/11/2025,Electronics,Laptop,Social Media,East,5,Average,Fast delivery,Positive,9,YES,Esha,High
FB2618,C1024,21-12-2025,Grocery,Food,Email,South,2,Good,app crash,Negative,2,Yes,Deepa, high
FB2619,C1231,07/02/2025,Electronics,Mobile,website,North,4,Bad,Great support,Positive,4,Yes,Bob,Medium
FB2620,C1100,2025/11/20,Fashion,Women,website, south ,5,Bad,Excellent product,Positive,10,YES,Esha, high
FB2621,C1047,22-11-2025,Grocery,Beverage,Website,South,3,Bad,nothing special,Neutral,11,No,Deepa,Low
FB2622,C1051,2025/10/22,Electronics,Mobile,Survey,West,4,Good,  Fast delivery!!! ,Positive,4,no,Chris,Medium
FB2623,C1139,29/04/2026,Fashion,Women,Mobile App,South,1,Average,late delivery,Negative,2,Y,Bob,Low
FB2624,C1242,2025/06/18,Electronics,Laptop,Social Media, south ,5,,Great support,Positive,10,N,Chris,Low
FB2625,C1011,20-07-2025,Fashion,Women,Website,East,2,Average,late delivery,Negative,3,Y,Chris,Medium
FB2626,C1058,19/10/2025,Grocery,Food,Email,East,2,Average,late delivery,Negative,4,Y,Deepa, high
FB2627,C1290,28-10-2025,Electronics,Laptop,Website,North,4,Bad,Highly recommend,Positive,3,Y,Deepa, high
FB2628,C1185,2025/04/02,Fashion,Women,website,West,2,,bad packaging,Negative,15,Y,Alice,Low
FB2629,C1007,2026/05/05,Fashion,Men,Email,South,5,,Fast delivery,Positive,12,Y,Alice,High
FB2630,C1107,06/03/2026,Electronics,Mobile,Website, south ,1,Good,bad packaging,Negative,6,YES,Bob,Low
FB2631,C1078,2025/05/27,Home,Furniture,Email,North,4,Average,Fast delivery,Positive,7,no,Esha,Medium
FB2632,C1022,11/01/2025,Home,Kitchen,Email,North,2,,support not helpful,Negative,13,N,Chris, high
FB2633,C1095,2026/01/03,Grocery,Beverage,Website, south ,2,Average,late delivery,Negative,15,Yes,Esha,High
FB2634,C1231,06-04-2025,Beauty,Hair,website, south ,3,Bad,works fine,Neutral,6,no,Chris,Low
FB2635,C1087,01-06-2025,Home,Furniture,Survey,East,2,Review,bad packaging,Negative,1,YES,Esha,Low
FB2636,C1097,2025/08/10,Beauty,Hair,Social Media,South,2,,  bad packaging!!! ,Negative,15,no,Esha,High
FB2637,C1266,06/01/2026,Beauty,Skin,Mobile App,East,3,Average,okay product,Neutral,12,Yes,Deepa,Medium
FB2638,C1204,28-05-2025,Beauty,Hair,Email,South,5,Average,Great support,Positive,3,No,Chris,Low
FB2639,C1244,13-04-2026,Home,Kitchen,Email, south ,5,Review,Fast delivery,Positive,15,Yes,Deepa,High
FB2640,C1176,12/02/2026,Grocery,Food,Email,East,5,Average,Highly recommend,Positive,4,no,Esha,Low
FB2641,C1201,2025/12/23,Home,Kitchen,Website,West,3,,acceptable,Neutral,10,N,Chris,Low
FB2642,C1233,19-03-2025,Electronics,Laptop,Email,East,2,Good,app crash,Negative,14,Y,Chris,Low
FB2643,C1088,07/03/2025,Fashion,Women,Survey,West,3,Good,nothing special,Neutral,7,YES,Esha,Low
FB2644,C1096,30-12-2025,Grocery,Food,Website, south ,3,Good,works fine,Neutral,12,No,Bob,Medium
FB2645,C1160,2025/08/16,Beauty,Skin,Website, south ,2,Average,poor quality,Negative,5,No,Esha, high
FB2646,C1040,2025/08/10,Fashion,Women,Mobile App, south ,5,Average,Fast delivery,Positive,10,Yes,Chris,Low
FB2647,C1219,14-04-2026,Beauty,Hair,Email, south ,4,Review,Great support,Positive,4,YES,Esha,High
FB2648,C1055,02/02/2026,Home,Furniture,Social Media, south ,4,,Fast delivery,Positive,1,No,Bob, high
FB2649,C1291,04-04-2026,Fashion,Men,Mobile App,South,1,Review,late delivery,Negative,12,Yes,Deepa,Low
FB2650,C1131,2025/09/19,Fashion,Men,website,East,1,Good,  poor quality!!! ,Negative,1,N,Deepa,Low
FB2651,C1044,09/09/2025,Grocery,Food,Email, south ,5,,Excellent product,Positive,13,Y,Alice,Medium
FB2652,C1055,13/01/2026,Electronics,Mobile,Survey,North,1,,app crash,Negative,7,Yes,Deepa, high
FB2653,C1255,10-11-2025,Electronics,Mobile,Website,North,2,Review,late delivery,Negative,5,Yes,Chris, high
FB2654,C1220,2026/02/01,Home,Kitchen,Social Media, south ,4,,Excellent product,Positive,9,no,Esha,High
FB2655,C1151,2025/12/20,Electronics,Mobile,Website,South,2,,app crash,Negative,12,Y,Bob,High
FB2656,C1216,02-05-2026,Beauty,Hair,website,West,5,Bad,,Positive,9,no,Deepa,Low
FB2657,C1192,2025/06/09,Home,Kitchen,Email,East,5,Bad,Excellent product,Positive,3,Y,Alice,Low
FB2658,C1164,01/05/2026,Fashion,Women,website,North,3,Average,average experience,Neutral,6,YES,Bob,Low
FB2659,C1204,2026/01/22,Fashion,Men,Survey,East,3,Average,acceptable,Neutral,10,No,Deepa,Low
FB2660,C1008,23/02/2026,Beauty,Hair,website,West,3,Good,nothing special,Neutral,4,Y,Esha,Medium
FB2661,C1128,24/04/2026,Electronics,Laptop,Social Media,North,1,,bad packaging,Negative,4,no,Esha,High
FB2662,C1028,32-13-2025,Beauty,Hair,Website,West,4,Good,Great support,Positive,7,no,Chris, high
FB2663,C1145,2025/09/26,Grocery,Beverage,Mobile App,West,5,Bad,  Great support!!! ,Positive,12,N,Esha,High
FB2664,C1246,12/07/2025,Fashion,Men,Survey,South,1,Bad,support not helpful,Negative,8,N,Chris,Low
FB2665,C1009,05-03-2026,Fashion,Women,website,North,2,Review,support not helpful,Negative,6,Yes,Alice,Low
FB2666,C1163,2025/11/18,Electronics,Laptop,Survey,East,3,Bad,works fine,Neutral,11,Y,Alice,Low
FB2667,C1009,19-08-2025,Grocery,Food,website,West,2,Good,support not helpful,Negative,4,Yes,Esha, high
FB2668,C1298,2025/12/03,Home,Kitchen,Email,West,4,Bad,Excellent product,Positive,9,No,Deepa, high
FB2669,C1271,2026/02/22,Grocery,Food,Email,South,2,Review,,Negative,13,Yes,Esha,Low
FB2670,C1183,12/05/2025,Fashion,Men,Social Media, south ,3,Average,,Neutral,15,Yes,Alice,Low
FB2671,C1132,20/08/2025,Home,Kitchen,website,North,4,Good,  Fast delivery!!! ,Positive,2,N,Bob,High
FB2672,C1221,2025/09/10,Home,Kitchen,Mobile App, south ,4,Bad,Highly recommend,Positive,1,N,Alice, high
FB2673,C1197,27-11-2025,Fashion,Men,Email,West,2,,app crash,Negative,14,Yes,Esha,Low
FB2674,C1101,2026/01/02,Fashion,Women,Website, south ,5,Average,Fast delivery,Positive,1,N,Chris,High
FB2675,C1287,2025/12/01,Grocery,Beverage,Mobile App,South,1,Review,support not helpful,Negative,14,Yes,Alice,Medium
FB2676,C1276,2026/01/21,Home,Furniture,Survey,East,2,Average,bad packaging,Negative,5,Yes,Chris,Medium
FB2677,C1101,10/01/2026,Fashion,Men,Website,East,1,Bad,app crash,Negative,4,Y,Esha,Low
FB2678,C1112,25-06-2025,Grocery,Food,Email,North,4,Review,Fast delivery,Positive,14,N,Esha, high
FB2679,C1135,20-12-2025,Electronics,Laptop,website, south ,1,Review,poor quality,Negative,10,No,Esha,Medium
FB2680,C1076,23-07-2025,Grocery,Food,Social Media, south ,5,Review,Fast delivery,Positive,12,No,Deepa,Low
FB2681,C1133,25/06/2025,Beauty,Hair,Website,East,5,,Highly recommend,Positive,4,No,Alice, high
FB2682,C1241,2026/04/25,Electronics,Laptop,website,West,3,Review,nothing special,Neutral,7,N,Alice, high
FB2683,C1197,2025/10/12,grocery,Food,Mobile App,South,4,,Loved it,Positive,5,No,Deepa,Medium
FB2684,C1282,2026/02/15,Grocery,Beverage,Survey,East,2,Good,bad packaging,Negative,15,Yes,Alice,Low
FB2685,C1242,2026/03/31,Home,Furniture,website,South,4,,Great support,Positive,8,YES,Bob,High
FB2686,C1184,22-03-2025,Fashion,Women,Email, south ,1,,support not helpful,Negative,11,no,Esha,Low
FB2687,C1074,17-06-2025,Electronics,Laptop,Survey,East,2,Good,bad packaging,Negative,9,YES,Esha, high
FB2688,C1197,14-12-2025,Fashion,Men,Mobile App,North,1,Bad,bad packaging,Negative,9,YES,Alice,High
FB2689,C1120,02/03/2025,Beauty,Skin,Survey,North,5,Review,Highly recommend,Positive,8,N,Bob, high
FB2690,C1260,23-02-2026,Electronics,Mobile,Website,North,4,,Loved it,Positive,13,No,Esha,Low
FB2691,C1172,03-03-2025,Grocery,Beverage,Survey, south ,1,Good,bad packaging,Negative,3,No,Deepa,Medium
FB2692,C1011,32-13-2025,Fashion,Women,Survey, south ,5,Average,,Positive,3,Y,Deepa, high
FB2693,C1191,27/01/2025,Fashion,Men,Mobile App,North,3,,works fine,Neutral,1,no,Deepa,Medium
FB2694,C1034,18/01/2025,Electronics,Laptop,Survey,West,2,,app crash,Negative,8,Y,Bob,Medium
FB2695,C1270,2025/09/20,Grocery,Beverage,Social Media, south ,5,,Loved it,Positive,2,No,Chris,Medium
FB2696,C1162,29/10/2025,Beauty,Hair,Website, south ,1,,support not helpful,Negative,3,Yes,Deepa,Low
FB2697,C1186,08/03/2026,Home,Furniture,website, south ,4,,Great support,Positive,1,YES,Deepa,Medium
FB2698,C1256,04-02-2026,Home,Furniture,website,South,4,Bad,Excellent product,Positive,14,Yes,Bob,Medium
FB2699,C1179,2025/03/18,Home,Furniture,website,West,5,,Excellent product,Positive,11,Yes,Bob,Medium
FB2700,C1114,02-02-2026,Grocery,Beverage,Survey, south ,5,,Excellent product,Positive,6,YES,Bob,High
FB2701,C1052,13/03/2025,Electronics,Mobile,Email,South,2,Bad,support not helpful,Negative,1,no,Chris,Low
FB2702,C1259,24/09/2025,Home,Furniture,Social Media,North,2,Good,bad packaging,Negative,11,Y,Chris, high
FB2703,C1143,32-13-2025,Home,Kitchen,Social Media,East,2,,support not helpful,Negative,15,YES,Chris,Medium
FB2704,C1149,2025/07/29,Fashion,Men,Mobile App,West,5,,Fast delivery,Positive,2,Yes,Alice,Low
FB2705,C1047,17/02/2026,Fashion,Men,Website,North,3,Review,acceptable,Neutral,5,YES,Bob,Low
FB2706,C1181,2025/05/22,Fashion,Women,Social Media, south ,4,Good,Loved it,Positive,10,Yes,Chris,High
FB2707,C1275,08/04/2026,Fashion,Women,Survey, south ,1,Average,bad packaging,Negative,3,YES,Alice,Low
FB2708,C1258,02/06/2025,Home,Kitchen,Survey,East,4,Average,Highly recommend,positive,15,Yes,Esha,Medium
FB2709,C1047,09-04-2025,Grocery,Beverage,Email,North,5,Bad,Fast delivery,Positive,3,Y,Alice,High
FB2710,C1095,23-09-2025,Fashion,Men,Social Media,East,3,Bad,works fine,Neutral,15,no,Alice,High
FB2711,C1062,2025/04/17,Beauty,Skin,Mobile App,West,5,Average,Loved it,Positive,1,N,Chris,High
FB2712,C1014,09/05/2026,Fashion,Women,Social Media,South,5,Average,Fast delivery,Positive,12,no,Esha,High
FB2713,C1237,28-12-2025,Fashion,Women,Survey,West,4,Average,Loved it,Positive,10,N,Alice,High
FB2714,C1001,29-03-2025,Fashion,Women,Survey,North,2,Average,late delivery,Negative,14,Y,Bob, high
FB2715,C1047,19/04/2025,Grocery,Beverage,Email,West,4,Bad,,Positive,14,Y,Chris, high
FB2716,C1134,2026/02/06,Home,Kitchen,Survey,South,1,Review,late delivery,Negative,2,N,Chris,High
FB2717,C1026,22/11/2025,Electronics,Laptop,Website, south ,4,Average,Loved it,Positive,4,YES,Deepa,Low
FB2718,C1024,17/08/2025,Electronics,Mobile,Email, south ,2,Review,support not helpful,Negative,7,No,Alice, high
FB2719,C1017,11/01/2026,Grocery,Beverage,Website, south ,3,,average experience,Neutral,11,YES,Deepa,High
FB2720,C1005,13/07/2025,Electronics,Mobile,Mobile App,South,1,Review,support not helpful,Negative,2,YES,Bob,Medium
FB2721,C1193,2026/04/26,Electronics,Mobile,website,West,5,Good,Highly recommend,Positive,15,YES,Chris,Low
FB2722,C1130,03-04-2026,Home,Furniture,website,East,4,Good,Loved it,Positive,4,Yes,Chris, high
FB2723,C1261,22-04-2026,Home,Kitchen,Survey,South,5,Good,Great support,Positive,4,YES,Chris, high
FB2724,C1010,25-01-2025,Electronics,Mobile,Mobile App,North,3,Average,average experience,Neutral,1,YES,Deepa,High
FB2725,C1202,02/02/2026,Beauty,Skin,Email,West,2,Good,late delivery,Negative,8,No,Bob,Low
FB2726,C1050,09-05-2026,Fashion,Women,Website,North,2,Average,support not helpful,Negative,11,Y,Esha,Low
FB2727,C1246,02-03-2026,Fashion,Men,Survey,North,2,,app crash,Negative,15,no,Chris, high
FB2728,C1300,07-03-2025,Home,Kitchen,website,South,4,Good,Excellent product,Positive,8,No,Deepa,Low
FB2729,C1004,16-07-2025,Grocery,Food,Social Media,East,5,,Loved it,Positive,10,Yes,Bob,Low
FB2730,C1195,01-11-2025,Fashion,Women,Social Media,East,3,Good,average experience,Neutral,10,No,Deepa,Medium
FB2731,C1088,06/01/2025,beauty,Skin,Website,West,5,,Highly recommend,Positive,9,No,Esha,Low
FB2732,C1116,02-04-2026,Beauty,Hair,Website,West,3,Good,okay product,Neutral,13,No,Deepa,High
FB2733,C1109,19-09-2025,Electronics,Laptop,Mobile App,North,2,Good,,Negative,3,no,Alice,Medium
FB2734,C1045,05-02-2025,Home,Kitchen,Website,North,2,Review,late delivery,Negative,15,Yes,Alice,Low
FB2735,C1016,20-09-2025,Electronics,Mobile,website, south ,1,Bad,late delivery,Negative,5,No,Esha,Medium
FB2736,C1137,05-02-2025,Beauty,Hair,Email,North,3,Bad,average experience,Neutral,5,Yes,Alice,Low
FB2737,C1168,12-08-2025,Electronics,Laptop,Survey,East,5,Bad,Loved it,Positive,7,Yes,Bob,Low
FB2738,C1028,31/01/2025,Grocery,Beverage,website,West,3,,nothing special,Neutral,11,N,Bob,Medium
FB2739,C1218,05-08-2025,Grocery,Food,Email,West,3,Average,works fine,Neutral,7,N,Chris,Low
FB2740,C1080,09-12-2025,Fashion,Men,Mobile App,West,5,Bad,Highly recommend,Positive,12,Yes,Bob,Low
FB2741,C1053,23-12-2025,Electronics,Laptop,Social Media,West,2,Review,poor quality,Negative,6,YES,Deepa,Low
FB2742,C1160,20-01-2025,Electronics,Mobile,website,West,2,Average,  late delivery!!! ,Negative,5,Yes,Esha,Low
FB2743,C1289,31/08/2025,Home,Kitchen,Email, south ,5,,Fast delivery,Positive,2,No,Esha,Medium
FB2744,C1132,2025/01/25,Grocery,Food,Email,South,3,Good,average experience,Neutral,6,Y,Chris,High
FB2745,C1115,2026/05/11,Grocery,Beverage,Survey, south ,2,,app crash,Negative,15,Y,Alice,Low
FB2746,C1149,29-04-2026,Beauty,Skin,website,South,1,Good,bad packaging,Negative,15,Yes,Chris, high
FB2747,C1172,2025/10/26,Home,Kitchen,Mobile App,South,4,Review,,Positive,13,YES,Bob,Medium
FB2748,C1043,2025/04/11,Fashion,Men,Mobile App,North,2,Bad,support not helpful,Negative,5,no,Esha,High
FB2749,C1166,26-03-2026,Fashion,Women,Mobile App,South,3,Review,works fine,Neutral,11,N,Alice,Low
FB2750,C1115,29-01-2025,Beauty,Skin,website,North,3,,acceptable,Neutral,12,no,Deepa, high
FB2751,C1050,10-02-2026,Electronics,Mobile,Survey,West,2,Review,  late delivery!!! ,Negative,8,Yes,Chris,Low
FB2752,C1009,2026/05/05,electronics,Laptop,Website,West,3,Review,okay product,Neutral,11,No,Esha, high
FB2753,C1057,18/02/2025,Electronics,Laptop,Social Media, south ,5,Good,Fast delivery,Positive,5,no,Bob,Medium
FB2754,C1029,02/11/2025,Home,Furniture,Email,West,2,,poor quality,Negative,5,YES,Deepa,High
FB2755,C1256,08/09/2025,Beauty,Hair,Email,South,1,Average,late delivery,Negative,13,no,Deepa,High
FB2756,C1002,2026/01/17,Fashion,Women,Mobile App, south ,5,Good,Great support,Positive,8,Y,Deepa,Medium
FB2757,C1165,26-10-2025,Beauty,Hair,website,North,1,Review,poor quality,Negative,7,no,Deepa,Medium
FB2758,C1090,18-04-2025,Electronics,Mobile,Social Media, south ,5,Bad,Fast delivery,Positive,3,Y,Chris,Low
FB2759,C1235,10-05-2026,Home,Kitchen,Website, south ,4,,Fast delivery,Positive,12,Yes,Chris,High
FB2760,C1147,32-13-2025,Grocery,Beverage,Mobile App,South,4,Review,Loved it,Positive,14,no,Chris, high
FB2761,C1067,2025/07/17,Beauty,Skin,Social Media,East,5,Bad,Highly recommend,Positive,4,N,Chris, high
FB2762,C1295,29-03-2025,Electronics,Laptop,Social Media,North,4,,Excellent product,Positive,15,YES,Deepa,Low
FB2763,C1161,22/09/2025,Fashion,Women,Website, south ,2,Bad,app crash,Negative,11,No,Esha, high
FB2764,C1233,21-08-2025,Beauty,Hair,Website, south ,1,Average,app crash,Negative,7,N,Chris,Low
FB2765,C1047,2025/05/27,Fashion,Men,website,East,1,Review,  late delivery!!! ,Negative,1,Y,Esha, high
FB2766,C1155,10/10/2025,Beauty,Skin,Email,South,1,Good,support not helpful,Negative,11,YES,Alice,Low
FB2767,C1001,2025/10/25,Beauty,Skin,Email,East,3,Bad,okay product,Neutral,15,N,Bob, high
FB2768,C1005,2025/04/30,Grocery,Food,Survey,West,1,Average,poor quality,Negative,11,no,Alice,High
FB2769,C1180,12/07/2025,Fashion,Women,website, south ,3,,nothing special,Neutral,9,Y,Bob, high
FB2770,C1187,2025/08/29,Home,Kitchen,website,South,1,,bad packaging,Negative,7,Yes,Bob, high
FB2771,C1267,2025/10/11,Fashion,Women,Mobile App,East,1,Good,bad packaging,Negative,3,YES,Alice, high
FB2772,C1188,09/09/2025,Home,Kitchen,Website,North,5,Bad,Highly recommend,Positive,3,no,Esha,Medium
FB2773,C1040,17-11-2025,Electronics,Laptop,Website,East,4,,Excellent product,Positive,14,YES,Chris,High
FB2774,C1156,16/03/2025,Home,Kitchen,Mobile App,South,3,Good,acceptable,Neutral,9,Y,Deepa,Low
FB2775,C1082,06/07/2025,Grocery,Food,Social Media,South,3,,acceptable,Neutral,9,No,Bob,Medium
FB2776,C1171,01/07/2025,Electronics,Mobile,Mobile App,South,1,,poor quality,Negative,9,no,Alice,Low
FB2777,C1092,2025/12/24,Grocery,Food,Email,East,1,Average,app crash,Negative,15,YES,Esha,Low
FB2778,C1217,11/10/2025,Fashion,Women,Website,East,3,Review,,Neutral,4,Y,Esha, high
FB2779,C1266,03-04-2026,Fashion,Women,website,East,4,Review,Great support,Positive,11,no,Esha,Medium
FB2780,C1072,19/09/2025,Electronics,Mobile,Survey,West,5,,Loved it,positive,7,Y,Deepa,High
FB2781,C1041,2025/02/22,Beauty,Hair,Social Media, south ,5,,Excellent product,positive,10,no,Bob,High
FB2782,C1207,30-04-2026,Beauty,Skin,Email,North,3,Bad,okay product,Neutral,12,N,Chris,Low
FB2783,C1120,13/03/2025,Home,Furniture,Website,West,3,,nothing special,Neutral,5,Yes,Esha,High
FB2784,C1116,09-11-2025,Fashion,Men,Mobile App, south ,5,,Fast delivery,Positive,11,N,Alice, high
FB2785,C1265,07-07-2025,Fashion,Women,website, south ,3,Bad,works fine,Neutral,7,YES,Alice,High
FB2786,C1181,13/09/2025,Grocery,Beverage,Mobile App,East,3,Good,  late delivery!!! ,Neutral,6,no,Deepa,Medium
FB2787,C1083,2025/01/04,Fashion,Men,Email,South,5,,Great support,Positive,4,Yes,Esha, high
FB2788,C1128,10/08/2025,Beauty,Skin,Mobile App,North,2,Good,app crash,Negative,6,Y,Esha,Medium
FB2789,C1254,29-03-2025,Home,Kitchen,Website,South,5,Review,Excellent product,Positive,11,No,Chris,High
FB2790,C1067,03/07/2025,Home,Kitchen,Survey,East,2,Bad,support not helpful,Negative,12,N,Bob, high
FB2791,C1220,2025/12/20,Electronics,Mobile,Survey,West,1,Review,app crash,Negative,9,N,Alice,Medium
FB2792,C1143,11-04-2026,Grocery,Beverage,Email,East,5,Average,Loved it,Positive,10,no,Alice,Low
FB2793,C1006,10-11-2025,Grocery,Beverage,Website,South,3,Good,average experience,Neutral,5,No,Esha, high
FB2794,C1086,32-13-2025,Fashion,Men,Website,South,4,Bad,Highly recommend,Positive,15,N,Deepa,Low
FB2795,C1130,25-04-2025,Electronics,Laptop,Survey,South,1,Review,poor quality,Negative,9,YES,Chris, high
FB2796,C1030,2026/02/01,Grocery,Food,Website,South,1,,support not helpful,Negative,3,No,Bob,High
FB2797,C1062,19/04/2025,Beauty,Skin,Social Media, south ,5,Good,Great support,Positive,6,N,Deepa, high
FB2798,C1125,03/05/2026,Beauty,Hair,Mobile App,West,1,Average,  app crash!!! ,Negative,11,N,Bob,Medium
FB2799,C1299,2025/06/16,Beauty,Hair,Email,West,1,Good,support not helpful,Negative,15,YES,Deepa, high
FB2800,C1111,25-02-2025,Beauty,Skin,Mobile App,West,5,Bad,Excellent product,Positive,12,Yes,Esha, high
FB2801,C1202,14/08/2025,Grocery,Food,Website,West,2,Bad,  late delivery!!! ,Negative,1,No,Esha,High
FB2802,C1265,11-11-2025,Fashion,Women,Website,West,4,Average,Fast delivery,Positive,1,Yes,Chris,Medium
FB2803,C1156,10/07/2025,Electronics,Laptop,Survey,West,5,Bad,Highly recommend,Positive,1,no,Chris,Medium
FB2804,C1081,2025/11/13,Electronics,Mobile,Social Media, south ,2,Review,poor quality,Negative,6,Yes,Alice,High
FB2805,C1010,19-03-2025,electronics,Laptop,Social Media, south ,1,Bad,late delivery,Negative,8,No,Chris, high
FB2806,C1298,2025/01/03,Fashion,Women,Social Media,North,4,Bad,Loved it,Positive,4,Y,Esha,High
FB2807,C1048,06-10-2025,Fashion,Women,Mobile App,West,1,Review,  late delivery!!! ,Negative,6,Y,Bob, high
FB2808,C1186,11/06/2025,Grocery,Beverage,Survey, south ,4,Good,Fast delivery,positive,9,Yes,Alice,Medium
FB2809,C1091,2026/04/13,Home,Furniture,website,West,5,Bad,Highly recommend,Positive,4,No,Alice,Medium
FB2810,C1142,2025/06/17,Grocery,Food,Mobile App,South,1,Bad,support not helpful,Negative,2,N,Alice,Medium
FB2811,C1107,25/04/2025,Beauty,Hair,Social Media, south ,4,Review,Fast delivery,Positive,6,YES,Deepa,Low
FB2812,C1296,22-02-2026,Home,Furniture,Survey, south ,1,Average,bad packaging,negative,15,no,Alice,Low
FB2813,C1174,17/03/2025,Home,Furniture,Survey, south ,4,Review,Great support,Positive,11,Y,Deepa,Medium
FB2814,C1069,17/03/2025,Fashion,Women,Website,North,4,Review,Excellent product,Positive,12,YES,Bob,Low
FB2815,C1227,20-09-2025,Home,Kitchen,Mobile App,West,3,,works fine,Neutral,2,Yes,Bob,Medium
FB2816,C1209,05-08-2025,Home,Furniture,Social Media,North,3,Review,average experience,Neutral,2,Yes,Esha, high
FB2817,C1258,10/01/2025,Fashion,Men,Mobile App, south ,3,Review,acceptable,Neutral,11,YES,Chris,Medium
FB2818,C1001,20/04/2026,Home,Kitchen,Email,South,3,Review,okay product,Neutral,8,N,Alice,Low
FB2819,C1056,2025/06/28,Electronics,Laptop,Survey,East,1,Bad,poor quality,Negative,11,YES,Bob,High
FB2820,C1254,2026/02/18,Fashion,Women,Website,North,1,Bad,app crash,Negative,3,no,Chris,Low
FB2821,C1246,23/05/2025,Fashion,Men,Survey, south ,1,,,Negative,9,no,Chris, high
FB2822,C1079,07-04-2026,Grocery,Food,website, south ,4,,Great support,Positive,9,Y,Esha,Medium
FB2823,C1273,15-01-2026,Beauty,Skin,Email,South,5,Bad,Loved it,Positive,14,Yes,Chris,Low
FB2824,C1194,21/02/2026,Electronics,Laptop,Email, south ,2,Average,late delivery,Negative,11,no,Deepa, high
FB2825,C1276,14-11-2025,Home,Kitchen,Survey,South,3,Review,,Neutral,9,N,Deepa,High
FB2826,C1102,2025/10/03,Electronics,Mobile,Survey, south ,4,Average,Highly recommend,Positive,1,YES,Deepa,Low
FB2827,C1091,31/01/2026,Home,Furniture,website,South,3,Bad,acceptable,Neutral,12,no,Bob,Low
FB2828,C1019,11/12/2025,Electronics,Mobile,Mobile App,North,3,Average,average experience,Neutral,4,No,Alice,Low
FB2829,C1194,2025/09/03,Home,Kitchen,Website,North,1,Review,bad packaging,Negative,6,YES,Esha,High
FB2830,C1190,2025/02/19,Beauty,Skin,Website,West,5,Average,Fast delivery,Positive,5,Y,Bob,Medium
FB2831,C1166,2025/09/06,Beauty,Skin,Email, south ,2,Good,app crash,Negative,10,Yes,Esha,Low
FB2832,C1151,2025/09/10,Beauty,Hair,Survey, south ,3,Bad,okay product,Neutral,14,no,Alice, high
FB2833,C1170,20/01/2026,Electronics,Laptop,Website,South,1,Bad,late delivery,Negative,2,Y,Deepa,High
FB2834,C1163,29/04/2025,Beauty,Skin,Website,South,2,Bad,app crash,Negative,14,no,Esha,Low
FB2835,C1159,32-13-2025,Grocery,Beverage,Social Media,West,1,,late delivery,Negative,13,YES,Deepa,High
FB2836,C1253,09-03-2026,Fashion,Women,Mobile App,East,2,Review,support not helpful,Negative,3,no,Alice,High
FB2837,C1027,2026/02/25,Home,Furniture,Social Media,South,4,Good,Excellent product,Positive,3,Yes,Deepa,Medium
FB2838,C1236,31-12-2025,Beauty,Hair,Email, south ,2,Good,support not helpful,Negative,7,YES,Alice,Low
FB2839,C1086,2025/02/09,Beauty,Skin,Website, south ,4,,Highly recommend,Positive,8,Yes,Alice,Medium
FB2840,C1257,23/06/2025,Beauty,Skin,Mobile App,West,4,Good,Loved it,Positive,1,N,Alice,High
FB2841,C1001,02-11-2025,Home,Furniture,Mobile App,South,2,Review,app crash,Negative,8,Y,Alice, high
FB2842,C1022,2026/02/22,Beauty,Skin,Social Media,East,2,Bad,support not helpful,Negative,11,No,Chris,High
FB2843,C1074,26/01/2025,Electronics,Laptop,Social Media,North,2,Bad,poor quality,Negative,1,YES,Alice,High
FB2844,C1230,2025/07/31,Electronics,Mobile,Social Media,West,1,,bad packaging,Negative,14,Y,Alice,Low
FB2845,C1123,03/08/2025,Electronics,Mobile,Survey,East,2,Average,late delivery,Negative,13,YES,Chris,Low
FB2846,C1127,09-08-2025,Grocery,Food,website,North,1,Bad,support not helpful,Negative,9,No,Esha, high
FB2847,C1292,07-03-2025,Electronics,Laptop,website,South,5,Average,Fast delivery,Positive,4,YES,Esha,Medium
FB2848,C1288,2026/01/26,Grocery,Food,Social Media,West,4,,Loved it,Positive,1,No,Chris,Low
FB2849,C1276,28-10-2025,Home,Kitchen,Website,South,1,Review,poor quality,Negative,12,N,Bob,Low
FB2850,C1225,27/12/2025,Home,Furniture,Survey,East,2,Average,support not helpful,Negative,9,No,Deepa,High
FB2851,C1054,21/05/2025,Beauty,Hair,Website,West,1,Review,poor quality,Negative,12,Y,Alice,Low
FB2852,C1086,32-13-2025,Fashion,Men,Survey,South,5,,  Highly recommend!!! ,Positive,10,YES,Chris,High
FB2853,C1220,19-03-2026,Grocery,Food,website,West,1,Good,app crash,Negative,15,YES,Alice,Low
FB2854,C1169,2026/03/16,Electronics,Laptop,Mobile App,South,3,,nothing special,Neutral,5,No,Chris,Low
FB2855,C1228,13/04/2026,Beauty,Skin,Mobile App, south ,5,Good,,Positive,10,N,Deepa,Medium
FB2856,C1277,2025/06/06,Beauty,Skin,Email,North,5,Bad,,Positive,2,N,Deepa,High
FB2857,C1202,20/08/2025,Electronics,Laptop,Survey,North,2,Bad,bad packaging,Negative,9,YES,Deepa,Low
FB2858,C1210,2025/05/28,Grocery,Food,Survey,North,5,,Loved it,Positive,1,YES,Esha,Low
FB2859,C1083,2025/02/09,Fashion,Women,Social Media,North,1,Bad,poor quality,Negative,10,Yes,Esha,Medium
FB2860,C1228,32-13-2025,Fashion,Women,website,West,4,Good,Fast delivery,Positive,3,no,Alice,Medium
FB2861,C1143,25-09-2025,Electronics,Laptop,website,North,1,,poor quality,Negative,11,YES,Bob,High
FB2862,C1012,09/03/2026,Electronics,Laptop,Website, south ,1,,poor quality,Negative,6,Y,Deepa, high
FB2863,C1291,2025/07/24,Grocery,Food,Social Media,East,2,Bad,poor quality,Negative,9,N,Bob,Low
FB2864,C1203,10-06-2025,Fashion,Men,Social Media,East,3,Good,works fine,Neutral,12,Y,Bob,High
FB2865,C1194,01/05/2025,Electronics,Laptop,Survey, south ,3,Review,average experience,Neutral,2,No,Deepa,High
FB2866,C1017,2025/10/21,Electronics,Mobile,Website,West,3,Review,nothing special,Neutral,4,YES,Alice,Medium
FB2867,C1083,03-09-2025,Home,Furniture,Email,East,3,Review,works fine,Neutral,5,Y,Deepa,Low
FB2868,C1253,28/09/2025,Grocery,Food,Email,West,3,Bad,works fine,Neutral,8,Y,Chris,Medium
FB2869,C1209,07-07-2025,Grocery,Beverage,Mobile App, south ,5,Average,Excellent product,Positive,10,no,Chris, high
FB2870,C1130,13/04/2025,Fashion,Women,Mobile App, south ,3,Bad,okay product,Neutral,4,Yes,Esha,Medium
FB2871,C1065,26/04/2026,Fashion,Men,Mobile App,West,2,Bad,  app crash!!! ,Negative,13,Yes,Chris,Medium
FB2872,C1133,2026/03/31,Grocery,Beverage,Website,South,3,Average,  late delivery!!! ,Neutral,3,YES,Bob,High
FB2873,C1204,16/05/2026,Home,Kitchen,Website,South,4,Bad,Highly recommend,Positive,1,Yes,Alice,Medium
FB2874,C1236,12/05/2025,Electronics,Laptop,Website, south ,3,,  works fine!!! ,Neutral,4,no,Esha,Low
FB2875,C1248,04/03/2026,Electronics,Mobile,website,West,1,Good,late delivery,Negative,8,No,Deepa,Low
FB2876,C1026,31-01-2026,Fashion,Women,Survey,West,3,Good,okay product,Neutral,13,Y,Chris,High
FB2877,C1042,2025/06/18,Home,Furniture,Social Media, south ,4,Average,Great support,Positive,4,N,Bob,High
FB2878,C1246,11/03/2026,Beauty,Skin,Social Media,South,3,Bad,nothing special,Neutral,10,No,Bob,Medium
FB2879,C1266,23/12/2025,Grocery,Food,Survey,South,2,,bad packaging,Negative,12,N,Deepa,Low
FB2880,C1188,2025/05/26,Beauty,Skin,Website, south ,2,Average,bad packaging,Negative,13,No,Esha,Medium
FB2881,C1209,13/03/2026,Fashion,Women,Survey,South,2,Good,  late delivery!!! ,Negative,12,Yes,Deepa,Medium
FB2882,C1041,21-06-2025,Electronics,Mobile,Mobile App,East,3,Average,average experience,Neutral,8,Y,Esha,High
FB2883,C1143,32-13-2025,Beauty,Hair,website,East,1,Good,poor quality,Negative,8,Yes,Chris, high
FB2884,C1021,23-01-2026,Beauty,Skin,Website,East,1,Average,app crash,Negative,12,no,Bob,High
FB2885,C1261,2025/11/17,Beauty,Hair,Mobile App,South,3,Bad,  average experience!!! ,Neutral,5,Y,Esha, high
FB2886,C1199,2025/03/20,Electronics,Mobile,website,East,1,,bad packaging,Negative,8,No,Esha,Low
FB2887,C1153,2025/12/09,Beauty,Skin,Email,West,1,Average,late delivery,Negative,7,no,Bob,High
FB2888,C1238,2025/03/04,Home,Kitchen,Survey,West,4,Average,Highly recommend,Positive,15,Yes,Chris,Low
FB2889,C1069,25/01/2026,Electronics,Laptop,Email,West,4,,Excellent product,Positive,3,no,Deepa,High
FB2890,C1048,23-07-2025,Electronics,Mobile,Email, south ,1,Average,bad packaging,Negative,4,No,Deepa,High
FB2891,C1248,21/01/2026,Fashion,Women,website,South,2,Average,app crash,Negative,9,N,Chris,Medium
FB2892,C1145,2025/07/11,Fashion,Women,Mobile App,South,5,Average,Highly recommend,positive,3,no,Bob,Low
FB2893,C1031,21/04/2026,Fashion,Men,Email,North,2,Average,late delivery,Negative,2,No,Chris, high
FB2894,C1000,14/02/2026,Home,Furniture,Mobile App,South,1,Review,support not helpful,Negative,2,Y,Deepa,High
FB2895,C1239,24-08-2025,Grocery,Food,Social Media,East,2,Good,app crash,Negative,5,no,Bob,Low
FB2896,C1203,17/04/2025,Beauty,Skin,Email, south ,2,Bad,  bad packaging!!! ,Negative,11,Yes,Alice,High
FB2897,C1232,2025/08/12,Beauty,Skin,Mobile App,East,1,Good,support not helpful,Negative,14,YES,Esha,Medium
FB2898,C1171,30/09/2025,Fashion,Men,website,West,2,,app crash,Negative,9,YES,Chris,High
FB2899,C1163,2025/03/10,Home,Furniture,Survey,West,1,,  bad packaging!!! ,Negative,12,No,Alice, high
FB2900,C1170,26/01/2025,Home,Kitchen,website,North,2,Bad,bad packaging,Negative,14,No,Deepa,Medium
FB2901,C1038,2025/10/03,Electronics,Laptop,Survey,East,5,Review,Fast delivery,Positive,5,Yes,Chris,Medium
FB2902,C1110,2025/02/17,Grocery,Beverage,Survey,North,4,,Great support,Positive,7,no,Bob,Low
FB2903,C1290,29/03/2026,Electronics,Laptop,Survey,North,1,Review,poor quality,Negative,2,YES,Alice,High
FB2904,C1271,24/12/2025,Home,Kitchen,Social Media,South,4,Review,Loved it,Positive,6,N,Alice,Low
FB2905,C1016,02-02-2026,Fashion,Men,Website, south ,5,Average,Fast delivery,Positive,11,No,Deepa,Medium
FB2906,C1023,2026/04/01,Electronics,Mobile,Email,East,4,,Fast delivery,Positive,1,No,Chris,Medium
FB2907,C1232,2026/01/18,Home,Kitchen,Website,East,4,Bad,,Positive,6,no,Bob,Medium
FB2908,C1203,2025/01/22,Electronics,Laptop,Mobile App,East,5,Review,Excellent product,Positive,4,N,Chris,Medium
FB2909,C1159,19-03-2025,Home,Kitchen,Social Media,East,5,Average,Excellent product,Positive,10,no,Deepa, high
FB2910,C1165,17-08-2025,Beauty,Hair,Survey, south ,4,Good,Loved it,Positive,10,N,Alice,High
FB2911,C1300,04-02-2026,Fashion,Men,Social Media, south ,1,Review,poor quality,Negative,12,Yes,Bob,Medium
FB2912,C1186,2025/05/14,Beauty,Skin,Survey,West,2,Good,app crash,Negative,9,no,Chris,High
FB2913,C1182,04/05/2026,Fashion,Men,Social Media,East,4,Good,  Excellent product!!! ,Positive,11,Yes,Alice,Low
FB2914,C1172,14/03/2025,Home,Kitchen,website,West,5,,Excellent product,Positive,14,No,Deepa, high
FB2915,C1096,32-13-2025,Electronics,Laptop,Website,East,5,Average,Highly recommend,Positive,14,Y,Bob,Medium
FB2916,C1190,05/03/2025,Home,Furniture,Social Media,West,3,Average,acceptable,Neutral,9,YES,Deepa, high
FB2917,C1277,26/05/2025,Electronics,Laptop,Survey,South,1,Average,bad packaging,Negative,1,Y,Chris, high
FB2918,C1084,2025/08/13,Fashion,Men,Mobile App,West,3,Good,okay product,Neutral,4,no,Chris,Medium
FB2919,C1268,18-05-2025,Electronics,Mobile,Email,South,4,Bad,Highly recommend,Positive,6,Yes,Esha,High
FB2920,C1081,14/02/2025,Electronics,Mobile,Social Media,West,4,Bad,Highly recommend,Positive,1,Yes,Alice,Low
FB2921,C1296,2025/06/05,Grocery,Beverage,Mobile App,East,3,Review,average experience,Neutral,8,N,Chris,Low
FB2922,C1203,14/11/2025,Beauty,Skin,Website,South,5,Bad,,Positive,13,Y,Chris,Medium
FB2923,C1069,2025/01/25,Fashion,Men,Website,West,1,,app crash,Negative,4,N,Esha,Low
FB2924,C1113,07-03-2025,Electronics,Laptop,website,East,4,Average,Fast delivery,Positive,9,Y,Deepa,Low
FB2925,C1070,30/04/2026,Beauty,Hair,website,West,5,Good,Fast delivery,Positive,5,N,Esha, high
FB2926,C1280,2025/09/29,Beauty,Hair,website,North,5,Review,Great support,Positive,1,N,Alice,High
FB2927,C1292,2025/08/01,Fashion,Men,Email, south ,1,Bad,bad packaging,Negative,8,N,Deepa,High
FB2928,C1128,09-03-2025,Fashion,Men,Survey,West,3,,acceptable,Neutral,2,no,Deepa,Low
FB2929,C1166,26/12/2025,Beauty,Skin,Website,East,5,Bad,Great support,Positive,5,N,Alice,High
FB2930,C1160,14/12/2025,Electronics,Laptop,website, south ,5,Review,Loved it,Positive,6,N,Deepa,Medium
FB2931,C1161,09-04-2025,Electronics,Mobile,Website,West,1,Bad,poor quality,Negative,5,N,Chris,Low
FB2932,C1106,32-13-2025,Home,Furniture,Website,West,1,Review,late delivery,Negative,3,No,Deepa,Medium
FB2933,C1251,22/04/2026,Beauty,Hair,Social Media,North,5,Average,Highly recommend,Positive,9,No,Chris,Medium
FB2934,C1157,21-12-2025,Beauty,Hair,Mobile App,North,3,,nothing special,Neutral,6,No,Alice,Low
FB2935,C1037,2025/02/25,Grocery,Beverage,Social Media,West,4,,Great support,Positive,4,Y,Chris,Low
FB2936,C1174,2026/05/01,Beauty,Skin,Social Media,East,5,Average,Loved it,Positive,14,No,Alice, high
FB2937,C1003,2025/01/06,Fashion,Men,website,East,3,Review,  acceptable!!! ,Neutral,14,no,Bob,Low
FB2938,C1065,20-10-2025,Electronics,Mobile,Social Media,North,2,,poor quality,Negative,1,Y,Deepa, high
FB2939,C1031,2025/12/19,Fashion,Women,Email,South,5,Bad,Fast delivery,Positive,7,No,Alice,Low
FB2940,C1078,01-12-2025,Home,Kitchen,website, south ,4,Bad,Loved it,Positive,15,YES,Deepa, high
FB2941,C1245,2026/01/20,Electronics,Laptop,Mobile App, south ,5,Bad,  Great support!!! ,Positive,12,Y,Chris,High
FB2942,C1153,2025/03/02,Grocery,Beverage,Social Media,West,2,Good,poor quality,Negative,14,Y,Chris,High
FB2943,C1199,24/03/2026,Grocery,Beverage,Mobile App,North,3,Average,average experience,Neutral,2,no,Esha, high
FB2944,C1150,2026/02/14,Home,Furniture,Social Media,East,2,Average,bad packaging,Negative,13,no,Chris,Low
FB2945,C1073,01-10-2025,Home,Furniture,Website, south ,5,Good,Fast delivery,Positive,12,No,Esha, high
FB2946,C1179,19/04/2025,Fashion,Men,Social Media, south ,5,Good,Loved it,Positive,10,N,Alice, high
FB2947,C1103,15/01/2026,Beauty,Hair,Mobile App,South,5,Average,Highly recommend,Positive,4,Yes,Esha, high
FB2948,C1074,2026/03/30,Home,Kitchen,Email,East,2,Average,,Negative,4,N,Alice,High
FB2949,C1263,05/05/2025,Grocery,Beverage,Survey,South,2,Bad,bad packaging,Negative,2,Yes,Bob, high
FB2950,C1004,12/08/2025,Grocery,Food,Website,East,5,Good,Highly recommend,Positive,8,No,Alice,Low
FB2951,C1005,24/12/2025,Electronics,Mobile,Social Media, south ,3,Review,nothing special,Neutral,6,No,Chris,Medium
FB2952,C1138,2025/09/05,Electronics,Laptop,Survey,North,3,Average,acceptable,Neutral,11,N,Alice,High
FB2953,C1214,28-06-2025,home,Kitchen,Mobile App,North,3,Bad,acceptable,Neutral,2,No,Esha, high
FB2954,C1273,2025/11/03,Home,Furniture,Mobile App,West,1,Review,poor quality,Negative,15,No,Esha,Low
FB2955,C1139,12-12-2025,Fashion,Women,Survey,East,2,,  late delivery!!! ,Negative,2,Y,Esha, high
FB2956,C1272,25/02/2025,Home,Kitchen,Website,West,5,Average,Excellent product,Positive,11,No,Deepa, high
FB2957,C1098,2025/12/09,Home,Furniture,Mobile App, south ,2,Average,support not helpful,Negative,15,YES,Esha,High
FB2958,C1173,31/10/2025,Electronics,Mobile,Website,West,4,Review,,Positive,5,N,Bob,Low
FB2959,C1140,2026/03/05,Fashion,Women,Social Media,West,2,Average,late delivery,Negative,8,N,Esha,Medium
FB2960,C1223,24/06/2025,Grocery,Beverage,Website,West,2,,poor quality,Negative,7,Y,Bob, high
FB2961,C1217,2025/10/16,Beauty,Skin,Survey,West,4,Average,Highly recommend,Positive,2,no,Alice,Medium
FB2962,C1064,2025/08/08,Home,Furniture,Email,East,3,Good,works fine,Neutral,9,No,Alice,Low
FB2963,C1275,2026/05/08,Electronics,Laptop,Mobile App,West,3,Average,works fine,Neutral,3,N,Esha,Low
FB2964,C1113,31-01-2026,Home,Kitchen,Mobile App, south ,4,Review,  Highly recommend!!! ,Positive,6,no,Bob,Medium
FB2965,C1166,06-07-2025,Home,Kitchen,Social Media,East,4,,Great support,Positive,15,YES,Esha,High
FB2966,C1157,2026/03/07,Fashion,Women,Website,South,3,Bad,  okay product!!! ,Neutral,14,Y,Bob, high
FB2967,C1012,2025/01/06,Electronics,Laptop,Survey,South,4,Average,Highly recommend,Positive,3,Yes,Alice, high
FB2968,C1263,21/04/2026,Home,Furniture,website,North,2,Good,late delivery,Negative,8,Y,Alice,High
FB2969,C1210,20-02-2026,Electronics,Mobile,Social Media,South,2,Good,late delivery,Negative,2,no,Bob,Low
FB2970,C1249,16/04/2025,Home,Kitchen,Website, south ,1,Good,poor quality,Negative,12,Yes,Bob,Low
FB2971,C1264,21/01/2025,Beauty,Skin,Social Media,South,1,Average,app crash,Negative,10,no,Deepa, high
FB2972,C1192,14/08/2025,Beauty,Skin,website,North,2,Good,app crash,Negative,9,No,Bob,Low
FB2973,C1164,2025/06/08,Home,Kitchen,Social Media,South,3,,acceptable,Neutral,3,Yes,Chris, high
FB2974,C1074,2026/03/21,Fashion,Women,Mobile App,West,5,Bad,Highly recommend,Positive,7,YES,Esha, high
FB2975,C1057,12-01-2026,Grocery,Beverage,Survey,North,4,Review,Excellent product,Positive,3,Y,Deepa,Low
FB2976,C1191,27/03/2026,Electronics,Laptop,website,East,3,,nothing special,Neutral,13,Yes,Chris,Low
FB2977,C1062,2025/05/27,Beauty,Hair,Email, south ,1,,app crash,negative,11,Yes,Chris, high
FB2978,C1059,2025/09/12,Electronics,Laptop,Survey,South,2,,support not helpful,Negative,4,Y,Esha,Low
FB2979,C1153,2025/10/22,Electronics,Mobile,Survey, south ,1,Review,late delivery,Negative,15,Yes,Deepa,Medium
FB2980,C1123,27/01/2026,Beauty,Hair,Survey,South,1,,app crash,Negative,5,No,Deepa, high
FB2981,C1109,02/02/2025,Fashion,Women,website,South,3,Bad,works fine,Neutral,9,Y,Alice,Medium
FB2982,C1178,15/12/2025,Fashion,Women,Website, south ,2,Bad,app crash,negative,10,Yes,Chris,Medium
FB2983,C1006,28/02/2025,Home,Furniture,Social Media,East,4,Average,Fast delivery,Positive,11,N,Bob,Medium
FB2984,C1293,2025/06/18,Fashion,Women,Email, south ,1,Bad,  late delivery!!! ,Negative,5,no,Chris,High
FB2985,C1300,2025/12/05,Home,Furniture,Email,East,3,Average,okay product,Neutral,11,YES,Esha,Medium
FB2986,C1045,32-13-2025,Grocery,Food,Survey,North,5,Average,Fast delivery,Positive,6,YES,Deepa, high
FB2987,C1087,06/04/2025,Home,Kitchen,Website,West,5,Bad,Fast delivery,Positive,15,Y,Esha,Medium
FB2988,C1225,24/11/2025,fashion,Men,website, south ,4,,Fast delivery,Positive,4,No,Chris, high
FB2989,C1080,2026/04/28,Beauty,Hair,Mobile App,South,2,Good,bad packaging,Negative,3,no,Esha,Low
FB2990,C1094,18/04/2026,Electronics,Mobile,Social Media,South,1,Good,poor quality,Negative,10,Y,Deepa,High
FB2991,C1160,01/10/2025,Beauty,Hair,website,South,2,,poor quality,Negative,10,YES,Esha, high
FB2992,C1138,2026/01/14,Beauty,Hair,Website,South,1,Bad,support not helpful,Negative,4,Yes,Deepa, high
FB2993,C1289,2025/03/06,Home,Kitchen,Mobile App,East,1,,,Negative,11,no,Alice,High
FB2994,C1237,23/01/2025,Home,Furniture,website,South,5,Average,Loved it,Positive,7,N,Deepa, high
FB2995,C1007,14-03-2025,Beauty,Skin,Mobile App,South,5,,,Positive,1,YES,Esha,Medium
FB2996,C1093,15/04/2026,Grocery,Beverage,Email,West,2,Good,late delivery,Negative,14,Y,Bob,Medium
FB2997,C1001,12/04/2026,Beauty,Hair,Survey,West,3,Bad,works fine,Neutral,1,Y,Deepa,Medium
FB2998,C1032,25/12/2025,Beauty,Skin,Mobile App,West,5,Average,Fast delivery,Positive,1,No,Bob,Medium
FB2999,C1207,2025/08/29,Grocery,Beverage,Email,East,2,Good,bad packaging,Negative,13,N,Chris,Low
FB3000,C1204,2026/01/18,Beauty,Skin,Website,West,2,Bad,poor quality,Negative,5,Yes,Alice,Medium
FB3001,C1270,29-01-2026,Beauty,Hair,Mobile App,North,3,,average experience,Neutral,14,no,Deepa,Medium
FB3002,C1285,20/10/2025,fashion,Women,Mobile App,South,3,Bad,average experience,Neutral,4,YES,Bob,Medium
FB3003,C1082,2026/04/16,Grocery,Food,Mobile App,South,2,Average,bad packaging,Negative,5,No,Alice,High
FB3004,C1086,05-02-2026,Home,Furniture,Mobile App,East,4,Review,Great support,Positive,2,Yes,Deepa,Low
FB3005,C1196,17/04/2025,Beauty,Skin,Survey, south ,3,,nothing special,Neutral,3,no,Deepa, high
FB3006,C1171,02/04/2025,Fashion,Women,Survey, south ,1,Average,support not helpful,Negative,14,Y,Chris,Low
FB3007,C1110,2025/04/09,Grocery,Beverage,Mobile App,South,4,Good,Loved it,Positive,11,Y,Alice,High
FB3008,C1056,32-13-2025,Grocery,Food,Mobile App,South,2,Good,  poor quality!!! ,Negative,5,no,Chris,Medium
FB3009,C1293,28-03-2025,Electronics,Laptop,Mobile App,South,1,,support not helpful,Negative,5,YES,Alice,High
FB3010,C1067,2026/01/31,Home,Furniture,Mobile App,South,2,Good,poor quality,Negative,1,YES,Bob,Medium
FB3011,C1074,06/11/2025,Home,Furniture,Email,South,5,,Excellent product,Positive,1,no,Chris,Medium
FB3012,C1037,12-04-2025,Electronics,Mobile,Email,West,5,Good,Excellent product,Positive,1,no,Esha,Medium
FB3013,C1091,12-11-2025,Home,Furniture,Mobile App,East,5,Bad,Highly recommend,Positive,4,Y,Alice, high
FB3014,C1011,2025/10/18,Electronics,Laptop,Mobile App,North,1,Good,poor quality,Negative,5,Y,Deepa,Low
FB3015,C1233,27/05/2025,Grocery,Food,Survey,South,1,Review,app crash,Negative,9,Yes,Chris,High
FB3016,C1272,2025/06/04,Electronics,Laptop,Email,North,4,,Excellent product,Positive,9,no,Deepa, high
FB3017,C1240,24-09-2025,Electronics,Laptop,Social Media,South,5,Good,Excellent product,Positive,14,Y,Bob, high
FB3018,C1120,12-02-2025,Fashion,Men,Survey,North,2,Good,poor quality,Negative,15,N,Esha,Medium
FB3019,C1182,07-09-2025,Fashion,Women,Social Media,South,1,Average,late delivery,Negative,1,No,Alice,High
FB3020,C1105,03/04/2025,Beauty,Skin,Mobile App,West,5,,Great support,Positive,1,Yes,Bob,Low
FB3021,C1138,23-01-2026,Electronics,Laptop,Social Media,East,2,Review,  poor quality!!! ,Negative,8,No,Esha,Low
FB3022,C1281,22/01/2025,Beauty,Hair,Email,West,3,Average,,Neutral,10,N,Deepa,Low
FB3023,C1095,15/02/2026,Grocery,Food,website,West,5,Review,Loved it,Positive,4,Yes,Bob, high
FB3024,C1009,22-11-2025,Grocery,Food,Social Media,South,2,Review,bad packaging,Negative,13,YES,Alice,Medium
FB3025,C1173,16/01/2025,Electronics,Laptop,Social Media,South,1,Review,app crash,Negative,13,YES,Chris,High
FB3026,C1096,06/10/2025,Beauty,Skin,Survey,West,5,Review,,Positive,9,no,Deepa,Low
FB3027,C1012,26-02-2025,Beauty,Skin,Social Media,West,1,,app crash,Negative,1,No,Esha,Medium
FB3028,C1222,11/08/2025,Electronics,Mobile,Social Media,North,5,Bad,Excellent product,Positive,11,Yes,Alice,Low
FB3029,C1121,27-11-2025,Beauty,Hair,website,East,2,,late delivery,Negative,4,Y,Chris,Medium
FB3030,C1019,2025/03/27,Fashion,Women,Website,West,1,,,Negative,4,Yes,Bob,Medium
FB3031,C1102,2026/04/26,Home,Kitchen,Survey, south ,4,Bad,Fast delivery,Positive,5,No,Bob,Low
FB3032,C1190,2025/05/23,Grocery,Beverage,Social Media,East,2,Good,poor quality,Negative,13,Yes,Esha, high
FB3033,C1053,05-01-2026,Electronics,Mobile,Survey,South,2,,late delivery,negative,9,Yes,Esha, high
FB3034,C1104,16-05-2026,Electronics,Mobile,Social Media,South,4,Review,,Positive,6,No,Alice, high
FB3035,C1139,04/02/2026,Fashion,Men,Social Media,West,4,Bad,Great support,Positive,12,N,Alice,Low
FB3036,C1043,2025/11/12,Fashion,Men,Website, south ,2,Average,poor quality,Negative,14,Yes,Alice,High
FB3037,C1046,12/07/2025,Home,Kitchen,Social Media,East,3,Average,works fine,Neutral,1,No,Esha,Low
FB3038,C1253,2025/03/04,Grocery,Beverage,Website,North,2,,  late delivery!!! ,Negative,11,YES,Esha,Medium
FB3039,C1242,25-02-2026,Fashion,Women,Email, south ,5,Bad,Great support,Positive,15,Yes,Alice, high
FB3040,C1196,01-05-2025,Beauty,Hair,Survey,East,3,Bad,acceptable,Neutral,1,no,Deepa,High
FB3041,C1235,18/01/2026,Home,Furniture,Social Media,South,3,Bad,acceptable,Neutral,6,Yes,Bob, high
FB3042,C1002,14-04-2026,Fashion,Men,Survey,South,3,Review,average experience,Neutral,6,Y,Esha,Medium
FB3043,C1039,26/02/2026,Fashion,Men,Website,South,1,,support not helpful,Negative,15,Y,Alice, high
FB3044,C1234,2025/04/12,Fashion,Men,website,East,2,,support not helpful,Negative,14,No,Deepa,Low
FB3045,C1262,2025/06/12,Grocery,Beverage,Email, south ,3,Average,works fine,Neutral,6,no,Bob,Medium
FB3046,C1151,2025/02/14,Electronics,Mobile,Website, south ,3,,average experience,Neutral,7,N,Chris, high
FB3047,C1097,14-03-2026,Home,Kitchen,Website, south ,2,Average,,Negative,9,Yes,Esha,Medium
FB3048,C1253,13-11-2025,Grocery,Food,Survey,South,4,Good,Highly recommend,Positive,8,no,Chris,High
FB3049,C1227,24/08/2025,Beauty,Skin,Social Media,North,5,Average,Highly recommend,Positive,14,Y,Alice,High
FB3050,C1028,2025/08/12,Electronics,Mobile,Website,East,3,Review,works fine,Neutral,14,Y,Alice,Low
FB3051,C1274,2025/08/28,Grocery,Beverage,Mobile App,East,2,Good,bad packaging,Negative,6,Yes,Bob,High
FB3052,C1254,2025/08/25,Grocery,Beverage,Website, south ,2,,late delivery,Negative,8,no,Bob,Low
FB3053,C1247,30/03/2026,Grocery,Food,Survey,East,2,Bad,app crash,Negative,4,No,Chris,High
FB3054,C1032,06/01/2026,Beauty,Hair,Social Media,East,5,Good,Highly recommend,Positive,8,no,Deepa, high
FB3055,C1162,30-07-2025,Home,Kitchen,Survey,North,3,,nothing special,Neutral,14,YES,Bob,High
FB3056,C1165,2025/07/20,Home,Kitchen,website,West,3,Average,nothing special,Neutral,6,Yes,Esha,High
FB3057,C1028,27-04-2025,Fashion,Men,Social Media, south ,5,,Great support,Positive,14,No,Esha,High
FB3058,C1156,2025/07/22,Fashion,Women,Email,West,5,Bad,Highly recommend,Positive,6,Yes,Chris,Low
FB3059,C1121,2025/07/15,Electronics,Mobile,Survey, south ,4,Bad,Loved it,Positive,10,Yes,Chris,Low
FB3060,C1223,2026/01/18,Electronics,Laptop,website,West,4,Good,  Highly recommend!!! ,Positive,7,N,Deepa,Low
FB3061,C1042,17-07-2025,Electronics,Mobile,Email,East,5,,Highly recommend,positive,4,no,Deepa, high
FB3062,C1231,06-05-2025,Grocery,Beverage,website,West,5,Bad,Excellent product,Positive,10,Yes,Deepa,High
FB3063,C1153,31/01/2026,Home,Kitchen,Social Media,North,1,Good,poor quality,Negative,2,No,Deepa, high
FB3064,C1177,03-10-2025,Home,Kitchen,Mobile App,North,1,Average,late delivery,Negative,9,no,Chris,High
FB3065,C1212,2025/02/28,Grocery,Beverage,website,North,5,,Excellent product,Positive,6,N,Alice, high
FB3066,C1025,03-10-2025,Electronics,Mobile,Social Media,East,5,Good,Loved it,Positive,15,N,Esha, high
FB3067,C1151,03/12/2025,Electronics,Laptop,Social Media, south ,5,,Excellent product,Positive,1,YES,Chris, high
FB3068,C1033,2025/01/02,Grocery,Beverage,Email, south ,5,Review,Fast delivery,Positive,8,No,Bob, high
FB3069,C1088,12-05-2025,Grocery,Food,website,West,5,Average,Great support,Positive,10,Yes,Chris,Low
FB3070,C1126,16/02/2026,Beauty,Skin,Social Media,North,4,Average,Loved it,Positive,4,YES,Esha,Medium
FB3071,C1251,2025/08/01,Grocery,Food,website,East,4,,Loved it,Positive,7,Yes,Chris, high
FB3072,C1057,30-08-2025,Home,Kitchen,Email,South,3,Review,okay product,Neutral,15,YES,Bob, high
FB3073,C1026,18-10-2025,Fashion,Men,Survey, south ,2,Average,bad packaging,Negative,9,Yes,Chris,Low
FB3074,C1083,2025/03/27,Beauty,Hair,Website,East,5,Review,Great support,Positive,8,YES,Chris, high
FB3075,C1195,09-08-2025,Electronics,Laptop,Website,South,4,,Excellent product,Positive,5,YES,Bob,High
FB3076,C1171,2025/06/23,Grocery,Beverage,Website,West,1,,support not helpful,Negative,5,No,Chris,Low
FB3077,C1183,09/02/2025,Fashion,Women,Website,South,5,Average,Excellent product,Positive,12,YES,Deepa,High
FB3078,C1263,28/03/2026,Beauty,Hair,website, south ,5,Good,Great support,Positive,11,Yes,Alice,High
FB3079,C1004,11/04/2025,fashion,Women,Mobile App,South,3,,average experience,Neutral,15,YES,Bob,Medium
FB3080,C1097,06-12-2025,home,Kitchen,Social Media,North,5,,Fast delivery,Positive,9,no,Bob,Low
FB3081,C1040,22-07-2025,Home,Furniture,Website,South,5,Good,Fast delivery,Positive,14,YES,Deepa, high
FB3082,C1211,05/02/2025,home,Kitchen,Website,North,1,Good,bad packaging,Negative,10,Yes,Alice,Medium
FB3083,C1149,16-11-2025,Beauty,Hair,Email,South,4,,Excellent product,Positive,14,Yes,Alice, high
FB3084,C1095,2025/12/13,Home,Kitchen,Social Media,North,4,Average,Highly recommend,Positive,12,Yes,Esha,Low
FB3085,C1220,11/05/2026,Home,Kitchen,Social Media, south ,1,,support not helpful,Negative,4,Y,Deepa, high
FB3086,C1118,03/02/2026,Beauty,Hair,Mobile App,West,3,Review,okay product,Neutral,6,N,Bob, high
FB3087,C1076,29/04/2026,Home,Kitchen,website, south ,5,Good,Loved it,Positive,7,No,Esha,Medium
FB3088,C1170,07-03-2025,Fashion,Men,Social Media,South,4,Bad,Excellent product,Positive,9,No,Bob,Medium
FB3089,C1178,09/07/2025,Electronics,Laptop,Email,South,4,Review,Excellent product,Positive,5,N,Chris,Medium
FB3090,C1208,27/04/2026,Beauty,Hair,Email,North,2,Good,,Negative,3,N,Chris,High
FB3091,C1011,28-10-2025,Fashion,Men,Social Media,South,4,Bad,Highly recommend,Positive,2,Yes,Bob, high
FB3092,C1131,01/05/2025,Electronics,Laptop,website,East,2,Average,app crash,Negative,5,Y,Bob, high
FB3093,C1135,27-02-2025,Home,Kitchen,Email, south ,5,Good,  Excellent product!!! ,Positive,8,YES,Alice,Medium
FB3094,C1271,19/03/2025,Grocery,Beverage,Mobile App,West,1,Good,poor quality,Negative,15,N,Chris,Medium
FB3095,C1111,14/11/2025,Grocery,Food,website,North,3,Average,nothing special,Neutral,15,Y,Esha,Medium
FB3096,C1210,13/06/2025,Beauty,Skin,Social Media,North,5,Average,Excellent product,Positive,15,Yes,Bob,High
FB3097,C1204,08-08-2025,Grocery,Beverage,Survey, south ,2,Good,poor quality,Negative,14,Yes,Deepa,Low
FB3098,C1014,2025/03/17,Electronics,Mobile,Mobile App, south ,5,,Excellent product,Positive,2,YES,Chris,Low
FB3099,C1059,2026/01/05,beauty,Hair,Email,North,4,Review,Excellent product,Positive,15,YES,Bob,Low
FB3100,C1002,13/05/2025,Electronics,Mobile,website,West,2,Average,bad packaging,Negative,7,no,Alice,Low
FB3101,C1054,09-04-2025,Home,Kitchen,Social Media,West,4,Average,Excellent product,Positive,6,Yes,Esha,Medium
FB3102,C1026,15-01-2025,Electronics,Laptop,Survey,East,1,Average,poor quality,Negative,14,N,Chris,High
FB3103,C1073,2025/12/01,Home,Furniture,website, south ,2,Review,late delivery,Negative,15,no,Esha,Low
FB3104,C1140,09/03/2026,Grocery,Beverage,Mobile App,North,3,Review,,Neutral,11,Y,Esha,Low
FB3105,C1237,2025/05/31,Fashion,Men,Website,South,4,Review,Excellent product,Positive,2,Yes,Alice,High
FB3106,C1278,03/01/2025,Home,Kitchen,Survey,West,1,Bad,support not helpful,Negative,1,no,Chris,Low
FB3107,C1194,32-13-2025,Electronics,Mobile,Website,North,1,Good,app crash,Negative,8,no,Bob, high
FB3108,C1139,2025/04/29,Beauty,Skin,Survey, south ,4,Review,Fast delivery,Positive,4,No,Deepa,High
FB3109,C1296,2025/01/04,Fashion,Men,Mobile App,East,5,,Loved it,Positive,12,N,Chris,Medium
FB3110,C1154,19/08/2025,Fashion,Women,Website,North,4,,Fast delivery,Positive,7,Yes,Alice,Medium
FB3111,C1007,2025/04/08,home,Furniture,Email,North,4,Review,Highly recommend,Positive,1,N,Chris,Low
FB3112,C1150,2025/12/24,Home,Kitchen,Social Media, south ,1,Review,,Negative,7,N,Bob, high
FB3113,C1170,2025/09/05,Grocery,Beverage,Email,South,1,Review,bad packaging,Negative,12,Y,Esha,High
FB3114,C1245,08-02-2025,Grocery,Beverage,Survey,West,4,Good,Excellent product,Positive,2,YES,Chris,Low
FB3115,C1269,25-02-2026,Fashion,Women,Website,West,2,,poor quality,Negative,12,Yes,Esha,High
FB3116,C1295,17-05-2025,Electronics,Laptop,Social Media,South,4,Review,Fast delivery,Positive,13,no,Esha,Low
FB3117,C1022,14-10-2025,Grocery,Food,Website,West,2,Good,,Negative,10,N,Chris,Medium
FB3118,C1138,2025/11/18,Electronics,Mobile,Social Media,South,4,Review,Fast delivery,Positive,8,Yes,Alice, high
FB3119,C1039,21/05/2025,Home,Furniture,Survey,West,2,Review,poor quality,Negative,11,YES,Bob,Medium
FB3120,C1132,19/04/2026,Beauty,Hair,Survey,West,1,Average,bad packaging,Negative,4,N,Bob,High
FB3121,C1232,20/01/2026,Home,Furniture,Mobile App,South,1,Good,poor quality,Negative,3,YES,Esha,High
FB3122,C1293,13/11/2025,Grocery,Food,Social Media, south ,4,Good,Excellent product,Positive,4,Y,Esha,Medium
FB3123,C1048,07-09-2025,Fashion,Women,website,South,4,Average,Great support,Positive,14,N,Deepa,Medium
FB3124,C1017,2026/04/26,Home,Kitchen,Social Media,South,3,Review,average experience,Neutral,15,Y,Deepa,High
FB3125,C1100,10-10-2025,fashion,Men,Website,West,4,Review,Loved it,Positive,1,Y,Esha, high
FB3126,C1009,2025/04/27,Fashion,Men,Survey, south ,4,Average,Great support,Positive,15,YES,Alice,Low
FB3127,C1003,2026/03/06,Home,Furniture,Social Media,West,5,Bad,Highly recommend,Positive,3,no,Bob,High
FB3128,C1136,32-13-2025,Fashion,Men,Email,North,4,Average,Great support,Positive,3,Yes,Esha, high
FB3129,C1069,27-03-2026,Home,Furniture,Email,East,4,Review,Loved it,Positive,4,N,Chris, high
FB3130,C1199,09-12-2025,Beauty,Skin,Survey,West,5,Bad,Fast delivery,Positive,1,YES,Alice, high
FB3131,C1123,23/05/2025,Fashion,Women,website, south ,5,,Highly recommend,Positive,8,YES,Bob,High
FB3132,C1010,14/04/2026,Home,Kitchen,Social Media, south ,1,Average,,Negative,10,N,Chris,High
FB3133,C1265,24-02-2025,Home,Kitchen,Email,South,4,Average,Excellent product,Positive,14,YES,Chris,Low
FB3134,C1078,2025/12/18,Beauty,Hair,website,North,5,Review,Excellent product,Positive,11,no,Alice,High
FB3135,C1025,2025/05/25,Fashion,Men,Website,North,5,Review,Excellent product,Positive,5,Y,Chris, high
FB3136,C1091,2026/03/26,Home,Furniture,Mobile App, south ,4,Average,Fast delivery,Positive,6,no,Deepa,High
FB3137,C1245,05/12/2025,Home,Kitchen,Email,East,4,Average,Highly recommend,Positive,13,Yes,Alice,High
FB3138,C1055,22/03/2026,Grocery,Beverage,Email, south ,5,Bad,Highly recommend,Positive,14,YES,Deepa,High
FB3139,C1264,04/03/2025,Beauty,Skin,Email,South,2,Average,poor quality,Negative,10,N,Bob, high
FB3140,C1224,20-12-2025,Beauty,Hair,Website,North,1,Good,app crash,Negative,2,YES,Alice, high
FB3141,C1098,2025/06/09,Beauty,Hair,Website,East,2,,poor quality,Negative,1,Yes,Esha,High
FB3142,C1218,2025/01/03,beauty,Skin,Mobile App,East,5,Good,Highly recommend,Positive,5,YES,Chris,High
FB3143,C1203,02-03-2025,Grocery,Beverage,Mobile App,South,1,Bad,late delivery,Negative,8,YES,Chris, high
FB3144,C1026,14-03-2025,Grocery,Beverage,website,East,4,,Highly recommend,Positive,2,Y,Deepa,High
FB3145,C1191,2025/06/02,Fashion,Women,Email, south ,2,,late delivery,Negative,14,Yes,Alice, high
FB3146,C1110,01-02-2025,Grocery,Beverage,Email,North,5,Average,,Positive,1,N,Chris,Medium
FB3147,C1280,21-04-2026,Grocery,Food,Social Media,South,4,,Loved it,Positive,2,YES,Alice,High
FB3148,C1282,24/07/2025,Home,Furniture,website,South,5,Review,Loved it,Positive,10,Y,Deepa,Low
FB3149,C1127,17/02/2026,Home,Furniture,Mobile App,North,1,Average,  late delivery!!! ,Negative,2,no,Chris,High
FB3150,C1189,2025/07/06,Home,Kitchen,Social Media, south ,3,Review,average experience,Neutral,2,no,Chris, high
FB3151,C1134,05/04/2026,Fashion,Men,Email,North,3,Average,nothing special,Neutral,14,Yes,Alice,High
FB3152,C1268,15/10/2025,Grocery,Food,Survey, south ,1,Good,poor quality,Negative,13,N,Bob,High
FB3153,C1118,10-07-2025,Home,Kitchen,Mobile App,North,3,Good,  okay product!!! ,Neutral,11,No,Deepa,Low
FB3154,C1177,01/09/2025,Fashion,Women,Survey,East,1,Bad,app crash,Negative,15,N,Bob,High
FB3155,C1012,11-05-2025,Grocery,Food,Email, south ,1,,bad packaging,negative,4,YES,Deepa, high
FB3156,C1076,2026/01/31,Electronics,Laptop,Email,South,4,Average,Great support,Positive,14,No,Deepa, high
FB3157,C1215,10-07-2025,Grocery,Food,Survey,East,3,Average,okay product,Neutral,11,No,Esha, high
FB3158,C1251,2025/10/18,Fashion,Women,Website,North,1,Bad,bad packaging,Negative,14,no,Alice,High
FB3159,C1203,11-05-2025,Electronics,Mobile,Social Media,North,1,Average,  bad packaging!!! ,Negative,8,Y,Esha,High
FB3160,C1253,04/11/2025,Home,Kitchen,website,South,2,,late delivery,Negative,1,No,Esha,Medium
FB3161,C1147,03-05-2025,Home,Kitchen,Social Media,West,1,Average,late delivery,Negative,5,Yes,Bob, high
FB3162,C1143,17/07/2025,Beauty,Hair,Email,West,3,Review,acceptable,Neutral,9,N,Alice,High
FB3163,C1045,26-05-2025,Grocery,Food,Mobile App,South,3,Bad,,Neutral,11,No,Deepa,Medium
FB3164,C1037,28-02-2025,Grocery,Food,Survey, south ,2,Good,bad packaging,Negative,15,Y,Bob,Medium
FB3165,C1240,27/01/2025,Electronics,Laptop,Website,North,1,,  late delivery!!! ,Negative,11,Yes,Chris,Medium
FB3166,C1244,13/10/2025,Home,Furniture,website,West,2,Average,late delivery,Negative,2,Yes,Esha,High
FB3167,C1075,06-03-2026,Beauty,Hair,Mobile App, south ,3,,average experience,Neutral,2,Y,Deepa,Medium
FB3168,C1031,29-10-2025,Fashion,Men,website,South,1,Review,support not helpful,Negative,8,Yes,Alice,Medium
FB3169,C1092,25-04-2026,Beauty,Skin,Social Media, south ,5,Review,Fast delivery,Positive,9,YES,Esha,Medium
FB3170,C1184,26/02/2026,Fashion,Women,website,West,1,Review,poor quality,Negative,6,YES,Bob,Low
FB3171,C1061,13-11-2025,electronics,Laptop,Mobile App,East,2,Bad,late delivery,negative,4,Y,Chris, high
FB3172,C1131,2025/05/21,Fashion,Women,Website,West,2,Review,,Negative,5,Y,Esha,Medium
FB3173,C1201,2025/09/29,Fashion,Women,Website,East,2,,poor quality,Negative,1,No,Alice,Low
FB3174,C1130,02/12/2025,Grocery,Food,Mobile App,South,1,Review,bad packaging,Negative,13,no,Deepa,Medium
FB3175,C1042,2025/05/08,Electronics,Laptop,Website,West,2,Good,late delivery,Negative,10,Yes,Bob,High
FB3176,C1258,30-05-2025,Fashion,Women,Survey,North,4,Good,Highly recommend,Positive,14,YES,Esha,Low
FB3177,C1218,16/03/2025,Fashion,Women,Email,East,2,Average,support not helpful,Negative,14,No,Chris,Medium
FB3178,C1261,14/11/2025,Grocery,Beverage,Social Media, south ,2,Good,poor quality,Negative,8,YES,Alice, high
FB3179,C1176,2026/03/18,Grocery,Beverage,Website,South,1,Average,late delivery,Negative,3,YES,Alice,Medium
FB3180,C1010,01-12-2025,Home,Kitchen,Survey,North,5,Average,Excellent product,Positive,8,Y,Bob,High
FB3181,C1261,11/01/2025,Fashion,Women,Email,North,5,Average,Highly recommend,Positive,9,no,Bob,Low
FB3182,C1154,02/04/2026,Beauty,Hair,Website,North,4,Bad,Great support,Positive,9,Yes,Deepa, high
FB3183,C1056,24-06-2025,Grocery,Food,Mobile App,East,5,Bad,Loved it,Positive,4,YES,Alice, high
FB3184,C1159,2025/07/06,Fashion,Women,Social Media,South,4,,  Excellent product!!! ,Positive,8,No,Esha,Low
FB3185,C1300,12/03/2025,Grocery,Beverage,Survey,North,3,Review,  average experience!!! ,Neutral,2,N,Esha,High
FB3186,C1153,20/04/2026,Home,Furniture,Mobile App,South,5,Bad,Excellent product,Positive,1,Y,Chris, high
FB3187,C1204,24-01-2026,Grocery,Beverage,Website,North,2,Bad,late delivery,Negative,4,no,Deepa, high
FB3188,C1099,05-09-2025,Electronics,Laptop,Website,East,3,Review,,Neutral,9,N,Esha,Medium
FB3189,C1102,14/02/2025,Grocery,Food,Website,South,4,Average,  Loved it!!! ,Positive,11,N,Esha,Medium
FB3190,C1265,04/04/2026,Fashion,Women,Survey,North,2,Bad,late delivery,Negative,3,no,Chris,Low
FB3191,C1139,27-03-2026,Electronics,Mobile,Email,East,5,Bad,Fast delivery,Positive,1,no,Chris,High
FB3192,C1223,12-04-2026,Electronics,Laptop,Mobile App, south ,4,Bad,  Loved it!!! ,Positive,2,YES,Deepa,High
FB3193,C1046,06/05/2025,home,Furniture,Social Media,East,5,Bad,Excellent product,Positive,13,no,Bob,High
FB3194,C1292,21/06/2025,Beauty,Skin,Mobile App,West,4,,Excellent product,positive,13,YES,Deepa, high
FB3195,C1239,2025/02/23,Beauty,Hair,Mobile App,West,2,Bad,poor quality,Negative,8,N,Bob,Low
FB3196,C1213,28-02-2025,Fashion,Men,Social Media, south ,4,,Highly recommend,Positive,5,N,Deepa,Low
FB3197,C1102,04-08-2025,home,Furniture,website,East,2,Good,poor quality,Negative,15,YES,Deepa,Low
FB3198,C1016,2025/01/21,Home,Kitchen,website,West,5,Review,,Positive,15,YES,Bob,Low
FB3199,C1126,17/01/2025,Beauty,Skin,Social Media,East,1,Average,support not helpful,Negative,15,Yes,Esha,Low
FB3200,C1293,2025/11/18,Home,Kitchen,Website,West,3,,acceptable,Neutral,5,Y,Esha, high
FB3201,C1051,14/12/2025,Fashion,Men,Survey,South,4,,,Positive,6,N,Bob,Medium
FB3202,C1182,2025/05/19,Beauty,Skin,Survey,East,5,Average,Loved it,Positive,8,Y,Bob,Medium
FB3203,C1138,31-03-2025,Home,Furniture,Mobile App,East,1,Bad,support not helpful,Negative,8,Y,Esha,Medium
FB3204,C1004,16/07/2025,Fashion,Women,Mobile App,East,3,Average,works fine,Neutral,2,YES,Chris,Low
FB3205,C1286,2025/07/09,electronics,Laptop,Social Media,North,5,Bad,Great support,Positive,8,Y,Chris, high
FB3206,C1150,2025/05/25,Grocery,Food,Survey,East,1,Bad,poor quality,Negative,12,YES,Esha, high
FB3207,C1284,2025/03/17,Fashion,Women,Email,East,5,Bad,Fast delivery,Positive,12,N,Chris,High
FB3208,C1203,03/01/2026,Fashion,Women,Survey,North,2,Good,app crash,Negative,10,No,Alice,High
FB3209,C1289,12/06/2025,Home,Kitchen,Survey, south ,1,,poor quality,Negative,11,no,Deepa,Medium
FB3210,C1079,2025/04/18,Grocery,Food,website, south ,1,,poor quality,Negative,9,N,Alice,High
FB3211,C1157,2025/05/23,Grocery,Beverage,Mobile App,North,5,Average,Loved it,Positive,11,YES,Esha,Medium
FB3212,C1123,09/01/2026,Beauty,Skin,Social Media,South,5,,Highly recommend,positive,8,N,Alice, high
FB3213,C1147,14/12/2025,Home,Kitchen,Email, south ,5,Good,Fast delivery,Positive,14,Yes,Bob, high
FB3214,C1296,2026/03/23,Electronics,Laptop,Survey,South,2,Good,poor quality,Negative,10,YES,Chris,High
FB3215,C1294,15/06/2025,Home,Kitchen,Survey, south ,5,,Excellent product,Positive,10,Y,Chris,Low
FB3216,C1009,06-08-2025,Electronics,Laptop,website,East,3,Bad,average experience,Neutral,15,Y,Chris, high
FB3217,C1170,19/07/2025,Electronics,Mobile,Email,West,2,,  app crash!!! ,Negative,13,Yes,Esha,High
FB3218,C1198,2025/10/10,Grocery,Beverage,Email, south ,1,Average,bad packaging,Negative,10,Yes,Chris,High
FB3219,C1197,08/05/2025,Electronics,Mobile,Social Media,South,3,Average,works fine,Neutral,4,Y,Alice,Medium
FB3220,C1070,2025/08/18,Electronics,Laptop,Mobile App, south ,4,Average,Excellent product,Positive,15,Y,Deepa,High
FB3221,C1252,13-01-2026,Home,Furniture,Website,South,5,Review,  Highly recommend!!! ,Positive,12,no,Chris, high
FB3222,C1210,10/12/2025,Home,Furniture,Website,East,2,Good,bad packaging,Negative,3,N,Esha,Medium
FB3223,C1228,12/03/2026,Grocery,Beverage,Mobile App,South,4,,Great support,Positive,6,YES,Bob,Low
FB3224,C1274,19-11-2025,Fashion,Women,website,West,3,Average,works fine,Neutral,11,Yes,Deepa,Medium
FB3225,C1253,02/07/2025,Beauty,Skin,Survey,South,1,Review,support not helpful,Negative,2,no,Chris,Low
FB3226,C1290,22/05/2025,Home,Kitchen,Website,South,5,,Fast delivery,Positive,7,N,Bob, high
FB3227,C1077,25-02-2025,Electronics,Laptop,Social Media,West,5,,Great support,Positive,9,no,Alice,Medium
FB3228,C1237,2025/09/06,Electronics,Laptop,Mobile App, south ,3,Average,average experience,Neutral,10,no,Bob,Medium
FB3229,C1182,04/09/2025,Electronics,Mobile,website,West,5,Good,Loved it,Positive,9,no,Bob,Low
FB3230,C1135,2025/12/25,Fashion,Men,Email,South,4,Review,Great support,Positive,9,No,Alice,High
FB3231,C1294,2025/07/11,Electronics,Laptop,Website,East,1,Average,  late delivery!!! ,Negative,1,No,Esha,Medium
FB3232,C1022,2025/09/26,Fashion,Men,Survey,North,1,Bad,poor quality,Negative,15,Yes,Alice,Low
FB3233,C1119,2026/04/30,Electronics,Mobile,Email,East,4,Good,Highly recommend,Positive,14,Yes,Chris,High
FB3234,C1213,09-03-2026,Grocery,Food,website,East,3,,okay product,Neutral,3,Yes,Alice,Medium
FB3235,C1279,2026/05/11,Home,Furniture,Social Media,North,1,Good,support not helpful,Negative,8,Yes,Chris,Low
FB3236,C1084,2026/04/29,Electronics,Mobile,Mobile App,East,3,Review,acceptable,Neutral,13,Y,Chris,Medium
FB3237,C1105,10-10-2025,Electronics,Laptop,Social Media,East,5,,  Highly recommend!!! ,Positive,9,N,Bob,High
FB3238,C1139,10/05/2026,Fashion,Women,Mobile App,West,1,,bad packaging,Negative,6,no,Deepa,Low
FB3239,C1190,26/02/2026,Beauty,Skin,Website,South,5,Bad,Loved it,Positive,9,Y,Esha,Low
FB3240,C1219,2026/03/26,Beauty,Hair,Survey, south ,2,Good,support not helpful,Negative,9,Yes,Alice,High
FB3241,C1138,2026/03/06,Beauty,Skin,Website, south ,1,Good,late delivery,Negative,7,No,Bob,High
FB3242,C1274,24/08/2025,Fashion,Women,Website, south ,3,Bad,acceptable,Neutral,9,No,Esha,High
FB3243,C1192,29/01/2026,Electronics,Laptop,Email, south ,4,Good,Highly recommend,Positive,1,no,Alice,Medium
FB3244,C1118,03/04/2025,Home,Furniture,website,North,5,Review,Excellent product,Positive,14,No,Bob,Medium
FB3245,C1129,31/08/2025,Fashion,Women,website,South,4,Good,Highly recommend,Positive,7,Yes,Chris,Medium
FB3246,C1178,2025/12/31,Home,Kitchen,Website,South,2,Average,app crash,Negative,5,Y,Deepa, high
FB3247,C1163,02-01-2025,Fashion,Women,Email, south ,2,Bad,late delivery,Negative,3,Yes,Chris,High
FB3248,C1061,2025/06/24,Home,Kitchen,Social Media,East,5,Average,Great support,Positive,1,Y,Alice,High
FB3249,C1279,2025/01/15,Fashion,Men,Website,South,1,,,Negative,12,YES,Deepa,Low
FB3250,C1287,05/08/2025,Home,Kitchen,Email, south ,5,Bad,,Positive,2,no,Bob,Low
FB3251,C1140,22/02/2026,Grocery,Food,Social Media,North,4,Good,Excellent product,Positive,3,no,Esha, high
FB3252,C1176,27-01-2026,Home,Kitchen,Survey,North,1,Average,bad packaging,Negative,4,Yes,Chris, high
FB3253,C1118,2025/05/22,Electronics,Laptop,Email,North,5,,Great support,Positive,1,No,Esha, high
FB3254,C1151,2026/02/06,Grocery,Food,Social Media, south ,1,,support not helpful,Negative,7,Yes,Esha, high
FB3255,C1088,27/03/2025,Grocery,Beverage,Mobile App,North,4,Average,Great support,Positive,11,Yes,Chris,Medium
FB3256,C1204,20-02-2025,Home,Kitchen,Survey,West,5,Review,Great support,Positive,1,N,Alice, high
FB3257,C1062,22-04-2026,Beauty,Hair,Website,South,4,,Great support,Positive,2,No,Deepa,High
FB3258,C1018,24/01/2025,Fashion,Women,Social Media, south ,2,,late delivery,Negative,2,No,Deepa,High
FB3259,C1198,02/02/2025,Home,Kitchen,website,West,1,,poor quality,Negative,12,Yes,Alice,High
FB3260,C1054,05/08/2025,Home,Furniture,Mobile App, south ,3,,  late delivery!!! ,Neutral,12,YES,Chris, high
FB3261,C1038,19/03/2026,Fashion,Women,Survey, south ,2,Average,poor quality,Negative,14,No,Esha,Medium
FB3262,C1176,29-04-2025,Electronics,Mobile,website, south ,5,Good,Loved it,Positive,12,no,Alice,Medium
FB3263,C1074,13-05-2026,Electronics,Mobile,Website,South,1,Bad,late delivery,Negative,2,YES,Deepa,Medium
FB3264,C1049,25/03/2025,Electronics,Laptop,Mobile App, south ,3,,acceptable,Neutral,12,Yes,Bob,Medium
FB3265,C1255,10/09/2025,Fashion,Men,Mobile App,East,5,,Highly recommend,Positive,14,Y,Chris, high
FB3266,C1159,31/01/2025,Grocery,Food,Website, south ,1,,app crash,Negative,2,N,Chris,High
FB3267,C1050,11-08-2025,Beauty,Skin,Survey,West,5,,Great support,Positive,13,N,Esha,Low
FB3268,C1197,2026/01/22,Fashion,Men,Email,East,4,Good,  Excellent product!!! ,Positive,14,Y,Esha,High
FB3269,C1154,15/08/2025,Fashion,Women,Survey, south ,1,Bad,late delivery,Negative,7,Yes,Chris,High
FB3270,C1058,07/08/2025,Fashion,Women,Mobile App,East,1,Bad,,Negative,7,no,Esha,High
FB3271,C1105,2025/03/26,electronics,Laptop,Email,West,2,Review,poor quality,Negative,11,N,Chris,Medium
FB3272,C1005,14/05/2026,Electronics,Mobile,website,North,3,Review,nothing special,Neutral,10,N,Bob,High
FB3273,C1120,02-04-2026,Grocery,Food,website,North,4,Review,Highly recommend,Positive,10,N,Deepa, high
FB3274,C1215,2026/03/13,Electronics,Mobile,website,North,3,Good,okay product,Neutral,2,no,Esha,High
FB3275,C1256,04-08-2025,Electronics,Mobile,Social Media,West,2,,support not helpful,Negative,12,no,Esha,Medium
FB3276,C1282,14/03/2025,Fashion,Men,Website,East,3,Review,  acceptable!!! ,Neutral,11,no,Chris,Medium
FB3277,C1142,03-02-2025,Grocery,Food,Social Media, south ,5,,Great support,Positive,1,No,Chris,High
FB3278,C1028,2026/02/23,Home,Furniture,Survey,West,1,Good,late delivery,Negative,7,Y,Esha, high
FB3279,C1271,2025/12/10,electronics,Mobile,Email,North,2,Average,late delivery,Negative,1,YES,Esha,Medium
FB3280,C1155,11-10-2025,Grocery,Food,Email,West,3,Bad,works fine,Neutral,7,YES,Alice,High
FB3281,C1043,2025/04/16,Grocery,Food,website,West,5,Bad,Excellent product,Positive,9,YES,Esha,High
FB3282,C1238,2025/06/26,Grocery,Beverage,Email,West,4,Bad,Excellent product,Positive,12,No,Alice,High
FB3283,C1245,22-04-2026,Fashion,Men,Survey,North,2,Bad,support not helpful,Negative,2,N,Alice,High
FB3284,C1221,15/02/2025,Home,Furniture,Survey,East,5,Bad,,Positive,8,Yes,Alice,Medium
FB3285,C1138,07/08/2025,Home,Kitchen,website,South,3,Review,okay product,neutral,7,No,Bob,Medium
FB3286,C1232,05-11-2025,Fashion,Women,Social Media,East,4,,Highly recommend,Positive,9,No,Alice, high
FB3287,C1074,12-11-2025,Beauty,Skin,Email,East,1,Review,,Negative,15,Y,Esha,High
FB3288,C1118,07-05-2025,Beauty,Skin,Social Media, south ,5,Review,,Positive,4,N,Deepa,Medium
FB3289,C1294,27-08-2025,Beauty,Hair,website,West,3,Bad,  okay product!!! ,Neutral,14,Yes,Deepa,High
FB3290,C1132,24/04/2026,Home,Kitchen,Survey,East,3,,nothing special,Neutral,1,no,Bob, high
FB3291,C1207,2025/01/26,Beauty,Skin,website,East,5,Bad,  Highly recommend!!! ,Positive,14,N,Alice,High
FB3292,C1020,05/10/2025,Electronics,Mobile,Social Media,North,1,Bad,bad packaging,Negative,6,YES,Esha,Low
FB3293,C1255,13-12-2025,Fashion,Men,website, south ,5,,Excellent product,Positive,9,YES,Chris,Medium
FB3294,C1232,2026/02/02,Beauty,Hair,Survey,East,3,Good,works fine,Neutral,5,YES,Chris,Low
FB3295,C1011,11/06/2025,Grocery,Food,Website, south ,4,Bad,Highly recommend,Positive,6,YES,Alice, high
FB3296,C1046,25-04-2025,Beauty,Hair,Website, south ,5,Review,Loved it,Positive,6,N,Chris, high
FB3297,C1276,22/08/2025,Electronics,Mobile,Survey,North,4,Average,Loved it,Positive,7,N,Alice,High
FB3298,C1145,08-03-2025,Electronics,Mobile,Mobile App,South,4,,Loved it,Positive,11,No,Esha,High
FB3299,C1021,2026/01/27,Fashion,Men,Survey,West,3,Average,okay product,Neutral,10,N,Deepa, high
FB3300,C1202,2025/10/20,Grocery,Food,Email, south ,4,Good,,Positive,5,Yes,Alice, high
FB3301,C1018,12/10/2025,Fashion,Men,Website,North,1,,poor quality,Negative,7,N,Deepa,High
FB3302,C1107,04/08/2025,Beauty,Hair,Email,East,5,Review,Great support,Positive,10,Yes,Chris,High
FB3303,C1237,12-04-2025,Home,Furniture,Mobile App,East,4,Review,Great support,Positive,6,Yes,Esha,Low
FB3304,C1065,24-03-2025,Home,Furniture,Email,South,5,Good,Excellent product,Positive,4,Yes,Chris,High
FB3305,C1157,02-06-2025,Fashion,Men,Email,North,5,Good,Highly recommend,Positive,4,Yes,Bob, high
FB3306,C1168,30-08-2025,Fashion,Women,Website,West,3,Good,acceptable,Neutral,11,YES,Chris,High
FB3307,C1217,23/09/2025,Grocery,Food,Survey,North,3,Review,nothing special,Neutral,11,no,Bob,Low
FB3308,C1243,26/03/2026,Fashion,Men,Survey,West,1,Review,poor quality,Negative,7,no,Esha,Medium
FB3309,C1054,22-09-2025,Fashion,Women,Social Media, south ,4,Bad,Fast delivery,Positive,15,Y,Alice, high
FB3310,C1048,21/10/2025,Home,Kitchen,Mobile App, south ,3,Average,average experience,Neutral,5,No,Chris,Low
FB3311,C1024,2025/10/21,Home,Furniture,Social Media, south ,1,Good,support not helpful,Negative,10,No,Deepa,High
FB3312,C1026,27-07-2025,Fashion,Women,Social Media,South,2,Review,app crash,Negative,12,Y,Esha, high
FB3313,C1220,14-10-2025,Electronics,Laptop,Email,North,4,Bad,Excellent product,Positive,1,no,Bob,Low
FB3314,C1069,01-03-2026,Electronics,Laptop,Social Media, south ,5,Average,Excellent product,Positive,1,No,Deepa,High
FB3315,C1283,18-09-2025,Electronics,Laptop,Website,North,5,Bad,Excellent product,Positive,1,Yes,Deepa,Medium
FB3316,C1198,2025/11/23,Grocery,Food,Email,West,3,,average experience,Neutral,3,Y,Deepa,Medium
FB3317,C1069,24-03-2025,Home,Kitchen,website,North,5,Bad,Highly recommend,Positive,6,YES,Chris,Low
FB3318,C1010,11/04/2026,grocery,Beverage,Mobile App,South,4,Good,Loved it,Positive,4,no,Alice,High
FB3319,C1126,23/03/2026,Grocery,Beverage,Survey,East,3,,acceptable,Neutral,11,Y,Bob, high
FB3320,C1007,02/07/2025,Grocery,Beverage,Survey,West,1,Review,bad packaging,Negative,11,No,Alice,High
FB3321,C1211,21-01-2025,Grocery,Food,Social Media,South,5,Average,Great support,Positive,4,no,Esha,Medium
FB3322,C1068,2025/08/16,Grocery,Food,Survey,South,3,Bad,average experience,neutral,10,YES,Bob, high
FB3323,C1254,01-01-2026,Grocery,Food,Email,East,3,Good,acceptable,Neutral,2,Yes,Chris,High
FB3324,C1074,10/12/2025,Grocery,Food,Website,East,5,,Great support,Positive,7,YES,Alice,Low
FB3325,C1279,13-08-2025,Electronics,Laptop,Survey,South,5,Average,Highly recommend,Positive,5,Y,Alice, high
FB3326,C1022,2025/12/08,Beauty,Hair,Email,West,1,Bad,support not helpful,Negative,7,No,Alice,Medium
FB3327,C1063,10-05-2026,Electronics,Mobile,Mobile App,South,4,Good,Fast delivery,Positive,12,no,Alice, high
FB3328,C1081,2025/12/25,Grocery,Food,Social Media,North,4,Review,  Fast delivery!!! ,Positive,13,N,Deepa, high
FB3329,C1183,25/10/2025,Electronics,Mobile,Social Media,North,3,Bad,works fine,Neutral,5,Y,Esha,High
FB3330,C1170,2025/08/28,Home,Furniture,Mobile App,South,4,,Great support,Positive,1,No,Bob,Medium
FB3331,C1205,15/05/2025,Grocery,Beverage,Survey, south ,2,Review,poor quality,Negative,13,Y,Chris,Low
FB3332,C1023,05-01-2025,Fashion,Women,Website,North,4,Average,Highly recommend,Positive,11,Yes,Bob,Low
FB3333,C1275,17/04/2025,Grocery,Food,Survey,East,3,Review,acceptable,Neutral,13,No,Alice,Low
FB3334,C1266,09-07-2025,Home,Kitchen,Email,East,4,Bad,Great support,Positive,15,no,Esha,Low
FB3335,C1052,09/11/2025,Beauty,Hair,Survey,North,1,Good,late delivery,Negative,14,Yes,Alice,Medium
FB3336,C1208,05/11/2025,Beauty,Skin,Mobile App,East,5,Review,Highly recommend,Positive,4,Yes,Esha,Low
FB3337,C1278,10-04-2026,Home,Furniture,Survey,South,2,,poor quality,Negative,8,Yes,Esha, high
FB3338,C1113,05-05-2025,Fashion,Men,Email,West,4,Review,  Highly recommend!!! ,Positive,14,YES,Bob, high
FB3339,C1073,2025/08/19,Home,Kitchen,Social Media,North,4,Bad,Highly recommend,Positive,3,Yes,Deepa,Low
FB3340,C1209,16/01/2025,Home,Kitchen,Mobile App,North,5,Good,Excellent product,Positive,2,Yes,Alice,Low
FB3341,C1277,2025/05/22,Electronics,Laptop,Mobile App,South,4,Good,Fast delivery,Positive,5,YES,Alice, high
FB3342,C1147,24/01/2025,Fashion,Men,Mobile App,East,1,Average,poor quality,Negative,7,N,Deepa, high
FB3343,C1124,2025/01/27,Electronics,Mobile,Email, south ,1,Average,poor quality,Negative,15,Yes,Alice,High
FB3344,C1014,16/12/2025,Fashion,Women,Mobile App,North,1,Good,poor quality,Negative,3,No,Bob, high
FB3345,C1023,32-13-2025,Home,Furniture,Email,East,1,Bad,support not helpful,Negative,14,Yes,Esha,High
FB3346,C1042,2025/04/03,Fashion,Men,Email, south ,4,Bad,Great support,Positive,5,Y,Chris, high
FB3347,C1140,19-07-2025,Fashion,Women,Social Media,East,3,,okay product,Neutral,11,N,Alice,High
FB3348,C1296,2026/02/20,Electronics,Laptop,Website,South,4,Review,Fast delivery,Positive,9,Y,Alice, high
FB3349,C1041,08/03/2026,Fashion,Women,website,West,1,Good,support not helpful,Negative,14,YES,Alice,Medium
FB3350,C1288,06/09/2025,Beauty,Skin,website,South,5,Review,Highly recommend,Positive,5,no,Chris,Medium
FB3351,C1086,30/04/2025,Home,Furniture,Social Media,West,4,Good,Loved it,Positive,12,no,Deepa, high
FB3352,C1223,2025/12/25,Electronics,Mobile,Social Media,West,2,Bad,poor quality,Negative,8,N,Bob, high
FB3353,C1198,2025/11/06,Grocery,Food,Survey, south ,1,Bad,late delivery,Negative,3,Y,Deepa,High
FB3354,C1033,2026/03/27,Fashion,Women,Email, south ,4,Bad,Fast delivery,Positive,13,Y,Chris, high
FB3355,C1013,2025/04/25,Grocery,Food,Mobile App,East,2,,late delivery,Negative,5,no,Chris, high
FB3356,C1128,2025/04/30,Fashion,Men,Social Media, south ,5,,Fast delivery,Positive,14,no,Alice,Medium
FB3357,C1294,2025/07/10,Beauty,Skin,Email, south ,2,Review,support not helpful,Negative,4,No,Alice,Medium
FB3358,C1050,2025/11/08,Home,Furniture,Email,North,4,Average,Excellent product,Positive,1,no,Deepa, high
FB3359,C1016,2025/04/04,Grocery,Beverage,website,East,5,,Loved it,Positive,11,YES,Alice,Low
FB3360,C1271,04-06-2025,Electronics,Mobile,Mobile App,West,2,Good,support not helpful,Negative,3,N,Deepa,Low
FB3361,C1067,12/11/2025,Fashion,Men,Website, south ,3,,average experience,Neutral,12,Yes,Deepa,Medium
FB3362,C1120,22-12-2025,Electronics,Mobile,website,North,2,,poor quality,Negative,15,Yes,Esha,Medium
FB3363,C1116,09-08-2025,Fashion,Men,Website,East,2,Average,support not helpful,Negative,4,Yes,Deepa,Medium
FB3364,C1228,2025/03/03,Beauty,Skin,Social Media,West,1,Average,poor quality,Negative,15,No,Chris,Low
FB3365,C1154,2025/02/11,Beauty,Skin,Social Media,West,3,Review,nothing special,Neutral,1,Y,Chris,High
FB3366,C1173,2025/03/12,Electronics,Laptop,website, south ,5,Review,Highly recommend,Positive,10,Yes,Esha, high
FB3367,C1220,21/05/2025,Grocery,Beverage,Survey,West,5,Good,Highly recommend,Positive,15,Y,Chris,Medium
FB3368,C1300,2025/07/08,Electronics,Laptop,website,North,1,Bad,  support not helpful!!! ,Negative,3,Yes,Bob, high
FB3369,C1168,2025/09/13,Electronics,Mobile,website,West,1,Bad,bad packaging,Negative,2,Yes,Bob, high
FB3370,C1279,2026/04/12,fashion,Women,Survey,East,4,Review,Excellent product,Positive,6,Yes,Chris,High
FB3371,C1064,22-04-2026,Home,Kitchen,Mobile App,East,4,Good,Loved it,Positive,4,Y,Esha,Low
FB3372,C1001,2025/06/06,Home,Kitchen,Mobile App, south ,2,,,Negative,14,Yes,Deepa,Medium
FB3373,C1269,12/03/2026,Electronics,Laptop,Email,North,4,,Great support,Positive,5,Yes,Bob,Low
FB3374,C1200,10-11-2025,Beauty,Hair,Mobile App,East,4,Review,Great support,Positive,10,YES,Chris,Low
FB3375,C1208,17-11-2025,Electronics,Mobile,Email, south ,3,,nothing special,Neutral,1,no,Deepa,Medium
FB3376,C1145,17-08-2025,Beauty,Hair,Survey,West,5,Review,Fast delivery,Positive,5,Yes,Deepa,Medium
FB3377,C1171,30/10/2025,Fashion,Men,website,North,1,Bad,,Negative,5,YES,Deepa, high
FB3378,C1051,16/12/2025,Home,Furniture,Website,North,3,Review,nothing special,Neutral,3,No,Bob,Medium
FB3379,C1254,2025/05/08,Home,Kitchen,Survey,East,3,Bad,average experience,Neutral,10,No,Esha,Low
FB3380,C1267,22/03/2026,Electronics,Mobile,Survey,West,4,Good,Highly recommend,Positive,4,No,Deepa,Medium
FB3381,C1299,22-01-2025,Fashion,Women,Survey,West,1,Bad,  poor quality!!! ,Negative,1,Y,Esha,Low
FB3382,C1210,2025/04/21,Grocery,Food,Website,West,4,Bad,,Positive,5,No,Chris,Medium
FB3383,C1133,2025/11/30,Beauty,Hair,Mobile App,South,4,Good,Loved it,Positive,4,Yes,Deepa,Low
FB3384,C1101,2026/03/25,Home,Furniture,Social Media,East,3,Review,acceptable,Neutral,14,no,Deepa,Low
FB3385,C1189,09-04-2026,Grocery,Food,website,North,1,,app crash,Negative,15,No,Alice,Medium
FB3386,C1025,13-02-2026,Beauty,Hair,Email,West,3,Average,nothing special,Neutral,6,N,Alice,Medium
FB3387,C1186,12/03/2026,Home,Furniture,Email,North,1,Average,poor quality,Negative,10,Yes,Bob,High
FB3388,C1075,18/09/2025,Grocery,Food,Survey, south ,4,Good,Loved it,Positive,15,Yes,Chris,High
FB3389,C1074,13/05/2026,Home,Furniture,Website,South,4,Good,Great support,Positive,9,N,Esha,High
FB3390,C1167,08/03/2026,Fashion,Women,Mobile App,East,5,Average,Great support,Positive,8,N,Deepa,High
FB3391,C1200,26-04-2025,Fashion,Men,Website,West,4,Review,Loved it,Positive,4,Y,Deepa,Low
FB3392,C1278,2025/08/04,Electronics,Mobile,Website,East,3,Review,acceptable,Neutral,12,Y,Alice,Low
FB3393,C1091,15-02-2025,Fashion,Women,Email,North,2,Average,poor quality,Negative,4,N,Alice, high
FB3394,C1092,02-07-2025,Grocery,Food,Email,North,2,Average,  app crash!!! ,Negative,8,Y,Esha, high
FB3395,C1017,2025/10/01,Electronics,Mobile,Website, south ,2,Good,  poor quality!!! ,Negative,10,no,Deepa, high
FB3396,C1287,14/03/2026,Beauty,Hair,Social Media,West,1,,poor quality,Negative,12,Y,Chris,Medium
FB3397,C1280,2026/02/26,Home,Furniture,Survey,West,2,Review,late delivery,Negative,3,Y,Esha,Medium
FB3398,C1023,15-04-2026,Grocery,Beverage,Social Media,West,3,,okay product,Neutral,15,no,Deepa,Medium
FB3399,C1251,15-05-2026,Fashion,Women,Website,North,1,Good,bad packaging,Negative,11,no,Deepa,Medium
FB3400,C1105,2025/03/20,Fashion,Men,Mobile App,East,5,Bad,Loved it,Positive,13,YES,Alice,Medium
FB3401,C1239,20-12-2025,Fashion,Men,Website,South,1,,app crash,Negative,13,No,Deepa, high
FB3402,C1120,14/09/2025,Beauty,Skin,website,West,4,Bad,Great support,Positive,6,YES,Bob,High
FB3403,C1150,2026/03/09,Grocery,Beverage,Email,West,2,Review,late delivery,Negative,2,N,Bob,Medium
FB3404,C1159,2025/08/19,Electronics,Laptop,Website,East,2,Bad,app crash,Negative,10,Y,Bob,High
FB3405,C1088,22/07/2025,Electronics,Laptop,Website,East,5,Average,  late delivery!!! ,Positive,7,No,Alice,Medium
FB3406,C1169,11-11-2025,Electronics,Laptop,Survey, south ,1,,app crash,Negative,15,Yes,Alice, high
FB3407,C1109,18/02/2025,Grocery,Food,Social Media,East,1,,,Negative,1,no,Bob,Medium
FB3408,C1021,02-01-2026,Grocery,Food,Survey,South,2,Average,late delivery,Negative,7,No,Alice,High
FB3409,C1257,10/03/2026,Fashion,Women,Survey,South,1,Bad,late delivery,Negative,5,YES,Chris, high
FB3410,C1190,06-01-2025,Home,Kitchen,Social Media,South,3,,,Neutral,7,N,Chris,Medium
FB3411,C1207,2025/12/21,Beauty,Skin,Website,West,1,Bad,late delivery,Negative,3,Y,Esha,Low
FB3412,C1295,05/12/2025,Beauty,Hair,website,East,2,Average,app crash,Negative,14,no,Alice,Medium
FB3413,C1210,04/03/2026,Electronics,Mobile,website,East,1,Good,bad packaging,Negative,15,Yes,Bob, high
FB3414,C1088,2025/09/01,Beauty,Hair,Email,West,2,Good,support not helpful,Negative,8,N,Deepa,Low
FB3415,C1005,2026/05/11,Grocery,Beverage,website,South,4,Good,Highly recommend,Positive,1,N,Deepa,High
FB3416,C1286,18/01/2026,Home,Furniture,website,West,4,Review,Highly recommend,Positive,8,No,Esha,Medium
FB3417,C1066,09-11-2025,Electronics,Laptop,website, south ,2,,bad packaging,Negative,10,Y,Esha,High
FB3418,C1221,2025/11/10,Grocery,Food,Website,South,1,Average,late delivery,Negative,11,Yes,Chris,High
FB3419,C1053,21/02/2026,Grocery,Beverage,Website,East,2,Good,poor quality,Negative,15,Yes,Bob, high
FB3420,C1107,2025/07/23,Beauty,Hair,Website, south ,1,,poor quality,Negative,4,Y,Bob,Medium
FB3421,C1267,22-04-2025,Home,Kitchen,Email,West,5,,Loved it,Positive,9,N,Esha,Medium
FB3422,C1008,19-03-2026,Home,Furniture,Mobile App,North,5,Bad,,Positive,1,no,Deepa,Low
FB3423,C1299,11-09-2025,Beauty,Hair,Website,West,5,Review,Fast delivery,Positive,4,No,Esha, high
FB3424,C1134,12/04/2026,Fashion,Women,Website,North,2,,bad packaging,Negative,4,Y,Chris,High
FB3425,C1180,09-02-2026,Home,Furniture,Email,West,5,Good,Highly recommend,Positive,6,Yes,Alice,High
FB3426,C1060,22-02-2025,Home,Furniture,Social Media,West,5,Good,Excellent product,Positive,1,YES,Chris,High
FB3427,C1011,12/02/2026,Electronics,Mobile,Website, south ,3,,nothing special,Neutral,15,No,Chris, high
FB3428,C1143,07/02/2025,Grocery,Food,Survey,East,4,Good,Excellent product,Positive,6,Yes,Alice,Medium
FB3429,C1091,32-13-2025,Grocery,Beverage,Email,East,5,Bad,Fast delivery,Positive,12,No,Alice,High
FB3430,C1041,2026/05/06,Grocery,Food,Social Media,West,3,Average,acceptable,Neutral,7,N,Alice,Low
FB3431,C1264,2026/03/18,Electronics,Laptop,website,West,3,Review,acceptable,Neutral,1,Yes,Chris, high
FB3432,C1189,11-02-2026,Fashion,Women,Website,South,4,,Excellent product,Positive,11,N,Deepa,High
FB3433,C1060,11-02-2025,Beauty,Hair,Social Media,West,2,Review,bad packaging,Negative,7,YES,Esha,Medium
FB3434,C1194,22/07/2025,Home,Furniture,Website,North,3,Review,okay product,Neutral,2,Y,Chris,High
FB3435,C1054,19-07-2025,Fashion,Men,Survey, south ,5,,Excellent product,Positive,3,N,Alice,High
FB3436,C1131,2025/05/06,Home,Furniture,Social Media,North,1,Review,support not helpful,Negative,15,Y,Deepa, high
FB3437,C1210,25-10-2025,Grocery,Food,website, south ,5,Good,Loved it,Positive,5,Y,Esha,Low
FB3438,C1051,17/05/2025,Fashion,Men,Mobile App,East,5,Average,Highly recommend,positive,13,N,Deepa, high
FB3439,C1047,03/09/2025,Beauty,Hair,Mobile App, south ,4,Average,Highly recommend,Positive,9,N,Chris,Medium
FB3440,C1035,2026/04/24,Electronics,Mobile,Email, south ,1,Average,app crash,Negative,8,Y,Esha, high
FB3441,C1221,2026/02/12,Home,Furniture,Mobile App,West,1,Good,poor quality,Negative,3,YES,Chris,High
FB3442,C1194,2026/05/05,Grocery,Beverage,Social Media,East,4,Average,Fast delivery,Positive,14,YES,Alice,High
FB3443,C1206,2025/07/16,Electronics,Laptop,Social Media, south ,2,Bad,app crash,Negative,4,Y,Chris,Low
FB3444,C1218,02/02/2025,Fashion,Men,Social Media, south ,5,Good,Great support,Positive,13,Y,Bob,High
FB3445,C1138,12/02/2026,Electronics,Laptop,website,West,3,Bad,okay product,Neutral,13,N,Deepa,Medium
FB3446,C1173,2025/09/07,Home,Furniture,Email, south ,3,Good,okay product,Neutral,5,N,Deepa,Medium
FB3447,C1118,17-08-2025,Fashion,Men,Website, south ,5,,Loved it,Positive,9,YES,Chris, high
FB3448,C1018,08-04-2026,Home,Kitchen,website,East,2,Review,bad packaging,Negative,1,No,Esha,Low
FB3449,C1134,23-12-2025,Beauty,Hair,Social Media,West,3,Good,nothing special,Neutral,14,YES,Bob, high
FB3450,C1100,22-08-2025,Grocery,Food,website, south ,1,Bad,bad packaging,Negative,8,no,Bob,High
FB3451,C1230,2025/01/05,Beauty,Hair,Website,East,2,Review,bad packaging,Negative,11,Y,Bob,Low
FB3452,C1015,17-02-2025,Beauty,Hair,Website,East,1,Good,late delivery,Negative,13,Y,Alice,High
FB3453,C1051,18-04-2026,Fashion,Women,Mobile App,East,4,Average,Great support,Positive,1,No,Bob, high
FB3454,C1199,2025/09/25,Beauty,Skin,Social Media,East,1,,  support not helpful!!! ,Negative,5,no,Bob,High
FB3455,C1254,26/12/2025,Grocery,Beverage,Website, south ,2,Review,poor quality,Negative,13,YES,Deepa,Medium
FB3456,C1061,05/12/2025,Beauty,Skin,Mobile App, south ,3,Bad,acceptable,Neutral,6,no,Alice, high
FB3457,C1121,18-06-2025,Beauty,Hair,Website,North,2,Bad,support not helpful,Negative,2,N,Alice,Low
FB3458,C1064,2026/02/07,Home,Kitchen,website,South,2,Bad,late delivery,Negative,1,Y,Deepa, high
FB3459,C1240,32-13-2025,Grocery,Food,Mobile App, south ,3,Review,nothing special,Neutral,7,YES,Deepa, high
FB3460,C1213,21-01-2025,Home,Furniture,Website,North,2,Average,late delivery,Negative,5,N,Deepa, high
FB3461,C1150,2025/01/14,Fashion,Men,website,South,5,Good,Fast delivery,Positive,1,N,Deepa, high
FB3462,C1202,2025/12/13,Electronics,Mobile,website,East,2,Bad,late delivery,Negative,14,Yes,Esha,Low
FB3463,C1139,03/03/2026,Grocery,Food,Survey,South,3,,nothing special,Neutral,3,Yes,Chris,Low
FB3464,C1093,08/05/2026,Beauty,Skin,Survey,South,5,Good,Excellent product,Positive,11,No,Bob,High
FB3465,C1160,2025/06/30,Electronics,Laptop,Survey,North,4,Review,Highly recommend,Positive,4,No,Alice,Medium
FB3466,C1274,24-09-2025,fashion,Men,Website,North,2,Bad,late delivery,Negative,3,Yes,Bob,High
FB3467,C1080,2025/02/28,Grocery,Beverage,Website,North,2,Bad,bad packaging,Negative,13,No,Bob, high
FB3468,C1058,27/01/2025,Fashion,Men,Mobile App,South,1,Average,app crash,Negative,8,YES,Esha,Medium
FB3469,C1226,2025/02/22,Fashion,Women,Website,East,1,Review,,Negative,6,N,Bob, high
FB3470,C1153,2026/04/08,Grocery,Beverage,Email,North,5,Average,Fast delivery,Positive,3,N,Chris,Low
FB3471,C1126,2025/12/01,Electronics,Mobile,Survey,East,1,Bad,app crash,Negative,14,Yes,Esha,Medium
FB3472,C1012,2025/09/27,Beauty,Hair,Email,East,4,Average,Fast delivery,Positive,3,Yes,Bob, high
FB3473,C1120,10-05-2025,Grocery,Beverage,website,West,2,Good,poor quality,Negative,3,N,Alice, high
FB3474,C1109,02/03/2025,Fashion,Men,Survey, south ,3,Review,acceptable,Neutral,6,Y,Deepa,High
FB3475,C1255,2025/01/01,Electronics,Mobile,website, south ,4,Bad,Excellent product,Positive,6,N,Bob,Low
FB3476,C1073,04/06/2025,grocery,Beverage,Email,East,5,,Great support,Positive,6,no,Esha,Medium
FB3477,C1188,23-01-2026,Grocery,Beverage,Survey,West,3,,average experience,Neutral,6,N,Esha,Low
FB3478,C1207,11/08/2025,Beauty,Hair,Website,South,5,Good,Loved it,Positive,2,No,Alice, high
FB3479,C1209,10-10-2025,Fashion,Women,Mobile App,South,4,Good,Great support,Positive,15,YES,Esha,High
FB3480,C1159,10/07/2025,Fashion,Women,website,North,3,Review,  average experience!!! ,Neutral,2,Yes,Chris,Low
FB3481,C1189,15/12/2025,Home,Furniture,Mobile App, south ,1,Bad,poor quality,Negative,13,Yes,Deepa,Medium
FB3482,C1237,16-05-2026,Grocery,Beverage,website,West,2,Average,app crash,Negative,14,Yes,Deepa, high
FB3483,C1173,2026/05/03,Electronics,Laptop,Mobile App,East,5,,Excellent product,Positive,11,Yes,Alice,Medium
FB3484,C1045,2026/03/26,Electronics,Mobile,Website,South,4,Good,Loved it,Positive,9,Y,Bob, high
FB3485,C1131,01-01-2026,Electronics,Laptop,Email,South,5,Good,Loved it,Positive,12,no,Bob,High
FB3486,C1057,27-07-2025,Electronics,Mobile,Social Media,East,4,Good,Fast delivery,Positive,9,no,Bob, high
FB3487,C1169,20-10-2025,Fashion,Men,Survey, south ,3,Good,okay product,Neutral,10,YES,Bob,High
FB3488,C1173,08/06/2025,Beauty,Skin,Email, south ,4,Good,Excellent product,Positive,2,no,Chris,Low
FB3489,C1180,21/03/2026,Beauty,Skin,website, south ,1,Average,app crash,Negative,1,No,Bob, high
FB3490,C1026,02-06-2025,Grocery,Beverage,website,South,3,,average experience,Neutral,3,Y,Chris, high
FB3491,C1150,2026/01/27,Grocery,Food,website, south ,4,Bad,Loved it,Positive,7,Y,Esha, high
FB3492,C1074,2025/09/22,Grocery,Food,Mobile App, south ,5,Review,Great support,Positive,14,N,Alice,Low
FB3493,C1133,08/02/2025,Beauty,Hair,Website,South,3,Good,works fine,Neutral,7,N,Chris,Low
FB3494,C1103,10-02-2025,Beauty,Skin,Social Media,West,4,Average,Fast delivery,Positive,5,No,Chris, high
FB3495,C1171,14/05/2026,Beauty,Skin,Email,South,5,Average,Loved it,Positive,4,no,Bob,Medium
FB3496,C1169,2026/04/26,Electronics,Laptop,Social Media,South,2,Good,app crash,negative,10,Yes,Alice,Low
FB3497,C1212,2025/09/30,Grocery,Beverage,Social Media,North,2,Good,bad packaging,Negative,8,Yes,Deepa, high
FB3498,C1209,24-03-2025,grocery,Food,Survey,East,5,Review,Great support,Positive,6,Yes,Esha,High
FB3499,C1172,32-13-2025,Electronics,Laptop,Survey, south ,3,Review,acceptable,Neutral,9,no,Alice,Medium
FB3500,C1085,2025/12/19,Electronics,Laptop,Survey,East,4,Average,Loved it,Positive,15,Yes,Deepa,Low
FB3501,C1096,23-05-2025,Grocery,Food,Survey,North,4,,Loved it,Positive,3,no,Chris,High
FB3502,C1118,05/05/2025,Electronics,Laptop,Email,North,3,Bad,works fine,Neutral,8,no,Alice, high
FB3503,C1083,14-10-2025,Fashion,Men,Email,South,2,Review,support not helpful,Negative,8,no,Bob, high
FB3504,C1265,12/07/2025,Fashion,Men,website, south ,2,Average,,Negative,2,YES,Alice,Low
FB3505,C1215,14/04/2026,Electronics,Mobile,website,East,2,Bad,bad packaging,Negative,13,Yes,Chris,Low
FB3506,C1237,17-04-2025,Electronics,Laptop,Email,West,3,Review,nothing special,Neutral,6,Yes,Bob,Low
FB3507,C1074,30/01/2026,Beauty,Skin,Website,West,5,Review,Loved it,Positive,1,YES,Chris,Medium
FB3508,C1090,06-07-2025,Fashion,Men,Mobile App,West,5,Review,Great support,Positive,4,N,Deepa,Low
FB3509,C1025,2025/08/18,Electronics,Laptop,website, south ,4,Bad,Loved it,Positive,9,no,Esha,Medium
FB3510,C1165,08-02-2026,Electronics,Mobile,Email,South,2,Review,app crash,Negative,12,YES,Chris,Medium
FB3511,C1067,2026/02/26,Home,Kitchen,Website, south ,3,Good,  nothing special!!! ,Neutral,4,N,Deepa,Low
FB3512,C1285,29/01/2026,Electronics,Mobile,Mobile App, south ,2,Average,support not helpful,Negative,6,Yes,Esha,Medium
FB3513,C1109,2026/02/11,Fashion,Women,Social Media, south ,2,Good,,Negative,11,Yes,Chris,Medium
FB3514,C1016,27/09/2025,Fashion,Men,website,East,4,Bad,Highly recommend,Positive,10,YES,Chris,Low
FB3515,C1127,2025/05/15,Fashion,Men,Survey,East,2,Good,poor quality,Negative,13,YES,Alice, high
FB3516,C1101,10-05-2025,Electronics,Laptop,website,North,5,Good,Loved it,Positive,8,N,Chris, high
FB3517,C1181,15-04-2025,Fashion,Women,Survey,East,4,Review,Great support,Positive,11,No,Alice,Medium
FB3518,C1251,31/05/2025,Beauty,Hair,Email,West,1,Bad,poor quality,Negative,8,No,Esha,Medium
FB3519,C1049,2026/05/04,Beauty,Hair,Email,South,1,Good,poor quality,Negative,15,Yes,Bob, high
FB3520,C1087,22-02-2026,Fashion,Women,Mobile App,South,2,Review,  bad packaging!!! ,Negative,7,no,Alice,Low
FB3521,C1154,2025/03/21,Home,Furniture,Email,South,3,,acceptable,Neutral,2,YES,Alice, high
FB3522,C1295,06-01-2026,Home,Furniture,Survey, south ,5,Review,Loved it,Positive,13,Y,Esha, high
FB3523,C1112,2026/04/08,Grocery,Beverage,Email, south ,4,Bad,Great support,Positive,8,Y,Chris,Low
FB3524,C1268,05/04/2026,Fashion,Men,Mobile App,East,2,Review,late delivery,Negative,6,No,Deepa, high
FB3525,C1293,22-03-2025,Grocery,Food,Social Media,East,3,Review,okay product,Neutral,6,N,Esha,Low
FB3526,C1251,2025/08/19,Electronics,Mobile,Social Media,East,2,Review,late delivery,Negative,13,Y,Alice,High
FB3527,C1179,15/03/2026,Fashion,Men,Website,South,2,Review,app crash,Negative,4,Y,Deepa,Medium
FB3528,C1052,13-01-2025,Home,Furniture,Survey,West,4,Average,Excellent product,Positive,1,Y,Chris, high
FB3529,C1129,25-02-2026,Grocery,Beverage,website,North,3,Good,average experience,Neutral,4,Y,Esha,Medium
FB3530,C1247,2025/03/19,Electronics,Laptop,website, south ,2,Review,,Negative,14,Y,Deepa,High
FB3531,C1299,11/03/2026,Electronics,Laptop,Mobile App,South,1,Bad,late delivery,Negative,8,Y,Deepa,High
FB3532,C1041,08-03-2026,Grocery,Food,Website,East,2,Average,app crash,Negative,8,No,Bob,Low
FB3533,C1167,24-04-2026,Home,Kitchen,Social Media,North,2,Average,,Negative,6,no,Deepa,Medium
FB3534,C1044,17/01/2025,Grocery,Food,Social Media, south ,1,Review,poor quality,Negative,7,Y,Alice,High
FB3535,C1153,09/06/2025,Beauty,Hair,Social Media,North,5,Bad,Fast delivery,Positive,12,No,Deepa,Medium
FB3536,C1292,2025/10/25,Fashion,Men,Mobile App, south ,4,Good,Fast delivery,Positive,6,No,Chris,Medium
FB3537,C1272,10/11/2025,Beauty,Skin,Mobile App,West,2,,support not helpful,Negative,7,no,Esha,High
FB3538,C1199,11-06-2025,Beauty,Hair,Website,West,2,Good,bad packaging,Negative,12,Yes,Bob,Low
FB3539,C1077,16-04-2026,Fashion,Men,Survey,North,3,,works fine,Neutral,9,No,Esha,High
FB3540,C1289,2025/11/01,Electronics,Laptop,Website,East,4,Review,Fast delivery,Positive,5,YES,Bob,Medium
FB3541,C1295,2025/08/30,Fashion,Women,website,North,3,Review,  acceptable!!! ,Neutral,9,N,Chris,Low
FB3542,C1240,26-11-2025,Grocery,Beverage,Email,North,5,,Highly recommend,Positive,7,Yes,Bob, high
FB3543,C1207,32-13-2025,home,Furniture,Website, south ,5,Average,Fast delivery,Positive,14,Y,Chris,High
FB3544,C1114,2026/05/16,Electronics,Mobile,Website,East,4,,Fast delivery,Positive,3,Yes,Deepa,Low
FB3545,C1034,2025/09/07,Fashion,Men,website, south ,3,,,Neutral,1,No,Chris,Low
FB3546,C1241,23-11-2025,Home,Kitchen,Mobile App, south ,4,Good,Excellent product,Positive,14,No,Alice, high
FB3547,C1296,2025/04/09,Grocery,Food,Email,West,3,Average,works fine,Neutral,12,Yes,Bob,Low
FB3548,C1000,2025/03/28,Fashion,Women,Mobile App,East,3,,nothing special,Neutral,7,Y,Chris,Low
FB3549,C1181,2025/03/29,Grocery,Food,Mobile App,East,3,Good,works fine,Neutral,13,YES,Esha,Medium
FB3550,C1005,03-05-2026,Beauty,Skin,Website,South,1,Good,support not helpful,Negative,10,N,Deepa,Medium
FB3551,C1111,18/01/2025,Beauty,Skin,Survey,South,2,Average,late delivery,Negative,11,N,Deepa,High
FB3552,C1012,2026/05/06,Grocery,Food,Survey, south ,4,Average,Great support,Positive,6,YES,Esha,Low
FB3553,C1029,16-11-2025,home,Kitchen,Website,South,1,Average,poor quality,Negative,1,Y,Chris,High
FB3554,C1037,2025/11/28,Grocery,Food,website,South,3,Good,acceptable,Neutral,1,no,Deepa,Low
FB3555,C1300,32-13-2025,Electronics,Mobile,website,East,1,Bad,  poor quality!!! ,Negative,10,no,Alice, high
FB3556,C1042,2025/09/19,Home,Kitchen,Survey,West,5,Review,Great support,Positive,15,YES,Esha,High
FB3557,C1228,05/04/2025,Beauty,Hair,Social Media,West,1,,poor quality,Negative,13,Y,Chris,High
FB3558,C1167,06-11-2025,Home,Kitchen,Email, south ,1,Bad,poor quality,Negative,3,No,Chris,Low
FB3559,C1071,2026/04/08,Fashion,Men,Email,North,2,Good,late delivery,Negative,9,No,Esha, high
FB3560,C1010,06-02-2026,Home,Kitchen,website,West,3,Review,  works fine!!! ,Neutral,7,YES,Bob,Low
FB3561,C1126,05/03/2025,Home,Furniture,Website,West,3,Bad,,Neutral,2,N,Esha,Low
FB3562,C1224,14/02/2026,Beauty,Hair,Email,East,3,,works fine,Neutral,2,Yes,Esha,Low
FB3563,C1119,03/11/2025,Home,Furniture,Mobile App,North,3,Review,acceptable,Neutral,11,N,Alice,High
FB3564,C1162,2025/02/14,Grocery,Food,Website, south ,1,Good,bad packaging,Negative,6,Y,Bob, high
FB3565,C1107,18/12/2025,Home,Furniture,Mobile App, south ,3,Good,acceptable,Neutral,11,No,Chris,Low
FB3566,C1008,30/09/2025,Home,Kitchen,website,East,2,Bad,poor quality,Negative,15,no,Esha,Medium
FB3567,C1131,07/03/2026,Grocery,Beverage,Website,East,1,Bad,  poor quality!!! ,Negative,1,YES,Esha,High
FB3568,C1223,2026/01/26,Fashion,Men,Social Media,South,2,Average,poor quality,Negative,6,Yes,Deepa,Low
FB3569,C1170,2025/11/22,Fashion,Men,Website,West,3,Bad,average experience,Neutral,3,No,Deepa,Low
FB3570,C1195,17-08-2025,Grocery,Beverage,Mobile App, south ,1,Review,bad packaging,Negative,3,N,Alice, high
FB3571,C1104,16/03/2025,Fashion,Women,website,East,2,Bad,,Negative,11,no,Alice, high
FB3572,C1282,03/01/2025,Fashion,Men,Website, south ,3,Average,average experience,Neutral,5,YES,Chris,Medium
FB3573,C1021,09-05-2025,Beauty,Skin,Website,North,1,Good,poor quality,Negative,15,No,Chris,High
FB3574,C1075,25-01-2026,Grocery,Beverage,website,East,5,Good,Highly recommend,Positive,9,Y,Chris,High
FB3575,C1038,21-10-2025,Grocery,Beverage,Website,North,2,Review,bad packaging,Negative,3,YES,Bob,Low
FB3576,C1006,32-13-2025,Grocery,Food,Website,East,1,Bad,late delivery,Negative,10,Y,Esha,High
FB3577,C1131,2026/02/17,Fashion,Women,website,North,1,,late delivery,Negative,13,N,Deepa,Medium
FB3578,C1021,28/12/2025,Electronics,Mobile,Survey,West,2,Good,app crash,Negative,10,Y,Chris,Low
FB3579,C1097,2025/04/02,Beauty,Hair,website,South,3,Review,acceptable,neutral,12,Y,Deepa, high
FB3580,C1038,23-12-2025,Electronics,Laptop,Mobile App,North,2,Review,poor quality,Negative,13,Yes,Alice,Low
FB3581,C1028,32-13-2025,Fashion,Women,Website,South,4,,Fast delivery,Positive,5,YES,Alice, high
FB3582,C1050,23/11/2025,Grocery,Beverage,Social Media,South,5,,Loved it,Positive,7,Y,Deepa,High
FB3583,C1197,2025/08/29,Electronics,Laptop,Mobile App,East,1,,app crash,Negative,13,no,Esha,Medium
FB3584,C1221,13/04/2026,Beauty,Hair,Mobile App,North,3,Review,acceptable,Neutral,11,Yes,Bob,Low
FB3585,C1139,09-01-2026,Fashion,Women,Email,East,1,,poor quality,Negative,4,no,Alice,Medium
FB3586,C1198,12/01/2026,Fashion,Men,Email,East,4,Bad,Fast delivery,Positive,14,no,Deepa,Medium
FB3587,C1029,22/04/2025,Grocery,Beverage,Email,West,2,,bad packaging,Negative,2,No,Alice,High
FB3588,C1200,11/10/2025,Grocery,Beverage,website, south ,3,Review,acceptable,Neutral,12,Yes,Deepa,Low
FB3589,C1041,2026/04/28,Home,Kitchen,Survey,North,3,Good,acceptable,Neutral,8,no,Bob,Low
FB3590,C1276,2026/05/11,Grocery,Food,Survey,South,4,Review,Great support,Positive,11,No,Deepa,High
FB3591,C1279,10-06-2025,Beauty,Skin,Website,South,1,Average,bad packaging,Negative,7,N,Alice,Medium
FB3592,C1027,01-08-2025,Home,Kitchen,Email,South,3,Review,nothing special,Neutral,12,Y,Deepa,High
FB3593,C1292,08/03/2026,Grocery,Beverage,Survey,West,1,Review,late delivery,Negative,2,N,Chris,Medium
FB3594,C1251,26/05/2025,Fashion,Men,website,East,5,Bad,Loved it,Positive,5,YES,Chris, high
FB3595,C1096,2025/02/19,Home,Kitchen,Email,East,4,Good,Loved it,Positive,14,no,Alice,High
FB3596,C1005,2026/03/20,Beauty,Hair,Website,South,1,Bad,  support not helpful!!! ,Negative,13,Y,Chris,Medium
FB3597,C1277,2026/02/01,Beauty,Hair,website, south ,5,Review,Highly recommend,Positive,4,YES,Deepa,High
FB3598,C1183,05/11/2025,Electronics,Laptop,Email,East,1,,bad packaging,Negative,13,N,Deepa,High
FB3599,C1163,2025/04/04,Grocery,Beverage,Survey,South,2,,bad packaging,Negative,5,Y,Chris,Low
FB3600,C1217,2025/10/20,Fashion,Men,Mobile App, south ,1,Good,poor quality,Negative,2,N,Bob,High
FB3601,C1270,2026/03/10,Home,Furniture,Website,South,4,Review,,Positive,15,No,Deepa,Low
FB3602,C1277,28/04/2025,Fashion,Women,Email,North,2,Review,app crash,Negative,4,Y,Alice,Low
FB3603,C1263,2026/01/03,Grocery,Beverage,Survey,North,5,Good,Highly recommend,Positive,14,N,Alice,Low
FB3604,C1106,13-09-2025,Beauty,Hair,Email,West,1,Average,app crash,Negative,10,no,Deepa,Medium
FB3605,C1114,22-12-2025,Electronics,Mobile,Mobile App, south ,5,Bad,  Great support!!! ,Positive,13,N,Bob,Low
FB3606,C1184,2025/08/06,Electronics,Laptop,Email,South,5,Good,  Great support!!! ,Positive,15,N,Esha,Low
FB3607,C1108,2025/10/10,Fashion,Women,Social Media,East,5,Good,Loved it,Positive,6,Yes,Bob,High
FB3608,C1250,02-05-2026,Grocery,Beverage,Survey, south ,4,,Highly recommend,Positive,14,Yes,Alice,Medium
FB3609,C1254,29-03-2026,Fashion,Women,Survey,North,5,Bad,Highly recommend,Positive,4,Yes,Esha,High
FB3610,C1214,2025/05/22,Electronics,Laptop,Email,South,2,Review,late delivery,Negative,4,Y,Bob, high
FB3611,C1040,21/03/2025,Home,Furniture,Email,East,4,Bad,,Positive,7,Yes,Chris,High
FB3612,C1177,29/12/2025,Fashion,Women,Mobile App,North,2,,late delivery,Negative,4,Yes,Chris,Low
FB3613,C1045,24/01/2025,Fashion,Women,Social Media,South,2,Bad,  app crash!!! ,Negative,8,Y,Deepa, high
FB3614,C1268,01/01/2025,Home,Kitchen,Social Media, south ,1,Good,,Negative,3,YES,Chris,High
FB3615,C1275,03-02-2026,Grocery,Beverage,Website,East,2,Average,,Negative,11,Yes,Esha,Medium
FB3616,C1010,20/09/2025,Grocery,Beverage,Email,North,5,Bad,Excellent product,Positive,4,No,Alice,Medium
FB3617,C1044,16/08/2025,Electronics,Laptop,Website,East,2,,bad packaging,Negative,15,no,Deepa,High
FB3618,C1168,10-03-2025,Grocery,Beverage,Survey,East,3,Review,nothing special,Neutral,9,no,Bob,Low
FB3619,C1033,2026/01/27,Grocery,Beverage,Website,West,2,,bad packaging,Negative,7,Yes,Alice, high
FB3620,C1195,13/04/2026,Fashion,Women,Website,South,3,Good,works fine,Neutral,10,YES,Bob, high
FB3621,C1137,14-01-2025,Grocery,Beverage,Website, south ,3,,works fine,Neutral,5,N,Esha, high
FB3622,C1197,10/03/2025,Electronics,Laptop,Website,West,5,Bad,Excellent product,Positive,4,N,Esha,Low
FB3623,C1027,2026/05/13,Fashion,Men,Survey,East,2,,bad packaging,Negative,15,YES,Alice,Low
FB3624,C1153,13/03/2025,Beauty,Hair,Email,East,5,Bad,Highly recommend,Positive,3,N,Deepa, high
FB3625,C1167,2026/04/12,Grocery,Food,Website,East,3,Bad,average experience,Neutral,9,Yes,Deepa,Low
FB3626,C1240,18/02/2025,Fashion,Men,Mobile App,West,5,Good,,Positive,15,Y,Alice,Low
FB3627,C1195,21-02-2026,Home,Kitchen,Website, south ,5,Good,,Positive,11,N,Esha,High
FB3628,C1216,09/08/2025,Home,Kitchen,Social Media,East,3,,okay product,Neutral,8,Y,Bob, high
FB3629,C1044,2025/05/05,Fashion,Women,Email,West,2,Review,bad packaging,Negative,3,Yes,Alice,High
FB3630,C1205,04/08/2025,Electronics,Laptop,website,South,1,Average,support not helpful,Negative,10,No,Bob,Low
FB3631,C1171,03-05-2026,Home,Furniture,Mobile App,North,1,Average,poor quality,Negative,4,YES,Chris,Low
FB3632,C1254,21/04/2025,Home,Kitchen,Social Media,East,4,Average,Excellent product,Positive,3,No,Alice, high
FB3633,C1245,20/11/2025,Grocery,Beverage,Website,East,2,,poor quality,Negative,1,Yes,Alice,High
FB3634,C1109,10/02/2025,Home,Kitchen,Social Media,South,1,Good,support not helpful,Negative,5,no,Bob, high
FB3635,C1078,13-02-2026,Electronics,Mobile,Email, south ,3,Review,nothing special,Neutral,11,N,Chris,High
FB3636,C1274,03/09/2025,Home,Furniture,website,East,3,,average experience,Neutral,1,No,Deepa,Medium
FB3637,C1001,26-05-2025,Beauty,Skin,Mobile App,East,5,,,Positive,5,YES,Bob,Low
FB3638,C1097,2025/07/31,Grocery,Food,website,East,1,Average,late delivery,Negative,15,N,Bob,High
FB3639,C1125,2025/06/25,Grocery,Food,Email,West,2,Good,app crash,Negative,2,no,Alice,Medium
FB3640,C1157,28/02/2026,Electronics,Laptop,website,East,1,Bad,bad packaging,Negative,9,N,Chris,High
FB3641,C1069,2025/06/24,Home,Furniture,Social Media,North,4,Bad,Excellent product,Positive,13,N,Bob, high
FB3642,C1129,2025/03/04,Electronics,Laptop,Mobile App,East,1,,bad packaging,Negative,2,N,Esha,Low
FB3643,C1183,17/04/2025,Electronics,Mobile,Survey, south ,2,,bad packaging,Negative,11,YES,Deepa,Low
FB3644,C1249,29-11-2025,Home,Kitchen,Website,North,4,,Excellent product,Positive,5,Y,Alice, high
FB3645,C1022,2025/10/09,Grocery,Food,Mobile App,East,2,Good,support not helpful,Negative,6,no,Deepa,Medium
FB3646,C1234,16-01-2026,Electronics,Laptop,website,North,1,Average,bad packaging,Negative,14,no,Alice,High
FB3647,C1023,2025/08/27,Grocery,Beverage,website,North,1,Bad,support not helpful,Negative,10,Yes,Bob,Medium
FB3648,C1264,01/03/2025,Electronics,Mobile,Email,South,3,Good,nothing special,Neutral,8,Yes,Alice,Medium
FB3649,C1062,21/02/2026,Electronics,Mobile,Social Media,West,3,Review,acceptable,Neutral,14,N,Bob,Low
FB3650,C1220,21/04/2026,Home,Furniture,Survey,West,4,Average,Fast delivery,Positive,8,Y,Alice,Medium
FB3651,C1077,09/02/2026,Home,Kitchen,Survey,East,3,Bad,average experience,Neutral,15,YES,Bob,High
FB3652,C1258,17-04-2025,grocery,Beverage,website,South,3,Average,nothing special,Neutral,13,No,Esha, high
FB3653,C1209,2025/05/15,Grocery,Food,Social Media,West,2,Review,late delivery,Negative,14,No,Deepa,Low
FB3654,C1178,01-02-2025,Grocery,Food,Mobile App,East,5,Review,Loved it,Positive,14,YES,Chris, high
FB3655,C1158,32-13-2025,Grocery,Food,Website,West,5,Good,Highly recommend,Positive,13,Yes,Chris,Low
FB3656,C1167,2025/11/22,Grocery,Beverage,Survey,North,1,Bad,app crash,Negative,12,No,Bob,High
FB3657,C1121,04/03/2025,beauty,Skin,Social Media,North,3,Review,average experience,Neutral,1,N,Deepa,High
FB3658,C1044,28-03-2026,Home,Kitchen,website,South,5,Good,Highly recommend,Positive,15,Y,Esha,Low
FB3659,C1300,22/04/2025,Home,Furniture,website,South,1,,poor quality,Negative,11,No,Bob,Low
FB3660,C1103,05/05/2025,Electronics,Laptop,Website,East,5,Good,Loved it,Positive,8,Yes,Esha,High
FB3661,C1270,2026/05/06,Electronics,Mobile,Survey,East,3,Good,works fine,Neutral,3,no,Alice,High
FB3662,C1117,2025/10/05,Beauty,Skin,Survey,North,2,Bad,poor quality,Negative,1,N,Deepa, high
FB3663,C1218,10-09-2025,Grocery,Beverage,Mobile App, south ,4,Review,Loved it,Positive,6,Yes,Alice,Medium
FB3664,C1199,11-12-2025,Beauty,Skin,Survey,North,3,Bad,average experience,Neutral,5,No,Deepa,High
FB3665,C1051,02/06/2025,Fashion,Women,Social Media,West,3,Average,average experience,Neutral,10,No,Alice,Medium
FB3666,C1261,31/01/2026,Home,Furniture,Website,North,5,,Excellent product,Positive,2,Yes,Esha, high
FB3667,C1096,07/03/2025,Home,Furniture,Email,South,2,Good,late delivery,Negative,1,Y,Bob, high
FB3668,C1022,30-09-2025,Home,Kitchen,Survey,South,4,Bad,Highly recommend,Positive,8,No,Deepa,Low
FB3669,C1177,26/12/2025,Fashion,Women,Website, south ,5,Average,,Positive,13,Y,Bob, high
FB3670,C1066,13/04/2026,Beauty,Skin,Website,North,2,Review,bad packaging,Negative,2,YES,Deepa, high
FB3671,C1068,25/04/2026,Fashion,Men,Email,West,3,Good,acceptable,Neutral,13,N,Esha,Low
FB3672,C1146,2025/11/04,Grocery,Beverage,Social Media, south ,3,Good,average experience,Neutral,11,Y,Esha, high
FB3673,C1292,02/05/2025,Home,Furniture,Social Media, south ,4,Good,Excellent product,Positive,12,YES,Esha,Low
FB3674,C1026,18-01-2026,Electronics,Mobile,Social Media, south ,4,Review,Fast delivery,Positive,11,Yes,Deepa,High
FB3675,C1228,05-03-2026,Grocery,Food,Mobile App,South,5,Good,Highly recommend,Positive,7,Yes,Bob,Low
FB3676,C1153,2025/03/19,Grocery,Beverage,Website,South,2,,app crash,Negative,6,no,Chris, high
FB3677,C1152,08/03/2026,Electronics,Mobile,Social Media,North,4,,  Fast delivery!!! ,Positive,1,no,Esha,Medium
FB3678,C1150,2026/01/06,Electronics,Laptop,Social Media, south ,2,,bad packaging,Negative,13,no,Esha, high
FB3679,C1180,22-03-2025,Grocery,Beverage,website, south ,5,Review,Excellent product,Positive,11,N,Esha, high
FB3680,C1090,16-05-2025,Electronics,Mobile,Website,North,1,Bad,support not helpful,Negative,13,Yes,Alice, high
FB3681,C1063,2025/10/03,Home,Furniture,Mobile App,South,1,Average,bad packaging,Negative,5,no,Chris,Low
FB3682,C1202,28-01-2025,Grocery,Food,Survey,West,3,Good,nothing special,Neutral,7,Yes,Bob,High
FB3683,C1085,04-05-2025,Fashion,Men,Email,North,5,,Fast delivery,Positive,9,YES,Bob,High
FB3684,C1265,2025/04/25,Home,Furniture,Email,South,1,,late delivery,Negative,6,YES,Bob,Medium
FB3685,C1283,25-09-2025,Fashion,Men,Email,North,2,Good,app crash,Negative,2,No,Deepa, high
FB3686,C1241,2025/01/02,Electronics,Mobile,Survey,South,4,Average,Loved it,Positive,13,N,Alice,Low
FB3687,C1250,09/12/2025,Home,Kitchen,Website,North,4,Review,Fast delivery,Positive,4,Yes,Alice,Low
FB3688,C1175,2025/03/07,Electronics,Laptop,Website,East,3,,okay product,Neutral,1,Y,Alice,Low
FB3689,C1033,2025/12/31,Beauty,Skin,website,South,4,Good,  Fast delivery!!! ,Positive,4,no,Bob,Low
FB3690,C1298,10/05/2025,Electronics,Laptop,Social Media,South,1,Average,app crash,Negative,15,Y,Esha,Medium
FB3691,C1126,05/09/2025,Beauty,Skin,Email, south ,1,Review,poor quality,Negative,9,no,Esha,Medium
FB3692,C1255,01/01/2025,Home,Furniture,Email,West,2,Good,poor quality,Negative,13,N,Deepa,High
FB3693,C1196,04-01-2025,Grocery,Food,Mobile App,East,2,Good,bad packaging,Negative,4,N,Alice,Medium
FB3694,C1242,21/07/2025,Grocery,Beverage,website,South,4,Average,Fast delivery,Positive,7,no,Deepa, high
FB3695,C1137,26-01-2025,Home,Kitchen,Website, south ,5,,Excellent product,Positive,13,Yes,Deepa, high
FB3696,C1073,28/02/2026,Home,Furniture,website,North,5,Bad,Highly recommend,Positive,5,No,Bob,High
FB3697,C1223,21-12-2025,Grocery,Food,Email,West,2,Review,bad packaging,Negative,4,YES,Chris,Medium
FB3698,C1131,2025/06/22,Fashion,Men,Survey, south ,5,Good,Fast delivery,Positive,13,no,Deepa, high
FB3699,C1296,2025/02/24,Electronics,Laptop,Email,North,2,,support not helpful,Negative,10,Y,Deepa,Medium
FB3700,C1257,2025/12/10,Home,Kitchen,Survey,South,3,Good,works fine,Neutral,2,YES,Chris,Medium
FB3701,C1102,2025/04/02,Home,Kitchen,Email, south ,4,Review,Fast delivery,Positive,9,No,Bob,Medium
FB3702,C1032,2025/03/28,Electronics,Mobile,website,East,4,Review,Loved it,Positive,9,No,Chris,Low
FB3703,C1228,09/02/2025,Fashion,Men,Social Media, south ,3,Average,okay product,Neutral,13,Y,Deepa, high
FB3704,C1112,12/04/2025,Fashion,Women,Email,South,3,,average experience,Neutral,13,Y,Bob, high
FB3705,C1263,25/03/2025,Beauty,Hair,Website,South,5,Good,Great support,Positive,4,no,Esha,High
FB3706,C1264,31/05/2025,Home,Furniture,Survey,West,5,Average,Excellent product,Positive,6,Yes,Chris,High
FB3707,C1236,2025/02/07,Fashion,Men,Mobile App,East,1,Review,poor quality,Negative,9,N,Alice,Medium
FB3708,C1049,2026/05/08,Grocery,Beverage,Website, south ,2,Good,support not helpful,Negative,9,Y,Alice,Medium
FB3709,C1260,30/09/2025,Fashion,Men,Mobile App,North,3,Average,acceptable,Neutral,13,no,Deepa, high
FB3710,C1249,21/03/2026,Electronics,Mobile,website,West,4,Good,Highly recommend,Positive,4,no,Esha,Low
FB3711,C1002,16-08-2025,Home,Kitchen,Email,East,4,,Excellent product,Positive,4,YES,Deepa,Medium
FB3712,C1291,2025/04/27,Home,Furniture,website,East,1,,poor quality,Negative,14,YES,Chris, high
FB3713,C1080,2025/05/14,Electronics,Laptop,Email,West,4,Average,Great support,Positive,2,No,Chris,Medium
FB3714,C1150,2025/02/20,Home,Kitchen,Website, south ,5,Review,Highly recommend,Positive,12,Yes,Chris,Medium
FB3715,C1151,28-06-2025,Home,Kitchen,website, south ,2,Review,support not helpful,Negative,4,Y,Esha,Low
FB3716,C1111,2025/10/21,Electronics,Laptop,Survey,West,3,Bad,nothing special,Neutral,14,no,Chris,Medium
FB3717,C1144,06-03-2026,Home,Kitchen,website,West,2,Average,,Negative,3,no,Esha,High
FB3718,C1258,22-03-2025,Home,Furniture,Email,South,3,,nothing special,Neutral,7,no,Deepa, high
FB3719,C1290,2025/01/14,electronics,Mobile,Email,East,1,Review,app crash,Negative,11,No,Deepa,High
FB3720,C1180,2026/03/30,Fashion,Women,Survey,East,4,,Fast delivery,Positive,14,N,Chris,High
FB3721,C1082,14/09/2025,Home,Kitchen,website, south ,3,,okay product,Neutral,9,Yes,Esha,Medium
FB3722,C1039,16-03-2025,Grocery,Food,Mobile App,East,5,Average,Great support,Positive,10,No,Esha,Medium
FB3723,C1121,2026/04/07,Grocery,Food,Social Media,East,1,,  app crash!!! ,Negative,6,No,Deepa,Low
FB3724,C1202,04-06-2025,Electronics,Mobile,website,West,2,Review,  bad packaging!!! ,Negative,5,Y,Alice,High
FB3725,C1049,15-10-2025,Beauty,Skin,Social Media,East,5,,Loved it,Positive,9,N,Bob,Medium
FB3726,C1178,05-04-2026,Grocery,Beverage,Email,South,3,Bad,acceptable,Neutral,10,Y,Bob,Medium
FB3727,C1012,2025/04/25,Grocery,Beverage,Email,West,3,Average,nothing special,Neutral,10,No,Bob, high
FB3728,C1027,12/04/2026,Electronics,Mobile,Website,North,4,Bad,Great support,Positive,3,N,Deepa,High
FB3729,C1209,08/05/2026,Electronics,Laptop,Website,South,5,Review,Highly recommend,Positive,2,Yes,Esha,High
FB3730,C1124,25-02-2026,Beauty,Hair,Email,West,3,,nothing special,Neutral,9,Y,Bob, high
FB3731,C1055,2025/06/20,Electronics,Laptop,website, south ,2,,poor quality,Negative,3,YES,Bob, high
FB3732,C1029,10/04/2026,Grocery,Food,Website,West,4,Good,Loved it,Positive,15,No,Esha,High
FB3733,C1168,24-02-2026,Electronics,Laptop,Email,West,2,,,Negative,7,no,Bob,High
FB3734,C1162,27/09/2025,Grocery,Beverage,Mobile App,East,1,,app crash,Negative,14,no,Deepa,High
FB3735,C1166,27-01-2025,Beauty,Skin,website,East,2,,poor quality,Negative,9,N,Deepa, high
FB3736,C1116,14-03-2026,Grocery,Food,Social Media,North,5,,Highly recommend,Positive,6,Yes,Bob,High
FB3737,C1142,2025/03/29,beauty,Skin,Website,East,2,Average,poor quality,Negative,11,N,Chris,Low
FB3738,C1039,2025/07/22,Home,Kitchen,Mobile App,South,2,Review,late delivery,Negative,6,Yes,Esha, high
FB3739,C1212,21/03/2025,Beauty,Skin,Social Media,South,2,,bad packaging,Negative,8,Y,Esha,Low
FB3740,C1298,18/05/2025,Fashion,Men,Social Media,West,4,Good,Great support,Positive,13,YES,Chris,Low
FB3741,C1247,17-11-2025,Fashion,Women,Survey,South,2,Bad,app crash,negative,8,No,Bob,High
FB3742,C1072,2025/04/08,Beauty,Hair,Email, south ,1,,poor quality,Negative,4,No,Bob, high
FB3743,C1196,2025/07/21,Beauty,Skin,Social Media,North,5,,Great support,Positive,2,Y,Deepa,High
FB3744,C1135,29/03/2026,Grocery,Food,Website,West,4,Average,Great support,Positive,7,N,Esha,Medium
FB3745,C1077,2026/04/14,Home,Kitchen,Email, south ,3,,works fine,Neutral,8,No,Chris,Medium
FB3746,C1111,05/05/2026,Home,Kitchen,Website,South,1,Good,  late delivery!!! ,Negative,14,Y,Deepa,Low
FB3747,C1261,32-13-2025,Electronics,Mobile,website,West,2,Good,support not helpful,Negative,13,no,Bob, high
FB3748,C1064,15/03/2026,Fashion,Women,Mobile App,West,4,Bad,Fast delivery,Positive,4,no,Chris,High
FB3749,C1055,2025/12/05,Fashion,Men,Survey, south ,5,Review,Loved it,Positive,7,N,Chris,High
FB3750,C1010,2025/06/06,Grocery,Food,Email,North,1,Average,bad packaging,Negative,6,No,Bob,High
FB3751,C1212,19/04/2026,Electronics,Laptop,Email,South,1,Review,support not helpful,Negative,11,Yes,Deepa,High
FB3752,C1036,14-03-2026,Grocery,Beverage,Mobile App, south ,5,Review,Highly recommend,Positive,2,no,Chris,Low
FB3753,C1083,12-11-2025,Home,Kitchen,Survey,North,2,Average,poor quality,Negative,2,Y,Bob,Medium
FB3754,C1032,25-03-2025,Grocery,Food,Email,South,5,Good,Loved it,Positive,3,no,Bob,Low
FB3755,C1142,2025/10/30,Grocery,Food,Website,North,4,Bad,Loved it,Positive,14,YES,Bob,High
FB3756,C1090,17-08-2025,Electronics,Mobile,Social Media,East,2,,support not helpful,Negative,12,YES,Chris,High
FB3757,C1090,02-07-2025,Beauty,Hair,Social Media,North,3,Review,okay product,Neutral,7,no,Esha,High
FB3758,C1279,07/04/2026,Beauty,Skin,website, south ,2,Review,poor quality,Negative,11,Y,Chris,Low
FB3759,C1228,02-02-2025,Grocery,Food,website, south ,2,Bad,  poor quality!!! ,Negative,3,Yes,Deepa,High
FB3760,C1241,2026/01/26,Grocery,Food,Survey,North,3,Bad,average experience,Neutral,7,no,Esha,High
FB3761,C1169,13/07/2025,Home,Kitchen,Social Media,South,1,Average,poor quality,Negative,2,No,Alice,Medium
FB3762,C1115,2025/09/18,Fashion,Men,Website,East,3,Review,works fine,Neutral,13,Yes,Chris,High
FB3763,C1227,09/04/2025,Fashion,Men,Mobile App,West,4,Review,Loved it,Positive,4,no,Chris,Medium
FB3764,C1222,02-05-2026,Beauty,Hair,Website,West,5,Average,Great support,Positive,2,YES,Esha,Low
FB3765,C1288,19/04/2025,Fashion,Men,Email,North,2,Good,bad packaging,Negative,6,Y,Esha, high
FB3766,C1289,17-01-2026,Grocery,Beverage,Survey,South,5,Average,Fast delivery,Positive,13,Yes,Deepa,Low
FB3767,C1098,2026/05/01,Grocery,Food,Survey,South,5,Review,Fast delivery,Positive,14,no,Bob, high
FB3768,C1129,2025/03/26,Electronics,Laptop,website,East,4,Average,Excellent product,Positive,3,Yes,Bob, high
FB3769,C1110,2025/07/04,Grocery,Food,Mobile App,West,3,Bad,average experience,Neutral,1,YES,Alice,High
FB3770,C1127,04/08/2025,Fashion,Women,Mobile App,North,2,,,Negative,5,No,Chris, high
FB3771,C1123,26/04/2025,Electronics,Mobile,Survey, south ,4,Bad,Great support,Positive,9,No,Chris,High
FB3772,C1196,05-08-2025,Fashion,Men,Email,East,5,Bad,Highly recommend,Positive,9,N,Esha,Low
FB3773,C1005,11/12/2025,Electronics,Laptop,Survey,North,2,Bad,,Negative,7,No,Deepa,Low
FB3774,C1027,19/12/2025,Electronics,Mobile,Website, south ,3,Bad,okay product,Neutral,12,N,Alice, high
FB3775,C1292,2026/05/12,Home,Kitchen,Website,South,3,Review,acceptable,Neutral,3,Y,Bob,Low
FB3776,C1135,25-03-2026,Home,Furniture,website, south ,5,Review,Excellent product,Positive,10,no,Alice,Medium
FB3777,C1286,20-02-2026,Electronics,Laptop,Social Media,South,2,Average,poor quality,Negative,12,Y,Esha,Low
FB3778,C1093,07-01-2025,Beauty,Skin,Survey,East,4,Average,  Excellent product!!! ,Positive,6,No,Esha,Medium
FB3779,C1244,16/09/2025,Beauty,Skin,Social Media,North,4,,Great support,Positive,12,Yes,Bob, high
FB3780,C1012,18-01-2025,Beauty,Skin,website,South,5,Bad,Highly recommend,Positive,8,Yes,Esha,Low
FB3781,C1296,2026/03/21,Grocery,Food,Website,North,2,Bad,support not helpful,Negative,5,No,Alice, high
FB3782,C1046,20-05-2025,Fashion,Women,Email,North,4,Review,Highly recommend,Positive,13,YES,Esha,High
FB3783,C1177,18-03-2025,Fashion,Women,Social Media,West,3,Average,okay product,Neutral,13,no,Alice,High
FB3784,C1219,2026/04/03,Fashion,Men,Survey,North,3,Review,works fine,Neutral,3,YES,Alice,Medium
FB3785,C1143,04/11/2025,Electronics,Laptop,Website,North,2,Bad,bad packaging,Negative,7,YES,Deepa,High
FB3786,C1108,32-13-2025,Beauty,Hair,Mobile App, south ,2,Average,bad packaging,Negative,3,YES,Bob,High
FB3787,C1240,20-02-2026,Beauty,Hair,website,West,1,Average,app crash,Negative,8,N,Deepa,Low
FB3788,C1068,12-02-2026,Home,Furniture,Email,North,3,,average experience,Neutral,12,No,Esha,High
FB3789,C1274,26-06-2025,beauty,Hair,Social Media,West,1,Review,bad packaging,Negative,10,no,Bob, high
FB3790,C1069,19-02-2026,Beauty,Skin,website, south ,2,,late delivery,Negative,7,Yes,Bob,Medium
FB3791,C1006,12-08-2025,Electronics,Laptop,Website,East,5,Good,  Fast delivery!!! ,Positive,7,Y,Deepa,High
FB3792,C1081,20/03/2025,Home,Furniture,Social Media,North,1,Bad,support not helpful,Negative,7,Y,Alice,High
FB3793,C1114,2025/01/29,Home,Furniture,Mobile App,West,2,,poor quality,Negative,3,Y,Deepa,Low
FB3794,C1196,28/04/2026,Grocery,Beverage,Social Media,West,5,Review,Great support,Positive,11,Yes,Esha, high
FB3795,C1064,2025/05/25,Grocery,Beverage,Mobile App,West,1,Average,bad packaging,Negative,15,Y,Chris,High
FB3796,C1151,05-05-2025,Grocery,Food,Email,East,1,,bad packaging,Negative,9,YES,Esha,Low
FB3797,C1276,2026/05/11,Beauty,Hair,Survey,West,3,Review,works fine,Neutral,6,YES,Esha,Medium
FB3798,C1102,18-11-2025,Grocery,Beverage,Email,South,3,,acceptable,Neutral,12,YES,Bob,Low
FB3799,C1275,21-08-2025,Home,Furniture,Social Media, south ,3,,works fine,Neutral,9,Yes,Deepa,Medium
FB3800,C1230,06/12/2025,Home,Furniture,Survey, south ,1,Review,,Negative,5,Yes,Chris,Low
FB3801,C1097,2026/03/14,Beauty,Skin,Social Media,North,4,Bad,Excellent product,Positive,1,No,Deepa,Low
FB3802,C1196,19/04/2026,Beauty,Hair,Mobile App,South,3,Bad,works fine,Neutral,15,No,Chris,High
FB3803,C1063,07-02-2025,Home,Kitchen,Mobile App,West,2,Bad,support not helpful,Negative,7,N,Chris,Medium
FB3804,C1114,13-03-2025,home,Furniture,Social Media,West,4,Good,  Fast delivery!!! ,Positive,2,YES,Esha,Low
FB3805,C1122,11/02/2025,Fashion,Women,Email, south ,1,Average,bad packaging,Negative,11,No,Bob,Low
FB3806,C1098,01/07/2025,Electronics,Laptop,Mobile App, south ,1,Review,late delivery,Negative,15,N,Deepa,High
FB3807,C1260,07/02/2026,Home,Kitchen,Mobile App,East,2,Average,poor quality,Negative,14,YES,Esha,Low
FB3808,C1261,2025/12/16,Beauty,Hair,Social Media, south ,1,,support not helpful,Negative,5,no,Alice,Low
FB3809,C1066,20-10-2025,Home,Furniture,Website,East,4,Average,Loved it,Positive,9,no,Deepa,Medium
FB3810,C1095,2025/08/23,Electronics,Laptop,Website,North,5,Review,Fast delivery,Positive,12,No,Chris,High
FB3811,C1226,13/05/2026,Fashion,Men,Website,West,2,Average,bad packaging,Negative,1,YES,Chris,Low
FB3812,C1129,23-01-2026,Beauty,Skin,Mobile App,West,4,Average,Excellent product,Positive,15,N,Bob,High
FB3813,C1281,29/04/2026,Home,Kitchen,Mobile App,South,3,Bad,acceptable,Neutral,5,no,Alice,Medium
FB3814,C1106,15/03/2026,Home,Furniture,website,North,5,Bad,Great support,Positive,6,Y,Deepa,Medium
FB3815,C1152,06/06/2025,Beauty,Hair,Mobile App,West,2,Good,,Negative,15,No,Alice,Low
FB3816,C1157,01/04/2025,Grocery,Food,Social Media,South,3,Good,average experience,Neutral,2,N,Alice, high
FB3817,C1056,2025/12/11,Grocery,Beverage,website,West,2,Review,late delivery,Negative,14,YES,Esha, high
FB3818,C1278,02/03/2026,fashion,Men,Survey,North,3,,okay product,Neutral,9,Yes,Alice, high
FB3819,C1108,2025/08/31,Electronics,Laptop,Survey,South,2,,support not helpful,Negative,15,Y,Deepa,Medium
FB3820,C1008,28-07-2025,Fashion,Men,Survey,West,3,Bad,works fine,Neutral,14,No,Esha,Low
FB3821,C1141,07/05/2025,Beauty,Hair,Website,South,2,Bad,late delivery,Negative,10,No,Alice, high
FB3822,C1162,07-04-2026,Home,Kitchen,Survey,South,1,Average,app crash,Negative,9,Y,Chris,Medium
FB3823,C1083,06-04-2026,Beauty,Hair,website,South,4,Review,Highly recommend,Positive,3,Yes,Chris,Medium
FB3824,C1204,19-10-2025,Beauty,Hair,Website,West,5,,Excellent product,Positive,12,No,Chris,Low
FB3825,C1078,23/08/2025,Home,Kitchen,Survey,North,1,Good,app crash,Negative,9,No,Esha,Medium
FB3826,C1221,2026/02/13,Electronics,Mobile,Survey, south ,3,Review,nothing special,Neutral,11,Yes,Alice,Low
FB3827,C1036,02/04/2025,Fashion,Men,Survey,South,5,Review,Highly recommend,Positive,12,no,Esha, high
FB3828,C1293,27-10-2025,Fashion,Men,Website,East,4,Good,Loved it,Positive,5,No,Alice, high
FB3829,C1107,2025/12/07,Electronics,Laptop,Survey,North,3,Review,acceptable,Neutral,2,Yes,Chris,High
FB3830,C1113,01-10-2025,Home,Kitchen,Mobile App,South,4,Average,Fast delivery,Positive,9,YES,Alice,High
FB3831,C1160,2025/03/19,Home,Furniture,Email,West,4,Average,Great support,Positive,13,N,Bob,High
FB3832,C1091,2026/02/25,Electronics,Mobile,Social Media,South,3,Good,average experience,Neutral,5,YES,Bob,Low
FB3833,C1228,21/12/2025,Grocery,Food,Mobile App,West,4,,Loved it,Positive,3,No,Chris,Low
FB3834,C1143,2025/08/23,Fashion,Men,website,South,2,Bad,support not helpful,Negative,6,YES,Esha,Medium
FB3835,C1003,2025/06/14,Home,Furniture,Website,South,3,Review,nothing special,Neutral,8,YES,Chris,High
FB3836,C1059,04/01/2026,Grocery,Beverage,Survey,South,5,Bad,Highly recommend,Positive,9,N,Alice, high
FB3837,C1225,01/05/2025,Fashion,Women,Social Media, south ,5,Good,Loved it,Positive,6,Y,Esha, high
FB3838,C1125,22-03-2026,Electronics,Mobile,Email, south ,3,Review,  nothing special!!! ,Neutral,13,Y,Alice, high
FB3839,C1285,03/10/2025,Home,Furniture,Email,West,4,Bad,Excellent product,Positive,15,N,Chris,Medium
FB3840,C1028,03/01/2025,Fashion,Men,Social Media,West,2,Good,support not helpful,Negative,5,no,Deepa,Low
FB3841,C1132,2026/02/21,Electronics,Laptop,Website,South,5,Average,Excellent product,Positive,10,No,Chris, high
FB3842,C1154,10-04-2026,Electronics,Mobile,Social Media,South,5,Good,Loved it,Positive,13,YES,Deepa,Medium
FB3843,C1140,2025/07/03,Grocery,Beverage,Website,East,2,Review,app crash,Negative,11,No,Chris,Low
FB3844,C1217,30-01-2025,Beauty,Skin,website,North,3,Review,,Neutral,12,Yes,Chris,Medium
FB3845,C1274,19/03/2025,Home,Furniture,Email,North,3,Average,nothing special,Neutral,15,Yes,Esha,Medium
FB3846,C1273,05-10-2025,Home,Furniture,website,North,5,,Loved it,Positive,2,no,Chris,High
FB3847,C1091,05/01/2025,Beauty,Hair,Email,North,1,Good,support not helpful,Negative,8,No,Bob,Medium
FB3848,C1072,2026/05/05,Beauty,Skin,Website,East,4,Average,Fast delivery,Positive,11,Yes,Esha,Low
FB3849,C1152,08/11/2025,Beauty,Hair,Email, south ,2,Good,late delivery,Negative,15,Y,Esha, high
FB3850,C1120,2025/12/27,Fashion,Men,Email,South,1,Good,,Negative,10,no,Deepa,Medium
FB3851,C1074,23-01-2026,Fashion,Women,Website,West,1,Average,poor quality,Negative,8,Y,Esha,High
FB3852,C1285,04/08/2025,Home,Furniture,website, south ,2,,app crash,Negative,9,Y,Chris,High
FB3853,C1225,2025/01/24,Beauty,Skin,Mobile App,South,5,Good,Great support,Positive,12,Y,Chris, high
FB3854,C1104,03/10/2025,Electronics,Mobile,Mobile App,East,2,Review,support not helpful,Negative,10,Y,Esha,High
FB3855,C1101,27-09-2025,Electronics,Laptop,Website,West,1,Review,late delivery,Negative,11,YES,Alice,Low
FB3856,C1153,2025/09/16,Fashion,Men,Website,North,4,Bad,Loved it,Positive,3,No,Chris,Medium
FB3857,C1007,13/03/2026,Beauty,Hair,website,West,1,Average,  late delivery!!! ,Negative,1,Y,Alice,Low
FB3858,C1229,2026/04/23,Beauty,Skin,Email,East,4,Review,Great support,Positive,15,N,Deepa, high
FB3859,C1189,23-04-2025,Beauty,Skin,Social Media,North,2,Review,app crash,Negative,4,Y,Esha,Medium
FB3860,C1269,05/04/2025,Electronics,Laptop,Social Media,East,5,Bad,,Positive,7,no,Esha,Low
FB3861,C1096,11/11/2025,Grocery,Beverage,Email,East,4,Average,Excellent product,Positive,8,Y,Deepa, high
FB3862,C1200,12/06/2025,Beauty,Hair,Survey,East,5,Average,Fast delivery,Positive,13,Y,Alice, high
FB3863,C1229,2026/05/06,Beauty,Hair,website, south ,2,Good,support not helpful,Negative,13,No,Bob, high
FB3864,C1022,10-05-2026,Fashion,Women,website, south ,3,Good,nothing special,Neutral,15,YES,Deepa,Low
FB3865,C1239,06/09/2025,Beauty,Hair,Email,East,2,,poor quality,negative,14,N,Deepa,Low
FB3866,C1085,11-03-2026,Electronics,Laptop,Email,North,3,,average experience,Neutral,2,Yes,Alice,Medium
FB3867,C1217,2026/03/06,Fashion,Women,Email,East,4,Review,,Positive,7,YES,Bob,High
FB3868,C1200,2026/03/12,Fashion,Women,Social Media,North,4,Bad,Loved it,Positive,14,No,Chris,High
FB3869,C1184,29-09-2025,Electronics,Laptop,Survey,North,5,Average,Highly recommend,positive,5,Y,Chris,Low
FB3870,C1130,2025/08/29,Grocery,Food,Social Media,North,4,Good,  Great support!!! ,Positive,5,No,Alice,Medium
FB3871,C1060,2025/09/12,Grocery,Beverage,Website,East,3,Good,acceptable,Neutral,6,no,Chris,Medium
FB3872,C1276,2026/01/23,Beauty,Skin,Survey, south ,2,Good,support not helpful,Negative,7,Y,Alice,High
FB3873,C1255,14-07-2025,Electronics,Laptop,Survey,South,1,Review,poor quality,Negative,6,YES,Alice,Low
FB3874,C1208,2025/05/18,Home,Kitchen,website,East,5,Good,  Excellent product!!! ,Positive,14,Y,Alice, high
FB3875,C1139,06-01-2025,Beauty,Skin,Email, south ,3,Average,okay product,Neutral,8,no,Chris,Medium
FB3876,C1045,2026/04/27,Beauty,Skin,Social Media, south ,2,,late delivery,Negative,14,No,Esha,Low
FB3877,C1114,2025/09/23,Fashion,Women,Email,East,3,Bad,acceptable,Neutral,6,No,Esha,Low
FB3878,C1012,29-07-2025,Home,Furniture,Website,North,1,Bad,support not helpful,Negative,4,Y,Deepa,High
FB3879,C1229,17/02/2026,Home,Kitchen,Social Media,East,1,Good,support not helpful,Negative,11,no,Alice,Medium
FB3880,C1234,2025/07/31,Electronics,Laptop,Email,South,4,Average,,Positive,8,YES,Bob, high
FB3881,C1131,01/03/2025,Electronics,Laptop,Social Media,East,5,Bad,Great support,Positive,5,YES,Alice,High
FB3882,C1282,19-11-2025,Home,Kitchen,Survey,East,3,,average experience,Neutral,12,Yes,Chris,Medium
FB3883,C1141,19/01/2025,Fashion,Men,Social Media,North,1,Average,late delivery,Negative,13,no,Esha, high
FB3884,C1285,18-01-2025,Electronics,Mobile,Survey,West,3,Bad,  nothing special!!! ,Neutral,12,N,Esha,High
FB3885,C1065,2026/01/11,Beauty,Hair,Survey,North,5,Average,,Positive,13,no,Esha,High
FB3886,C1046,25/12/2025,Beauty,Skin,Social Media,West,5,Review,Fast delivery,Positive,10,No,Bob,Low
FB3887,C1087,2025/01/14,Beauty,Skin,Social Media,South,1,Average,poor quality,Negative,4,YES,Chris,High
FB3888,C1242,14-04-2025,Home,Kitchen,Website,West,3,,,Neutral,12,YES,Bob,Low
FB3889,C1189,15/04/2026,Beauty,Skin,Mobile App,South,1,Review,poor quality,Negative,5,No,Alice,Medium
FB3890,C1230,13/04/2025,Electronics,Mobile,Website,East,3,Average,nothing special,Neutral,11,No,Alice,Low
FB3891,C1289,03-10-2025,Beauty,Skin,Survey,East,2,Bad,bad packaging,Negative,4,N,Alice,Low
FB3892,C1021,2026/03/19,Beauty,Skin,Website,West,5,Average,Great support,Positive,9,Yes,Alice,High
FB3893,C1039,15-03-2026,Fashion,Men,Survey,North,2,Average,app crash,Negative,1,No,Chris,Medium
FB3894,C1102,08/12/2025,Electronics,Mobile,Mobile App,East,2,,app crash,Negative,4,Yes,Deepa,High
FB3895,C1047,28/01/2025,Grocery,Beverage,Mobile App, south ,2,,bad packaging,Negative,9,no,Deepa,High
FB3896,C1270,17-11-2025,beauty,Skin,website,North,2,Good,,Negative,5,YES,Esha,High
FB3897,C1103,2025/12/28,Home,Furniture,Social Media, south ,4,Review,Highly recommend,Positive,4,N,Bob, high
FB3898,C1047,20/08/2025,Fashion,Women,Mobile App,West,1,Bad,poor quality,Negative,8,Y,Chris,High
FB3899,C1097,09-12-2025,Home,Kitchen,Mobile App, south ,1,Good,app crash,Negative,7,Y,Deepa,Medium
FB3900,C1055,2025/06/16,Fashion,Women,Website,South,2,Good,  poor quality!!! ,Negative,2,Yes,Bob,High
FB3901,C1149,28/06/2025,Beauty,Hair,Social Media,West,3,,average experience,Neutral,6,Yes,Alice,High
FB3902,C1227,22/11/2025,Fashion,Men,Website,South,2,,support not helpful,Negative,4,Y,Chris,Low
FB3903,C1209,08-05-2026,Home,Kitchen,Survey,South,1,,late delivery,Negative,7,no,Bob,Low
FB3904,C1013,2025/02/11,Electronics,Laptop,Mobile App,South,1,,support not helpful,Negative,1,Y,Chris,High
FB3905,C1242,17/02/2025,home,Kitchen,Mobile App,East,5,Bad,Great support,Positive,14,YES,Alice,High
FB3906,C1066,29/07/2025,Home,Furniture,Email, south ,1,Review,support not helpful,Negative,6,Y,Esha,Medium
FB3907,C1187,32-13-2025,home,Kitchen,Email, south ,1,,app crash,Negative,6,Yes,Esha,Medium
FB3908,C1093,26/05/2025,Electronics,Laptop,Website,West,1,,poor quality,Negative,13,YES,Esha,Medium
FB3909,C1023,2026/02/22,Fashion,Men,Social Media,West,5,Review,Great support,Positive,7,YES,Alice, high
FB3910,C1235,2025/07/30,Fashion,Men,Mobile App,West,1,Average,,Negative,13,N,Chris, high
FB3911,C1254,06/09/2025,Beauty,Hair,Survey,South,4,Average,Excellent product,Positive,5,Yes,Bob, high
FB3912,C1107,2025/08/15,electronics,Laptop,Mobile App,North,1,,late delivery,Negative,11,No,Esha, high
FB3913,C1245,27/02/2026,Beauty,Skin,Email,North,3,Bad,  okay product!!! ,Neutral,1,Y,Bob, high
FB3914,C1204,14-03-2025,Fashion,Men,Mobile App,South,1,,app crash,Negative,3,no,Deepa,Medium
FB3915,C1148,25/08/2025,Fashion,Men,Website,West,3,,  acceptable!!! ,Neutral,1,N,Bob,Medium
FB3916,C1263,13-04-2026,Electronics,Mobile,Website,South,1,Average,poor quality,Negative,15,N,Deepa,Low
FB3917,C1120,2025/10/02,Electronics,Mobile,Website,East,1,Bad,app crash,Negative,4,YES,Esha,Low
FB3918,C1007,19-07-2025,Fashion,Women,Mobile App,East,4,Review,,Positive,6,Yes,Bob,Medium
FB3919,C1269,28-06-2025,Electronics,Laptop,Mobile App, south ,1,Good,support not helpful,Negative,8,no,Bob, high
FB3920,C1198,23-06-2025,Grocery,Beverage,Website, south ,4,Good,Great support,Positive,1,No,Deepa, high
FB3921,C1017,2025/09/19,Grocery,Food,Website,South,1,,poor quality,Negative,9,Y,Chris, high
FB3922,C1193,27/01/2026,Beauty,Skin,Social Media,East,5,Good,Great support,Positive,13,YES,Chris, high
FB3923,C1121,05/05/2025,Fashion,Men,Email,North,3,Review,acceptable,Neutral,5,Y,Deepa, high
FB3924,C1128,26-02-2025,Beauty,Skin,Mobile App,South,3,Average,,Neutral,14,YES,Esha,High
FB3925,C1252,2025/12/10,beauty,Skin,Email,East,2,Average,late delivery,Negative,9,Yes,Chris,High
FB3926,C1180,21-08-2025,Fashion,Women,Website,South,4,Good,Fast delivery,Positive,2,no,Alice, high
FB3927,C1094,12/12/2025,Beauty,Skin,Social Media, south ,3,,okay product,Neutral,15,Y,Bob,Low
FB3928,C1213,01-09-2025,Electronics,Mobile,Mobile App,South,3,Review,acceptable,Neutral,1,N,Bob, high
FB3929,C1191,01/05/2026,Electronics,Mobile,Social Media,South,3,Good,works fine,Neutral,13,Yes,Bob,High
FB3930,C1109,2025/04/23,Beauty,Hair,website,West,5,Good,Highly recommend,Positive,2,YES,Bob,Medium
FB3931,C1236,01/01/2026,Beauty,Skin,Email,South,3,Good,nothing special,Neutral,13,no,Deepa,Medium
FB3932,C1111,2025/04/21,Beauty,Hair,Survey,East,1,Review,,Negative,8,Y,Esha,Medium
FB3933,C1283,2025/02/18,Home,Furniture,Website,South,3,Review,works fine,Neutral,2,Y,Deepa,High
FB3934,C1109,06/02/2025,Fashion,Women,Website,West,4,Good,Excellent product,Positive,11,no,Chris,Medium
FB3935,C1002,2026/02/22,Home,Kitchen,Social Media,South,3,Good,nothing special,Neutral,8,Y,Alice,High
FB3936,C1248,04/09/2025,Electronics,Mobile,website, south ,3,Good,acceptable,Neutral,14,YES,Chris, high
FB3937,C1064,2025/08/13,Grocery,Beverage,Social Media,West,3,Average,average experience,Neutral,7,YES,Esha, high
FB3938,C1012,09/01/2026,Fashion,Men,Social Media,South,5,Bad,Fast delivery,Positive,4,Y,Alice, high
FB3939,C1148,25/05/2025,Electronics,Laptop,Mobile App,North,3,,nothing special,Neutral,11,No,Bob,High
FB3940,C1244,2025/05/21,Electronics,Mobile,Social Media,North,1,Average,late delivery,Negative,14,YES,Bob,High
FB3941,C1143,13/09/2025,Home,Furniture,Survey,North,2,,,Negative,14,Yes,Chris,Medium
FB3942,C1129,05-11-2025,Electronics,Mobile,Social Media, south ,2,Review,late delivery,Negative,10,N,Bob, high
FB3943,C1290,2025/01/08,Electronics,Laptop,Email, south ,1,Average,support not helpful,Negative,8,No,Esha, high
FB3944,C1069,2025/12/01,Home,Kitchen,Website,North,3,Average,average experience,Neutral,4,N,Chris, high
FB3945,C1111,24/04/2026,Grocery,Food,Email,East,3,Bad,average experience,Neutral,15,No,Bob,High
FB3946,C1190,2026/03/15,Grocery,Beverage,Survey,South,4,Average,Highly recommend,Positive,11,no,Alice,High
FB3947,C1280,2025/01/09,Home,Furniture,Social Media, south ,2,,support not helpful,Negative,9,YES,Deepa,Low
FB3948,C1274,09/03/2026,Beauty,Hair,Survey,East,4,Average,Great support,Positive,2,YES,Esha,Low
FB3949,C1137,25/08/2025,Electronics,Mobile,Survey,North,3,Good,average experience,Neutral,7,no,Deepa, high
FB3950,C1031,24/03/2026,Home,Furniture,website,East,1,Bad,bad packaging,Negative,1,No,Chris,Medium
FB3951,C1155,03/07/2025,Fashion,Women,Social Media,East,4,Good,Loved it,Positive,4,No,Deepa,Low
FB3952,C1127,13/07/2025,Home,Kitchen,Mobile App, south ,5,Bad,Excellent product,Positive,13,No,Deepa,High
FB3953,C1278,2025/09/03,electronics,Laptop,Email,West,4,Average,Highly recommend,Positive,9,no,Esha, high
FB3954,C1060,2026/03/29,Electronics,Mobile,Website,North,3,,works fine,Neutral,10,No,Alice, high
FB3955,C1023,12/01/2026,Home,Furniture,Website,East,4,Bad,  Excellent product!!! ,Positive,13,N,Deepa,Low
FB3956,C1213,18-10-2025,fashion,Women,Social Media,East,5,Average,Highly recommend,Positive,9,No,Chris,High
FB3957,C1072,17-03-2026,Grocery,Beverage,Social Media,North,4,,,Positive,12,no,Bob,High
FB3958,C1128,10/12/2025,Fashion,Women,Mobile App,East,5,Review,Great support,Positive,8,Y,Esha,Low
FB3959,C1141,16-01-2026,Fashion,Men,website, south ,3,,acceptable,Neutral,11,Y,Chris,High
FB3960,C1011,08/04/2025,Beauty,Hair,website,South,3,Average,okay product,Neutral,5,Y,Alice, high
FB3961,C1219,2025/02/08,Home,Kitchen,Social Media,North,5,Bad,Great support,Positive,11,no,Bob, high
FB3962,C1122,31/12/2025,Home,Furniture,Website,North,5,Review,Loved it,Positive,1,N,Alice,High
FB3963,C1199,22-07-2025,Home,Furniture,Mobile App, south ,5,Average,,Positive,3,Yes,Alice, high
FB3964,C1050,24-01-2025,Beauty,Skin,website,West,2,Good,support not helpful,Negative,10,Y,Alice, high
FB3965,C1040,32-13-2025,Electronics,Laptop,Social Media,North,1,Average,app crash,Negative,1,Yes,Esha, high
FB3966,C1206,07-12-2025,Grocery,Food,Social Media,North,5,Good,Fast delivery,Positive,2,No,Esha,Medium
FB3967,C1290,15/01/2026,Beauty,Skin,Survey, south ,1,Good,late delivery,Negative,8,N,Alice, high
FB3968,C1114,2025/07/31,Home,Kitchen,Survey,East,1,,app crash,Negative,7,N,Esha, high
FB3969,C1119,19-03-2025,Grocery,Beverage,website,West,3,Good,nothing special,Neutral,14,YES,Esha, high
FB3970,C1081,23-01-2026,Beauty,Hair,Social Media,West,5,,Highly recommend,Positive,3,Yes,Esha,Medium
FB3971,C1096,2026/01/31,Fashion,Men,Email,West,5,Review,Highly recommend,Positive,11,Yes,Deepa,Low
FB3972,C1001,2025/05/10,Beauty,Hair,website,North,5,,Highly recommend,Positive,6,No,Deepa, high
FB3973,C1172,2025/11/24,Grocery,Beverage,Website, south ,4,Good,Highly recommend,Positive,11,no,Esha,Medium
FB3974,C1265,24-02-2025,Fashion,Women,Survey,South,4,Bad,Highly recommend,Positive,6,no,Esha,Low
FB3975,C1049,2026/02/09,grocery,Beverage,Website,North,5,Average,,Positive,4,No,Esha,Low
FB3976,C1279,22/06/2025,Beauty,Hair,Social Media,East,1,,support not helpful,Negative,7,YES,Alice, high
FB3977,C1251,07/04/2025,Beauty,Hair,Survey,North,1,Bad,app crash,Negative,7,YES,Esha,Low
FB3978,C1145,2025/01/08,Fashion,Men,website,North,1,Review,late delivery,negative,7,No,Alice,Low
FB3979,C1099,14-01-2025,Fashion,Women,Social Media,East,1,Bad,app crash,Negative,9,Y,Esha,Medium
FB3980,C1142,24-02-2025,Beauty,Hair,Email,West,3,,works fine,Neutral,7,N,Bob,High
FB3981,C1216,17/04/2025,beauty,Hair,Mobile App, south ,3,Bad,,Neutral,5,no,Deepa,Low
FB3982,C1093,2025/03/28,Home,Furniture,Email,South,2,Good,bad packaging,Negative,2,Y,Esha,High
FB3983,C1250,13-02-2025,Fashion,Men,website,West,3,Good,nothing special,Neutral,13,no,Chris, high
FB3984,C1243,20-03-2026,Fashion,Women,Social Media,East,1,Average,support not helpful,Negative,10,No,Bob, high
FB3985,C1281,17-01-2025,Electronics,Laptop,Survey,West,2,Bad,app crash,Negative,9,no,Esha,Low
FB3986,C1035,08/06/2025,Home,Furniture,Survey,East,2,Good,bad packaging,Negative,6,Yes,Deepa,Low
FB3987,C1018,13-06-2025,Fashion,Men,Website,East,3,,works fine,Neutral,9,no,Deepa,Low
FB3988,C1297,2025/04/13,Electronics,Laptop,Social Media, south ,4,Review,Fast delivery,Positive,7,YES,Alice,Low
FB3989,C1053,2025/07/25,Grocery,Beverage,Survey,West,5,Review,  Loved it!!! ,Positive,6,Y,Alice,Low
FB3990,C1191,2025/09/13,Beauty,Skin,Email,South,1,Review,late delivery,Negative,14,No,Esha,Low
FB3991,C1225,10-05-2025,Grocery,Beverage,Social Media,West,4,Good,Loved it,Positive,2,YES,Bob,Low
FB3992,C1278,25/08/2025,Electronics,Laptop,Email,West,2,,late delivery,Negative,10,Yes,Bob,Low
FB3993,C1267,2025/05/06,Electronics,Mobile,Social Media,South,3,Bad,acceptable,Neutral,15,N,Deepa, high
FB3994,C1148,04/09/2025,Electronics,Mobile,Website,North,4,Review,Highly recommend,Positive,8,YES,Deepa,Low
FB3995,C1120,25-02-2025,Electronics,Mobile,Mobile App, south ,1,Good,late delivery,Negative,8,YES,Bob, high
FB3996,C1052,11/10/2025,Home,Kitchen,Email,North,2,Average,late delivery,Negative,5,YES,Esha,High
FB3997,C1265,2025/11/15,Electronics,Laptop,Mobile App,South,4,Average,Great support,Positive,15,no,Alice,Low
FB3998,C1048,09-07-2025,Beauty,Skin,Website,North,3,Bad,,Neutral,4,N,Alice,High
FB3999,C1037,25/01/2026,Fashion,Men,Mobile App, south ,5,Good,,Positive,10,N,Alice,High
FB4000,C1014,28-01-2025,Beauty,Hair,Website, south ,4,Average,Loved it,Positive,9,No,Bob,Low
FB4001,C1024,2025/11/17,Home,Kitchen,Social Media,South,3,Good,acceptable,neutral,6,N,Deepa,Low
FB4002,C1022,18/06/2025,Grocery,Beverage,Survey,North,5,Review,Great support,Positive,11,No,Esha,High
FB4003,C1292,2026/01/26,Electronics,Laptop,website,West,2,Average,poor quality,Negative,5,Y,Esha, high
FB4004,C1246,13/06/2025,Grocery,Beverage,website,South,2,,bad packaging,Negative,8,N,Chris,High
FB4005,C1228,18-12-2025,Grocery,Beverage,Mobile App,West,3,,average experience,Neutral,5,N,Deepa, high
FB4006,C1247,32-13-2025,Home,Kitchen,Social Media,East,4,Bad,Great support,Positive,4,Yes,Chris,High
FB4007,C1108,15-07-2025,Fashion,Women,website,East,4,Average,Great support,Positive,14,Yes,Bob,Low
FB4008,C1287,10/02/2025,Beauty,Hair,website,West,4,,  Fast delivery!!! ,Positive,12,No,Chris,Medium
FB4009,C1252,05-04-2026,Fashion,Women,Email,East,5,Good,Excellent product,Positive,11,Y,Chris, high
FB4010,C1241,03/06/2025,Beauty,Skin,Website,West,5,Bad,Fast delivery,Positive,7,YES,Alice,Low
FB4011,C1099,04-04-2026,Grocery,Beverage,Social Media,West,3,Review,acceptable,Neutral,9,no,Chris,Medium
FB4012,C1246,25-10-2025,Fashion,Men,Survey,East,5,Average,,Positive,7,Y,Esha,Low
FB4013,C1093,2026/01/31,Grocery,Food,Social Media,West,4,,Great support,Positive,4,Y,Bob,Medium
FB4014,C1080,02-04-2025,Grocery,Beverage,Social Media, south ,5,Average,Excellent product,Positive,6,Y,Esha,High
FB4015,C1143,19/11/2025,Grocery,Beverage,Website,West,5,Average,Fast delivery,Positive,15,No,Deepa,High
FB4016,C1005,09-05-2025,Fashion,Men,Mobile App, south ,3,Bad,nothing special,Neutral,6,no,Chris,Low
FB4017,C1067,28-04-2025,Beauty,Skin,Social Media,North,3,,average experience,Neutral,6,Yes,Bob,High
FB4018,C1149,20/12/2025,Fashion,Men,Survey, south ,4,Review,Highly recommend,Positive,12,YES,Chris, high
FB4019,C1014,07-05-2026,Fashion,Men,Survey, south ,1,Bad,support not helpful,Negative,7,Y,Bob,Medium
FB4020,C1017,08-07-2025,Home,Furniture,Email,East,3,Bad,acceptable,Neutral,4,YES,Chris,Medium
FB4021,C1013,01-04-2025,Grocery,Beverage,website,West,5,,,Positive,4,no,Alice,Medium
FB4022,C1136,2025/03/05,Home,Kitchen,website,South,5,Average,Loved it,Positive,2,YES,Chris, high
FB4023,C1220,19/08/2025,Grocery,Food,Survey,West,2,Good,bad packaging,Negative,4,YES,Deepa,Medium
FB4024,C1105,11/10/2025,Home,Kitchen,Email,South,4,Good,,Positive,1,Yes,Deepa,Low
FB4025,C1158,29/07/2025,Electronics,Laptop,Survey,East,5,Average,Fast delivery,Positive,1,Y,Bob,Medium
FB4026,C1021,2025/01/21,Grocery,Food,Social Media,North,3,,works fine,Neutral,11,no,Bob,Medium
FB4027,C1036,08-11-2025,Beauty,Hair,website,North,3,Good,acceptable,Neutral,2,N,Esha,Low
FB4028,C1115,29-05-2025,Home,Furniture,Social Media,East,2,Average,app crash,Negative,8,No,Chris, high
FB4029,C1212,14-09-2025,Electronics,Laptop,Survey,East,4,Average,Highly recommend,Positive,9,Yes,Deepa, high
FB4030,C1042,22/11/2025,Home,Kitchen,Survey,South,5,Average,Loved it,Positive,10,N,Chris,High
FB4031,C1085,2025/06/24,Beauty,Hair,website,South,3,Bad,okay product,Neutral,9,N,Bob,High
FB4032,C1050,2026/01/10,Beauty,Hair,website,East,5,Review,Great support,Positive,13,Yes,Alice,Low
FB4033,C1108,07-01-2026,Grocery,Food,Social Media,West,4,Good,  Fast delivery!!! ,positive,13,YES,Chris,Medium
FB4034,C1076,14/03/2026,Home,Furniture,Social Media,West,2,Bad,late delivery,Negative,13,Yes,Alice,High
FB4035,C1041,2026/05/13,Beauty,Hair,Website,North,5,Good,Highly recommend,Positive,6,no,Bob,High
FB4036,C1030,2025/07/28,Grocery,Beverage,Survey, south ,3,Bad,nothing special,Neutral,11,Yes,Esha, high
FB4037,C1212,23-12-2025,Home,Kitchen,Email, south ,3,Review,,Neutral,14,Yes,Deepa,Low
FB4038,C1101,2026/03/29,Beauty,Skin,website,South,2,Good,poor quality,Negative,11,Yes,Chris,Low
FB4039,C1174,2026/03/26,Home,Kitchen,Website,West,3,Bad,works fine,Neutral,10,Y,Esha,Medium
FB4040,C1263,17/01/2025,Electronics,Laptop,Website,East,2,Good,poor quality,Negative,10,No,Bob, high
FB4041,C1073,15-02-2025,Fashion,Women,website,West,2,Average,  bad packaging!!! ,Negative,3,YES,Bob, high
FB4042,C1144,21/11/2025,Grocery,Beverage,Mobile App,North,4,Average,  Great support!!! ,Positive,4,Y,Alice, high
FB4043,C1263,20-05-2025,Grocery,Food,website,West,5,Bad,Loved it,Positive,7,Yes,Esha, high
FB4044,C1285,10/05/2026,Electronics,Laptop,website,West,5,Bad,  Highly recommend!!! ,Positive,3,Yes,Deepa, high
FB4045,C1210,13/01/2025,Beauty,Skin,Mobile App,South,4,,Fast delivery,Positive,13,Yes,Deepa, high
FB4046,C1291,19/07/2025,Home,Furniture,Website, south ,5,Review,Fast delivery,Positive,9,Yes,Chris, high
FB4047,C1053,27/06/2025,Home,Kitchen,website, south ,5,Good,Fast delivery,Positive,4,N,Deepa,Low
FB4048,C1263,28-01-2026,Beauty,Hair,Social Media, south ,2,Good,poor quality,Negative,8,Y,Alice,Low
FB4049,C1252,30-03-2026,Fashion,Women,Email,East,2,Good,app crash,Negative,11,YES,Bob, high
FB4050,C1109,2026/03/27,Beauty,Skin,website,South,1,Bad,app crash,Negative,9,Y,Alice,Medium
FB4051,C1280,07-06-2025,Home,Furniture,Social Media,North,2,Bad,  support not helpful!!! ,Negative,3,Y,Esha,High
FB4052,C1126,28/02/2025,Beauty,Skin,Mobile App,South,4,Bad,Excellent product,Positive,1,Yes,Bob,Low
FB4053,C1192,2025/12/13,Electronics,Laptop,Website,South,1,Review,late delivery,Negative,1,no,Chris,Medium
FB4054,C1142,06/02/2026,Electronics,Laptop,Survey, south ,2,Good,,Negative,12,no,Chris,Low
FB4055,C1093,2025/08/02,Electronics,Laptop,Website,South,3,Good,okay product,Neutral,11,no,Deepa, high
FB4056,C1031,2025/12/13,Fashion,Men,Email,North,5,Good,Fast delivery,Positive,3,no,Chris,Low
FB4057,C1141,14/03/2025,Fashion,Women,website, south ,2,Average,support not helpful,Negative,5,Y,Bob,High
FB4058,C1210,02/02/2026,Home,Furniture,Email, south ,2,Review,bad packaging,Negative,9,Yes,Deepa,Medium
FB4059,C1103,11-02-2025,Fashion,Women,Mobile App,West,5,Good,  Fast delivery!!! ,Positive,15,No,Alice,Low
FB4060,C1053,08-12-2025,Electronics,Laptop,Email,West,5,Review,Loved it,Positive,3,No,Bob,Low
FB4061,C1019,2025/11/19,Beauty,Hair,Survey, south ,2,Good,poor quality,Negative,5,Yes,Bob,Medium
FB4062,C1066,31/01/2026,Fashion,Men,website,South,3,Review,acceptable,Neutral,3,YES,Bob,High
FB4063,C1263,23/06/2025,Beauty,Skin,Mobile App,West,1,Bad,app crash,Negative,8,no,Chris,High
FB4064,C1046,23-11-2025,Electronics,Mobile,website,South,3,Average,okay product,Neutral,11,Y,Esha,Medium
FB4065,C1073,10-10-2025,Beauty,Skin,Mobile App, south ,2,,app crash,Negative,3,Y,Alice,High
FB4066,C1076,18/01/2026,Beauty,Skin,Social Media, south ,2,Good,app crash,Negative,6,YES,Esha, high
FB4067,C1259,06/05/2025,Grocery,Food,Social Media, south ,1,Average,app crash,Negative,2,N,Bob,High
FB4068,C1187,22/03/2025,Electronics,Mobile,Social Media,North,5,Review,Great support,Positive,15,Yes,Bob,Medium
FB4069,C1123,2025/06/28,Fashion,Women,Mobile App,South,4,Bad,Highly recommend,Positive,11,no,Esha, high
FB4070,C1257,2026/04/26,Electronics,Laptop,Email, south ,4,Review,Fast delivery,Positive,9,Yes,Alice, high
FB4071,C1056,2025/03/30,Electronics,Mobile,Survey,North,2,Good,support not helpful,Negative,8,N,Esha, high
FB4072,C1008,12/03/2025,Beauty,Skin,website,North,5,,,Positive,1,Yes,Esha,Medium
FB4073,C1077,2025/05/30,Fashion,Men,Email,East,2,Review,  bad packaging!!! ,Negative,14,Yes,Chris,Medium
FB4074,C1284,20-11-2025,Beauty,Hair,website,North,2,Review,support not helpful,Negative,3,Y,Deepa,High
FB4075,C1184,2026/05/08,Home,Furniture,Email,South,2,Good,  poor quality!!! ,Negative,14,Yes,Deepa,Low
FB4076,C1284,08-02-2026,Electronics,Mobile,Mobile App,East,4,Bad,Excellent product,Positive,6,Y,Deepa, high
FB4077,C1031,23-05-2025,Beauty,Skin,Survey,South,1,,app crash,Negative,3,Yes,Chris, high
FB4078,C1237,2025/02/28,Grocery,Food,Survey, south ,3,Average,nothing special,Neutral,14,Y,Alice,Medium
FB4079,C1143,2026/03/10,Electronics,Laptop,Website,East,2,,  bad packaging!!! ,Negative,12,no,Deepa,Low
FB4080,C1223,2025/04/29,Home,Kitchen,website,East,4,Review,Great support,Positive,2,YES,Bob,Medium
FB4081,C1242,28-03-2026,Beauty,Skin,Website,West,3,Review,average experience,Neutral,15,Y,Esha,Low
FB4082,C1260,02/05/2026,Home,Kitchen,Social Media,West,3,Good,,Neutral,9,No,Chris,High
FB4083,C1287,09-03-2026,Fashion,Men,Survey,South,1,Bad,support not helpful,Negative,5,No,Alice,Low
FB4084,C1073,2025/02/02,Grocery,Food,website,North,5,Review,,Positive,9,Yes,Chris, high
FB4085,C1038,2025/01/27,Home,Furniture,Email,West,3,Bad,acceptable,Neutral,9,Yes,Chris,Low
FB4086,C1179,01/12/2025,Fashion,Men,Mobile App,North,1,,app crash,Negative,7,N,Alice, high
FB4087,C1124,29-11-2025,Electronics,Laptop,Email, south ,4,Bad,Fast delivery,Positive,12,No,Bob, high
FB4088,C1210,2025/11/07,Home,Furniture,Mobile App, south ,3,Good,works fine,Neutral,5,no,Esha,High
FB4089,C1198,02-09-2025,Electronics,Laptop,Mobile App,East,2,Review,bad packaging,Negative,4,Y,Chris,High
FB4090,C1075,27/08/2025,Home,Furniture,Social Media, south ,5,Review,Fast delivery,Positive,15,N,Esha,High
FB4091,C1156,08-01-2026,Grocery,Beverage,Mobile App, south ,3,Bad,average experience,Neutral,1,N,Bob, high
FB4092,C1256,21-11-2025,Home,Furniture,Website,South,1,Good,late delivery,Negative,14,Yes,Esha, high
FB4093,C1085,2025/02/15,Electronics,Laptop,website,West,5,Review,Fast delivery,Positive,13,N,Bob, high
FB4094,C1070,12/07/2025,Fashion,Women,Email, south ,2,Good,poor quality,Negative,12,Y,Bob,Medium
FB4095,C1112,10/10/2025,Home,Furniture,website,South,5,Bad,Great support,Positive,10,Yes,Esha,Low
FB4096,C1110,03-07-2025,Fashion,Women,website,North,3,,okay product,Neutral,10,YES,Alice,Medium
FB4097,C1239,19-04-2025,Home,Furniture,Mobile App,West,5,Good,Fast delivery,Positive,11,YES,Esha,High
FB4098,C1144,20/04/2026,Beauty,Hair,website, south ,1,,  late delivery!!! ,Negative,7,N,Alice,Medium
FB4099,C1130,14-06-2025,Beauty,Hair,Mobile App,East,3,Review,,Neutral,9,No,Bob,Low
FB4100,C1108,27-04-2025,Grocery,Beverage,Survey,South,3,Bad,acceptable,Neutral,8,Yes,Alice, high
FB4101,C1267,03/04/2026,Grocery,Food,Survey,North,3,Bad,works fine,Neutral,7,Y,Esha,Medium
FB4102,C1293,26/09/2025,Home,Kitchen,Mobile App,West,3,Review,  okay product!!! ,Neutral,10,Yes,Esha,Medium
FB4103,C1174,19/07/2025,Beauty,Hair,Social Media,North,2,,support not helpful,Negative,15,Yes,Deepa,Low
FB4104,C1188,21-03-2026,Beauty,Skin,website,East,3,Bad,acceptable,Neutral,1,No,Deepa, high
FB4105,C1007,06-03-2026,Beauty,Hair,Email, south ,3,Average,average experience,Neutral,4,Yes,Chris, high
FB4106,C1149,28/10/2025,Electronics,Laptop,Mobile App,East,3,Good,nothing special,Neutral,7,Yes,Deepa, high
FB4107,C1044,2025/08/22,Home,Furniture,Social Media,North,1,Average,poor quality,negative,15,N,Chris,Low
FB4108,C1027,11/05/2026,Fashion,Women,Email,South,2,Bad,bad packaging,Negative,2,YES,Bob,High
FB4109,C1281,17/11/2025,Home,Kitchen,website, south ,5,Bad,Loved it,Positive,13,N,Chris,Low
FB4110,C1074,12-11-2025,Beauty,Hair,Website, south ,3,Good,okay product,Neutral,8,Y,Alice, high
FB4111,C1020,2026/02/20,Beauty,Hair,Mobile App,West,4,,Fast delivery,Positive,15,N,Esha,Medium
FB4112,C1149,16/04/2026,Home,Furniture,Website,South,5,Average,Fast delivery,Positive,15,Yes,Bob,Low
FB4113,C1122,07/01/2026,Electronics,Mobile,Website,North,3,,average experience,Neutral,5,No,Alice,Low
FB4114,C1140,2025/01/29,Electronics,Mobile,Website,South,4,Good,,Positive,2,No,Alice,Low
FB4115,C1076,22/06/2025,Beauty,Hair,Social Media, south ,5,Good,Excellent product,Positive,10,no,Bob,Low
FB4116,C1065,2025/03/24,Electronics,Laptop,website,North,2,Good,late delivery,Negative,9,Y,Alice,Medium
FB4117,C1096,15-04-2026,Beauty,Skin,website,West,4,,Fast delivery,Positive,13,Yes,Esha,Medium
FB4118,C1130,2025/02/06,Electronics,Laptop,Survey,West,3,Good,,Neutral,14,Yes,Chris,Medium
FB4119,C1116,04/04/2026,electronics,Mobile,Survey, south ,3,Average,acceptable,Neutral,15,Y,Bob,Medium
FB4120,C1021,32-13-2025,Fashion,Women,Email,North,3,Average,,Neutral,15,Y,Bob,Low
FB4121,C1121,10-02-2025,Electronics,Laptop,Mobile App,East,5,Average,Excellent product,Positive,14,No,Chris,Low
FB4122,C1087,08-01-2026,Home,Kitchen,Social Media,South,1,Review,app crash,Negative,9,Yes,Deepa,Low
FB4123,C1158,2026/04/06,Beauty,Hair,Mobile App,West,1,Good,bad packaging,Negative,1,Yes,Alice,Medium
FB4124,C1099,2025/04/07,Beauty,Hair,Mobile App,East,4,Review,Loved it,Positive,8,YES,Alice,Medium
FB4125,C1066,2025/02/07,Electronics,Mobile,Email,West,1,Review,poor quality,Negative,6,Yes,Alice, high
FB4126,C1300,2026/03/07,Grocery,Beverage,Mobile App, south ,4,Good,Loved it,Positive,12,Y,Bob,Medium
FB4127,C1071,11/03/2025,Home,Kitchen,Social Media,South,1,Bad,app crash,Negative,15,Y,Chris,Low
FB4128,C1134,05/04/2025,Grocery,Food,Mobile App,West,2,Average,bad packaging,Negative,2,YES,Alice,Low
FB4129,C1247,2026/04/21,Electronics,Laptop,Social Media,South,5,Bad,Fast delivery,Positive,10,no,Esha,High
FB4130,C1111,2025/04/21,Electronics,Laptop,Mobile App, south ,1,Bad,late delivery,Negative,10,No,Alice,Low
FB4131,C1034,25/01/2025,Beauty,Skin,Social Media,South,3,Good,,Neutral,1,YES,Deepa,High
FB4132,C1107,2026/04/12,Beauty,Skin,website,South,1,Good,support not helpful,Negative,6,YES,Esha,Medium
FB4133,C1071,20/06/2025,Fashion,Women,Website, south ,5,Review,Highly recommend,Positive,10,Y,Esha,High
FB4134,C1050,06/11/2025,Beauty,Hair,website,South,4,Average,Highly recommend,Positive,10,No,Chris,Medium
FB4135,C1232,2025/04/21,Electronics,Mobile,Email,North,4,,Fast delivery,Positive,1,Yes,Bob,Low
FB4136,C1289,01-05-2025,Grocery,Beverage,Survey,South,4,,Excellent product,Positive,3,Y,Deepa,Medium
FB4137,C1007,2025/04/18,Home,Furniture,website,East,4,,Fast delivery,Positive,12,YES,Deepa,Low
FB4138,C1055,03/08/2025,Grocery,Food,Social Media,North,2,Review,bad packaging,Negative,5,Y,Deepa, high
FB4139,C1121,2026/01/30,Fashion,Women,website,North,3,Average,acceptable,Neutral,5,Y,Esha,Low
FB4140,C1148,11-01-2025,Fashion,Women,Email, south ,3,Good,average experience,Neutral,11,YES,Deepa,Low
FB4141,C1042,2025/01/31,Home,Furniture,Social Media,North,5,,Fast delivery,Positive,12,Yes,Deepa,High
FB4142,C1103,23-03-2026,Electronics,Laptop,Mobile App,North,4,Review,Loved it,Positive,2,N,Alice,High
FB4143,C1252,05-03-2025,Electronics,Mobile,website,North,1,Review,,Negative,11,no,Chris,High
FB4144,C1110,18/05/2025,Home,Furniture,Mobile App,North,5,Good,Great support,Positive,9,No,Esha,High
FB4145,C1065,2025/06/15,Home,Furniture,Social Media,West,1,Good,,Negative,7,Y,Bob,High
FB4146,C1105,27/12/2025,Grocery,Beverage,website, south ,3,Review,works fine,neutral,11,Yes,Bob, high
FB4147,C1127,2025/01/22,Electronics,Laptop,Mobile App,West,1,Average,bad packaging,Negative,7,No,Esha,Medium
FB4148,C1010,2026/03/05,Grocery,Food,Mobile App,North,1,Good,poor quality,Negative,13,No,Esha,Medium
FB4149,C1090,2025/10/30,Grocery,Food,Website,North,4,Bad,,Positive,9,No,Esha,High
FB4150,C1045,2025/01/23,Beauty,Skin,Mobile App,East,3,Good,okay product,Neutral,1,Yes,Bob,High
FB4151,C1017,2026/04/11,Beauty,Skin,Mobile App,East,1,Review,poor quality,Negative,12,no,Deepa,Medium
FB4152,C1103,04/12/2025,Fashion,Men,Survey,West,1,Average,late delivery,Negative,5,N,Esha,Medium
FB4153,C1039,13/01/2025,Grocery,Beverage,Social Media, south ,4,Good,Highly recommend,Positive,9,No,Esha,Low
FB4154,C1176,16-01-2026,Beauty,Hair,Email,North,4,Review,Highly recommend,Positive,3,N,Alice,Medium
FB4155,C1231,15/03/2026,Home,Kitchen,Social Media,South,2,,app crash,Negative,5,Yes,Bob,High
FB4156,C1254,2025/02/14,Grocery,Food,Email,South,4,Good,Great support,Positive,9,Y,Deepa,Low
FB4157,C1200,07/11/2025,Home,Furniture,website,North,2,Review,late delivery,Negative,12,Yes,Alice,High
FB4158,C1067,2026/03/22,Beauty,Hair,Email, south ,3,Average,average experience,Neutral,5,N,Deepa,Low
FB4159,C1125,2025/01/04,Fashion,Women,Survey,East,2,Average,bad packaging,Negative,2,Y,Deepa,Low
FB4160,C1158,09-02-2025,Grocery,Food,Website,West,1,Good,poor quality,Negative,4,YES,Alice,Low
FB4161,C1005,2025/09/10,Beauty,Skin,Social Media,South,2,Review,  app crash!!! ,Negative,15,Yes,Esha,High
FB4162,C1240,10-04-2026,Electronics,Laptop,Social Media,North,1,Average,app crash,Negative,14,N,Bob,High
FB4163,C1065,15/01/2025,Electronics,Laptop,Social Media,South,1,Good,,Negative,15,Yes,Bob,Low
FB4164,C1203,07-02-2025,Beauty,Skin,Mobile App, south ,2,,app crash,Negative,8,No,Deepa,Medium
FB4165,C1243,2026/04/22,Electronics,Mobile,Social Media,North,5,Review,Loved it,Positive,6,Y,Deepa,High
FB4166,C1081,20-07-2025,Beauty,Hair,Website,South,4,Good,Highly recommend,Positive,7,Yes,Esha,Medium
FB4167,C1238,01-11-2025,Beauty,Skin,website, south ,4,Average,Fast delivery,Positive,10,Y,Esha,Low
FB4168,C1071,30/01/2025,Electronics,Mobile,Website,West,3,Average,average experience,Neutral,2,No,Alice,Medium
FB4169,C1072,07/03/2025,Fashion,Men,website,West,5,Average,Excellent product,Positive,11,YES,Bob,High
FB4170,C1155,26/10/2025,Home,Kitchen,Mobile App, south ,4,Average,Excellent product,Positive,7,N,Deepa, high
FB4171,C1172,31-08-2025,Grocery,Beverage,Survey,South,2,,bad packaging,Negative,15,YES,Esha, high
FB4172,C1029,2025/07/13,Electronics,Mobile,Website, south ,4,Review,Fast delivery,Positive,14,Y,Chris,Medium
FB4173,C1241,2025/02/17,Electronics,Mobile,Mobile App,West,5,Average,Loved it,Positive,7,No,Deepa,Medium
FB4174,C1262,25-02-2025,beauty,Skin,Website,East,5,Average,Excellent product,Positive,13,Y,Bob,Low
FB4175,C1047,2025/07/07,Grocery,Food,Mobile App,East,2,Good,poor quality,Negative,9,Yes,Deepa, high
FB4176,C1128,27/03/2025,Grocery,Beverage,Email, south ,2,Good,support not helpful,Negative,9,No,Bob,High
FB4177,C1173,26/01/2025,Grocery,Beverage,website,North,1,,poor quality,Negative,1,Y,Esha,Medium
FB4178,C1100,15/01/2025,Home,Kitchen,Social Media,South,4,,Fast delivery,Positive,1,Y,Esha,Low
FB4179,C1240,31-08-2025,Grocery,Food,Survey,West,5,Review,Excellent product,Positive,13,N,Bob, high
FB4180,C1111,14-06-2025,Fashion,Men,Email, south ,2,Average,bad packaging,Negative,13,N,Bob,High
FB4181,C1281,2025/04/05,Home,Furniture,Social Media,North,2,Review,late delivery,Negative,11,YES,Alice,Low
FB4182,C1098,29-05-2025,Beauty,Hair,Mobile App,North,1,,  app crash!!! ,Negative,13,Yes,Esha,High
FB4183,C1160,03/02/2025,Grocery,Beverage,Email,South,5,Bad,Great support,Positive,8,Yes,Deepa,High
FB4184,C1191,2025/02/04,Electronics,Laptop,website, south ,1,Bad,,Negative,11,Yes,Bob,Medium
FB4185,C1036,16-01-2025,Electronics,Mobile,website,West,4,,Loved it,Positive,6,Y,Esha, high
FB4186,C1123,2026/03/15,Electronics,Mobile,Website,West,4,Good,Excellent product,Positive,12,YES,Chris, high
FB4187,C1016,11/01/2026,grocery,Food,Website,South,2,Bad,support not helpful,Negative,1,YES,Bob,Medium
FB4188,C1183,01/04/2025,Electronics,Laptop,Website,North,2,,poor quality,Negative,8,No,Esha,Low
FB4189,C1233,2025/09/23,Grocery,Food,Email,South,2,Good,bad packaging,Negative,13,YES,Alice,Low
FB4190,C1020,17-11-2025,Grocery,Beverage,Mobile App,East,3,Average,acceptable,Neutral,9,No,Chris,Low
FB4191,C1300,13-06-2025,Electronics,Mobile,Website,North,1,Bad,bad packaging,Negative,9,YES,Chris, high
FB4192,C1056,2025/05/24,Beauty,Skin,Social Media,East,4,Bad,Great support,Positive,13,no,Chris,Low
FB4193,C1113,16-08-2025,Fashion,Men,Social Media, south ,4,Bad,  Fast delivery!!! ,Positive,9,Yes,Bob,Medium
FB4194,C1224,26-04-2025,Beauty,Skin,Social Media,East,1,Average,support not helpful,Negative,14,No,Chris,Low
FB4195,C1033,14/09/2025,Beauty,Hair,Website, south ,5,Average,Fast delivery,Positive,5,Yes,Esha,Low
FB4196,C1225,16-05-2026,Electronics,Laptop,Mobile App, south ,1,Review,support not helpful,Negative,11,Yes,Bob,Low
FB4197,C1037,20-03-2026,Grocery,Beverage,website, south ,3,Good,nothing special,Neutral,12,no,Bob,Low
FB4198,C1197,12-07-2025,Beauty,Hair,website,South,1,,support not helpful,Negative,15,N,Esha, high
FB4199,C1147,2025/10/04,Grocery,Food,website,West,2,Bad,app crash,Negative,11,Yes,Alice,Low
FB4200,C1282,2025/05/13,Home,Furniture,Mobile App,South,4,,Fast delivery,Positive,7,Yes,Esha, high
FB4201,C1002,15/02/2026,Electronics,Mobile,Website,South,4,,Excellent product,Positive,11,YES,Bob, high
FB4202,C1300,12-01-2025,Fashion,Men,Email,North,1,Review,late delivery,Negative,5,Yes,Deepa,High
FB4203,C1259,13/09/2025,Grocery,Food,Website,North,1,Good,bad packaging,Negative,9,Y,Chris,Low
FB4204,C1011,2026/03/19,Beauty,Skin,Email,North,2,Bad,bad packaging,Negative,2,YES,Chris,Low
FB4205,C1277,31/01/2026,Home,Kitchen,Mobile App,East,3,Good,works fine,Neutral,13,Y,Deepa,Low
FB4206,C1077,2025/04/21,Beauty,Hair,Email, south ,3,Average,acceptable,Neutral,11,No,Bob, high
FB4207,C1040,2025/02/14,Grocery,Food,Mobile App,West,1,Bad,bad packaging,Negative,6,Yes,Alice,Low
FB4208,C1124,01-12-2025,Beauty,Hair,website, south ,3,Good,okay product,Neutral,3,no,Deepa,High
FB4209,C1056,2025/09/07,Beauty,Hair,Email, south ,4,Average,Loved it,Positive,6,No,Deepa,High
FB4210,C1103,2026/04/23,Fashion,Women,website, south ,4,,Loved it,Positive,8,Yes,Deepa,High
FB4211,C1021,2025/07/04,Grocery,Beverage,Mobile App,West,1,Average,,Negative,4,YES,Deepa,Low
FB4212,C1106,2025/10/08,home,Kitchen,Social Media,East,3,Bad,average experience,Neutral,11,no,Esha,Low
FB4213,C1243,2025/08/17,Home,Kitchen,Social Media,South,4,Review,Highly recommend,Positive,7,Yes,Deepa,High
FB4214,C1281,2026/04/05,Electronics,Mobile,Website,North,4,Good,Fast delivery,Positive,1,Y,Deepa,Medium
FB4215,C1085,07-04-2025,Home,Furniture,Social Media,East,1,Review,late delivery,Negative,12,Yes,Esha,Medium
FB4216,C1126,24-07-2025,Electronics,Laptop,Survey,North,3,Review,nothing special,Neutral,15,YES,Bob,High
FB4217,C1226,2026/02/25,Fashion,Men,Social Media,North,1,Average,support not helpful,Negative,7,No,Chris,Medium
FB4218,C1237,18-11-2025,Electronics,Laptop,website, south ,4,Bad,Great support,Positive,13,No,Alice,Medium
FB4219,C1271,04-06-2025,Beauty,Skin,website,East,4,Bad,Loved it,Positive,11,YES,Bob,Medium
FB4220,C1235,2025/07/12,Beauty,Hair,Survey,South,2,,support not helpful,Negative,2,Y,Chris,High
FB4221,C1002,10/02/2026,Electronics,Laptop,Email, south ,3,Review,okay product,Neutral,10,no,Bob,High
FB4222,C1008,2025/11/28,Grocery,Beverage,Social Media,East,1,,app crash,Negative,1,Y,Chris,Low
FB4223,C1031,2025/02/23,Home,Kitchen,Social Media,North,4,,,Positive,12,N,Esha,Low
FB4224,C1004,2026/03/28,Grocery,Food,Mobile App,West,1,Good,late delivery,Negative,8,no,Bob, high
FB4225,C1050,2026/01/27,Home,Furniture,Survey,West,3,Review,works fine,Neutral,15,Yes,Bob,Medium
FB4226,C1177,21/09/2025,Fashion,Men,Survey,East,1,,  support not helpful!!! ,Negative,8,N,Deepa,High
FB4227,C1092,31/01/2025,Electronics,Laptop,Mobile App,East,1,Bad,support not helpful,Negative,12,No,Alice,Medium
FB4228,C1079,04-01-2026,Fashion,Men,Website, south ,2,,poor quality,Negative,14,YES,Alice,Low
FB4229,C1050,2025/02/01,Home,Furniture,website,East,5,Average,Fast delivery,Positive,4,N,Bob,Low
FB4230,C1283,11/11/2025,Beauty,Skin,Survey,East,2,Good,late delivery,Negative,10,N,Bob,High
FB4231,C1091,03-02-2025,Fashion,Women,website,South,2,Average,late delivery,Negative,2,N,Deepa, high
FB4232,C1253,2025/01/03,Home,Kitchen,Website,North,3,Good,  works fine!!! ,Neutral,3,No,Alice, high
FB4233,C1010,06/09/2025,Electronics,Mobile,Website,East,1,Bad,bad packaging,Negative,10,no,Bob,High
FB4234,C1205,07-07-2025,Fashion,Women,Mobile App, south ,1,Good,poor quality,Negative,12,Yes,Chris, high
FB4235,C1120,27-10-2025,Home,Kitchen,Mobile App, south ,4,Average,  Great support!!! ,Positive,1,No,Chris,Medium
FB4236,C1227,2025/10/16,Electronics,Mobile,Email, south ,5,Bad,Excellent product,Positive,5,N,Deepa,Low
FB4237,C1152,2025/09/12,electronics,Laptop,Email,South,5,,Fast delivery,Positive,13,no,Alice,Low
FB4238,C1030,2025/09/29,Fashion,Women,Survey, south ,5,Good,Great support,Positive,11,YES,Chris,Medium
FB4239,C1255,05/01/2026,Home,Furniture,Website,South,2,Average,bad packaging,Negative,2,Yes,Alice, high
FB4240,C1080,2025/01/08,Grocery,Food,website,East,5,,Great support,Positive,10,No,Bob,Medium
FB4241,C1282,29/08/2025,Grocery,Food,website,East,4,Good,Highly recommend,Positive,2,Yes,Alice,Medium
FB4242,C1249,09/01/2026,Fashion,Men,Email,East,1,,poor quality,Negative,13,Yes,Chris,Low
FB4243,C1238,24/02/2025,Fashion,Women,website,West,4,Good,Great support,Positive,2,YES,Esha,High
FB4244,C1007,18/05/2025,Home,Furniture,Social Media,South,3,Average,acceptable,Neutral,2,no,Deepa,Low
FB4245,C1196,15-04-2025,Fashion,Men,Social Media,South,4,Average,Fast delivery,positive,4,No,Esha, high
FB4246,C1064,08-11-2025,Electronics,Mobile,Email,West,5,Bad,Great support,Positive,15,No,Alice, high
FB4247,C1261,2025/03/25,Grocery,Food,Survey,West,4,,Highly recommend,Positive,2,Yes,Esha,High
FB4248,C1297,2026/02/04,Grocery,Beverage,website, south ,3,Good,acceptable,Neutral,8,No,Alice,Low
FB4249,C1038,2026/05/01,Grocery,Food,Mobile App,West,1,Review,bad packaging,Negative,5,Y,Deepa, high
FB4250,C1177,18/09/2025,Grocery,Beverage,Mobile App,East,1,Review,app crash,Negative,11,YES,Deepa,Low
FB4251,C1012,22/01/2026,Beauty,Skin,Email,West,2,Review,late delivery,Negative,15,Y,Esha,Low
FB4252,C1025,01-01-2026,Grocery,Food,Mobile App,East,5,Review,Highly recommend,Positive,3,No,Alice,Low
FB4253,C1034,2025/02/17,Electronics,Mobile,Website,South,4,Review,Fast delivery,Positive,15,YES,Alice, high
FB4254,C1271,2026/04/03,Home,Furniture,Social Media,East,3,Good,okay product,neutral,12,no,Deepa,Medium
FB4255,C1230,21/06/2025,Home,Furniture,Survey,East,5,,Excellent product,Positive,1,No,Esha,Medium
FB4256,C1179,2025/06/26,Grocery,Beverage,Social Media,West,2,Bad,  app crash!!! ,Negative,9,YES,Deepa,Medium
FB4257,C1141,01-03-2026,Grocery,Food,Survey, south ,3,Average,acceptable,Neutral,2,N,Deepa,High
FB4258,C1115,17/11/2025,Electronics,Mobile,Survey,West,5,Bad,Great support,Positive,8,Yes,Esha,Low
FB4259,C1013,32-13-2025,Grocery,Food,Email,East,3,Good,  okay product!!! ,Neutral,2,No,Bob, high
FB4260,C1138,2026/03/16,Grocery,Beverage,Website,East,2,Good,app crash,Negative,12,No,Esha, high
FB4261,C1156,12/03/2026,Electronics,Mobile,Mobile App,South,4,Review,Highly recommend,Positive,10,YES,Deepa,Low
FB4262,C1281,19-02-2025,Fashion,Men,Mobile App,West,4,Average,Great support,Positive,14,Y,Chris,Low
FB4263,C1276,19/03/2026,Grocery,Food,Social Media,South,4,,Fast delivery,Positive,7,No,Chris,Medium
FB4264,C1221,2025/06/02,Beauty,Skin,Survey,South,4,,Highly recommend,Positive,15,No,Alice,Medium
FB4265,C1103,2025/07/05,Fashion,Men,Mobile App, south ,1,Review,poor quality,Negative,12,Yes,Alice,Low
FB4266,C1154,21-02-2025,Grocery,Food,Email,West,1,,app crash,Negative,1,No,Chris,Low
FB4267,C1249,20/09/2025,Grocery,Beverage,Social Media,West,5,,Excellent product,Positive,7,No,Esha,High
FB4268,C1215,2025/10/24,Home,Furniture,Social Media,East,3,Review,acceptable,Neutral,9,No,Chris,Medium
FB4269,C1214,2025/06/13,Grocery,Beverage,Social Media,South,4,Review,,Positive,14,Y,Alice,Low
FB4270,C1164,03/05/2026,Grocery,Food,Mobile App,North,5,Review,Fast delivery,Positive,10,Yes,Chris,High
FB4271,C1074,2025/06/29,Electronics,Laptop,Mobile App,West,4,,Highly recommend,Positive,9,YES,Deepa,Medium
FB4272,C1062,2025/04/19,Grocery,Beverage,Mobile App,South,1,Review,  app crash!!! ,Negative,1,N,Esha,Medium
FB4273,C1052,2025/12/17,Home,Kitchen,Website,West,5,Good,Fast delivery,Positive,2,YES,Alice,Medium
FB4274,C1053,2026/04/15,Grocery,Beverage,Website, south ,2,Bad,poor quality,Negative,2,N,Chris,High
FB4275,C1185,16/12/2025,Home,Kitchen,Mobile App, south ,1,Review,support not helpful,Negative,6,no,Bob,Medium
FB4276,C1002,2025/03/21,Fashion,Women,Survey,North,1,,support not helpful,Negative,8,no,Esha,Low
FB4277,C1094,2026/03/08,Electronics,Laptop,Website, south ,1,Average,poor quality,Negative,15,Y,Deepa,Low
FB4278,C1081,04/11/2025,Beauty,Skin,website,South,3,Review,acceptable,Neutral,13,no,Chris,Medium
FB4279,C1051,30/04/2025,Beauty,Skin,website,South,2,Review,bad packaging,Negative,10,no,Deepa,High
FB4280,C1099,2025/11/13,Beauty,Hair,Social Media, south ,3,Good,okay product,Neutral,7,N,Deepa, high
FB4281,C1288,17-04-2025,Fashion,Women,Mobile App,West,3,Review,acceptable,Neutral,11,YES,Alice,High
FB4282,C1139,2026/04/27,Grocery,Food,Email,North,1,Review,  late delivery!!! ,Negative,8,No,Esha,Medium
FB4283,C1204,10/08/2025,Grocery,Beverage,Email,East,2,Good,support not helpful,Negative,8,N,Chris,Low
FB4284,C1032,06-10-2025,Home,Furniture,Mobile App,West,3,Average,acceptable,Neutral,15,Y,Bob,High
FB4285,C1142,13-12-2025,Home,Kitchen,Social Media,West,3,Average,average experience,Neutral,2,YES,Esha,Low
FB4286,C1221,22-09-2025,Beauty,Hair,Mobile App,West,1,Bad,bad packaging,Negative,11,no,Esha,Low
FB4287,C1229,26/12/2025,Fashion,Men,Social Media,South,3,Review,  okay product!!! ,Neutral,2,N,Bob,Low
FB4288,C1061,2025/12/27,Beauty,Hair,Survey,South,1,Review,,Negative,11,Y,Alice, high
FB4289,C1027,2025/06/08,Fashion,Women,Website, south ,3,,,Neutral,4,No,Chris,Low
FB4290,C1139,21/09/2025,Grocery,Food,Survey,East,2,,app crash,Negative,3,no,Chris,High
FB4291,C1222,2025/07/06,Home,Furniture,Mobile App,East,5,Bad,,Positive,8,Y,Alice, high
FB4292,C1297,16/03/2025,Beauty,Hair,Social Media,South,2,Bad,late delivery,Negative,4,Y,Esha,Medium
FB4293,C1104,2026/02/08,Home,Furniture,Mobile App,South,5,Average,Highly recommend,Positive,1,N,Esha,High
FB4294,C1246,01-03-2025,Beauty,Skin,Email,South,3,Good,okay product,Neutral,1,N,Deepa,Medium
FB4295,C1080,29-08-2025,Home,Furniture,Social Media,South,5,Bad,  Fast delivery!!! ,Positive,7,Yes,Alice, high
FB4296,C1189,03/04/2026,Beauty,Skin,website,North,3,Average,okay product,Neutral,11,YES,Chris,Low
FB4297,C1009,2025/03/27,Beauty,Skin,website, south ,5,Review,Excellent product,Positive,14,Y,Chris,Medium
FB4298,C1251,28/08/2025,Fashion,Men,Email,South,2,,support not helpful,Negative,3,no,Esha,High
FB4299,C1293,2025/11/19,Beauty,Hair,Mobile App,South,4,Review,Fast delivery,Positive,8,YES,Deepa,Medium
FB4300,C1080,2025/09/12,Fashion,Women,website, south ,2,Review,poor quality,Negative,9,No,Esha,Medium
FB4301,C1053,01-06-2025,Grocery,Beverage,Website,South,4,Average,Loved it,Positive,15,no,Esha,High
FB4302,C1216,2025/01/24,Grocery,Beverage,Mobile App,East,5,Good,Highly recommend,Positive,14,YES,Esha, high
FB4303,C1205,13-07-2025,Grocery,Food,Social Media, south ,3,Bad,,Neutral,2,no,Bob, high
FB4304,C1071,01-01-2025,Fashion,Women,Website, south ,5,Average,,Positive,13,No,Deepa,High
FB4305,C1050,2025/06/18,Beauty,Skin,Website,South,3,,,Neutral,7,Y,Bob,High
FB4306,C1127,14/04/2026,Fashion,Women,website,East,4,Bad,Great support,Positive,8,Yes,Alice, high
FB4307,C1105,05/03/2025,Beauty,Hair,Email,East,4,Review,Great support,Positive,15,N,Bob,Medium
FB4308,C1041,03-01-2026,Home,Kitchen,Mobile App, south ,4,Bad,Excellent product,Positive,12,Y,Bob, high
FB4309,C1278,29/06/2025,Beauty,Hair,website,East,5,Bad,Loved it,Positive,10,N,Alice,Low
FB4310,C1237,07-11-2025,Fashion,Men,website,South,1,Bad,bad packaging,Negative,10,Y,Chris, high
FB4311,C1155,07/09/2025,Electronics,Laptop,Survey,West,2,Average,poor quality,Negative,9,Y,Alice,High
FB4312,C1011,21-12-2025,Home,Kitchen,Social Media,East,1,Average,late delivery,Negative,7,Y,Esha,High
FB4313,C1107,27/01/2025,Fashion,Women,Website,East,1,Review,app crash,Negative,12,Yes,Deepa,Low
FB4314,C1124,01-01-2026,Home,Furniture,Mobile App,West,4,Average,Great support,Positive,9,no,Bob, high
FB4315,C1051,2026/04/01,Beauty,Hair,Website, south ,1,Review,,Negative,7,N,Bob,High
FB4316,C1216,28/09/2025,Grocery,Food,Social Media,West,1,Bad,bad packaging,Negative,6,No,Bob, high
FB4317,C1186,2026/03/06,fashion,Men,Social Media,North,4,Good,Excellent product,Positive,4,no,Alice,High
FB4318,C1147,18/03/2025,Electronics,Mobile,Survey, south ,5,Review,Fast delivery,Positive,5,N,Bob,Medium
FB4319,C1199,09-03-2026,Beauty,Skin,website, south ,5,Review,Loved it,Positive,11,Yes,Alice,Low
FB4320,C1226,08-02-2025,Grocery,Beverage,Email,South,4,Bad,,Positive,14,YES,Alice,Low
FB4321,C1183,08/05/2025,Grocery,Beverage,Social Media,South,1,Review,late delivery,Negative,9,Y,Deepa, high
FB4322,C1274,08/10/2025,Grocery,Food,Mobile App,West,3,Review,works fine,Neutral,11,Y,Alice,Medium
FB4323,C1258,02/04/2026,Fashion,Men,Survey,North,1,Review,support not helpful,Negative,14,N,Chris,Medium
FB4324,C1054,2026/02/17,Fashion,Men,Survey,West,3,Good,works fine,Neutral,14,YES,Chris,High
FB4325,C1131,16/05/2026,Home,Kitchen,Survey,South,2,Good,,Negative,5,no,Alice,High
FB4326,C1246,23/03/2026,Beauty,Skin,website,North,4,,Loved it,Positive,4,No,Alice,Low
FB4327,C1039,32-13-2025,Grocery,Beverage,Website,North,2,,support not helpful,Negative,10,Y,Bob, high
FB4328,C1119,30-04-2025,Grocery,Beverage,Website, south ,2,Good,poor quality,Negative,7,no,Alice,High
FB4329,C1163,2025/10/19,Electronics,Laptop,Survey,East,4,Average,Great support,Positive,3,Yes,Bob,Medium
FB4330,C1219,31-01-2026,Electronics,Laptop,Survey,West,4,,Excellent product,Positive,10,Y,Esha, high
FB4331,C1168,11-03-2025,Grocery,Food,website,North,1,Bad,bad packaging,Negative,7,No,Bob, high
FB4332,C1191,2025/02/01,Electronics,Mobile,Email,South,2,Good,late delivery,Negative,5,Y,Alice, high
FB4333,C1223,14/12/2025,Beauty,Skin,Mobile App, south ,1,Average,app crash,Negative,3,Yes,Alice,Low
FB4334,C1198,25-01-2026,Beauty,Skin,Website,South,2,Review,late delivery,Negative,10,YES,Alice,Low
FB4335,C1141,28-03-2026,Beauty,Skin,Email,North,4,Bad,Excellent product,Positive,7,No,Deepa, high
FB4336,C1004,16/06/2025,Beauty,Hair,website,South,1,Good,  late delivery!!! ,Negative,5,N,Chris,High
FB4337,C1054,27-02-2026,Home,Furniture,Mobile App,East,5,,Great support,Positive,13,YES,Deepa, high
FB4338,C1077,2025/06/09,Grocery,Food,Survey,North,2,Bad,support not helpful,Negative,6,YES,Bob, high
FB4339,C1292,11-03-2025,Home,Furniture,Email,East,2,Bad,support not helpful,Negative,1,no,Bob,Medium
FB4340,C1050,21-02-2026,Beauty,Hair,Survey, south ,1,Bad,poor quality,Negative,5,no,Deepa,High
FB4341,C1179,19/10/2025,Fashion,Men,Mobile App,East,4,Good,Highly recommend,Positive,11,Yes,Chris,Medium
FB4342,C1137,2026/02/12,Home,Kitchen,Survey,North,4,Bad,Great support,Positive,1,YES,Esha,Medium
FB4343,C1097,07/05/2026,Electronics,Mobile,Mobile App,South,3,Bad,acceptable,Neutral,8,Yes,Deepa, high
FB4344,C1161,26/03/2026,Fashion,Men,Email,South,1,Average,late delivery,Negative,11,Y,Alice,Low
FB4345,C1093,2025/06/01,Home,Furniture,Survey,West,3,Average,acceptable,Neutral,2,Yes,Alice,Medium
FB4346,C1048,15-03-2026,Beauty,Hair,Survey,East,5,,Highly recommend,Positive,15,no,Esha,Low
FB4347,C1042,15/07/2025,Electronics,Laptop,Email, south ,1,Review,bad packaging,Negative,6,Y,Deepa, high
FB4348,C1083,2025/03/24,Electronics,Laptop,Email,North,5,Bad,Fast delivery,positive,5,No,Alice,Medium
FB4349,C1191,2025/08/31,Fashion,Women,Survey,South,2,Bad,late delivery,Negative,12,No,Esha,High
FB4350,C1164,2025/10/09,Beauty,Skin,website,South,1,Review,poor quality,Negative,11,N,Bob,Low
FB4351,C1181,13-09-2025,Electronics,Mobile,Website,East,3,Bad,works fine,Neutral,7,Yes,Chris, high
FB4352,C1116,13-03-2026,Home,Kitchen,Mobile App,North,3,Review,average experience,Neutral,11,No,Alice,High
FB4353,C1211,21-02-2025,Fashion,Men,Social Media,East,2,,,Negative,5,Y,Deepa,Low
FB4354,C1021,2026/03/29,Home,Furniture,Website,East,2,,  support not helpful!!! ,Negative,3,Yes,Alice, high
FB4355,C1209,05/11/2025,Electronics,Laptop,Mobile App, south ,3,Bad,acceptable,Neutral,14,no,Alice,Medium
FB4356,C1286,2026/03/10,beauty,Skin,Mobile App,North,3,Average,,Neutral,12,YES,Bob,Low
FB4357,C1086,20/02/2026,Fashion,Women,Email,South,1,Review,late delivery,Negative,12,no,Alice,High
FB4358,C1051,22-01-2025,Fashion,Women,Survey, south ,5,Good,Loved it,Positive,7,Y,Chris,Medium
FB4359,C1261,25-12-2025,Beauty,Skin,Social Media,South,5,Good,Excellent product,Positive,4,No,Chris,High
FB4360,C1080,01-09-2025,Fashion,Men,Mobile App,North,5,Good,Great support,Positive,3,No,Chris, high
FB4361,C1245,2026/04/14,Home,Furniture,Mobile App,East,2,,,Negative,14,No,Alice,Medium
FB4362,C1217,02-02-2026,Home,Furniture,Social Media, south ,4,,,Positive,4,No,Bob,High
FB4363,C1032,2025/09/25,Electronics,Mobile,Social Media,West,5,Review,Excellent product,Positive,1,Yes,Esha,Medium
FB4364,C1131,2025/09/23,Fashion,Men,Website, south ,1,Review,poor quality,Negative,15,N,Deepa,Low
FB4365,C1135,2026/04/17,Grocery,Beverage,Survey,North,2,Average,poor quality,Negative,13,Y,Esha,High
FB4366,C1121,16/04/2026,Beauty,Skin,website,North,4,,Excellent product,Positive,5,N,Deepa,Low
FB4367,C1141,08/02/2025,Home,Kitchen,Email, south ,3,Bad,nothing special,Neutral,11,no,Esha, high
FB4368,C1204,28-11-2025,Beauty,Skin,Website,North,1,Average,support not helpful,Negative,12,YES,Chris,Low
FB4369,C1248,05/07/2025,Electronics,Mobile,Website,South,3,Good,average experience,Neutral,9,Y,Bob, high
FB4370,C1020,07-12-2025,Beauty,Hair,Website,West,1,Average,poor quality,Negative,14,N,Bob, high
FB4371,C1230,32-13-2025,Beauty,Skin,Website,North,2,Review,late delivery,Negative,4,N,Alice, high
FB4372,C1070,02/05/2026,Fashion,Women,Mobile App,South,2,Average,app crash,Negative,2,No,Chris, high
FB4373,C1085,05/09/2025,Beauty,Skin,Social Media,East,1,Review,support not helpful,Negative,7,no,Alice,Medium
FB4374,C1245,26-11-2025,Beauty,Hair,Website,South,4,Bad,Loved it,Positive,5,YES,Bob,Low
FB4375,C1080,2026/01/09,Beauty,Hair,Social Media,South,5,Good,  Great support!!! ,Positive,9,Y,Esha, high
FB4376,C1244,2026/05/05,Home,Furniture,Email,West,1,,support not helpful,Negative,13,Y,Alice,High
FB4377,C1065,17-09-2025,Grocery,Beverage,Social Media,South,4,Good,Great support,Positive,13,YES,Deepa, high
FB4378,C1151,02/05/2026,Home,Kitchen,Email, south ,2,,bad packaging,Negative,11,N,Esha,High
FB4379,C1131,11-02-2025,Grocery,Food,Mobile App, south ,2,Average,app crash,negative,13,No,Chris, high
FB4380,C1266,22-01-2026,Beauty,Skin,Mobile App, south ,2,Review,bad packaging,Negative,7,N,Bob,Low
FB4381,C1262,2025/11/07,Electronics,Mobile,Mobile App, south ,5,Good,,Positive,1,Yes,Deepa,High
FB4382,C1190,2025/07/16,Electronics,Laptop,Survey,West,3,Average,okay product,Neutral,13,Y,Deepa,Low
FB4383,C1199,17/06/2025,Beauty,Skin,website,East,1,Average,bad packaging,Negative,11,No,Deepa,Medium
FB4384,C1175,2025/07/01,Home,Kitchen,Website, south ,5,Average,,Positive,8,No,Chris,High
FB4385,C1269,23-01-2025,Fashion,Women,Survey,East,5,Average,Fast delivery,Positive,9,No,Deepa,Low
FB4386,C1194,10/05/2026,Beauty,Skin,Email, south ,2,Bad,support not helpful,Negative,6,No,Alice, high
FB4387,C1128,04-06-2025,Fashion,Men,Mobile App,North,5,Average,Excellent product,Positive,10,no,Deepa,High
FB4388,C1244,2025/04/15,Fashion,Men,Website,North,5,Review,,Positive,11,Y,Bob,Medium
FB4389,C1164,2025/01/14,home,Kitchen,Email,West,5,Average,Great support,Positive,1,Y,Alice,Medium
FB4390,C1236,27/01/2025,Electronics,Laptop,Survey, south ,3,,average experience,Neutral,15,N,Alice,Low
FB4391,C1167,27-04-2026,Beauty,Skin,Website, south ,2,Average,late delivery,Negative,7,N,Bob, high
FB4392,C1165,2026/04/11,Beauty,Skin,Mobile App,East,2,Good,late delivery,Negative,1,Y,Alice,Low
FB4393,C1138,19/12/2025,Grocery,Food,Social Media,South,4,Review,Highly recommend,Positive,1,Y,Alice, high
FB4394,C1261,20-03-2026,Grocery,Beverage,Social Media,North,5,Average,Loved it,Positive,9,N,Esha, high
FB4395,C1143,25/02/2025,Fashion,Men,Mobile App,South,1,Good,poor quality,Negative,14,No,Deepa,Low
FB4396,C1105,04/12/2025,Fashion,Women,Email,North,4,Bad,,Positive,8,N,Deepa, high
FB4397,C1198,24-02-2025,Electronics,Laptop,Survey,South,1,Review,late delivery,Negative,3,Yes,Esha,Low
FB4398,C1158,22/03/2026,Fashion,Women,website,West,2,,,negative,12,N,Alice,High
FB4399,C1227,30/10/2025,Grocery,Food,Website,North,5,Review,Excellent product,Positive,9,no,Deepa,Low
FB4400,C1181,13/04/2026,Electronics,Mobile,website, south ,3,Good,  average experience!!! ,Neutral,15,No,Chris,High
FB4401,C1089,2025/09/06,Fashion,Men,Mobile App,North,4,Review,Highly recommend,Positive,8,N,Bob,Low
FB4402,C1300,2025/06/14,Electronics,Mobile,website, south ,2,Average,poor quality,Negative,14,Y,Chris, high
FB4403,C1156,22/09/2025,Fashion,Women,website, south ,3,Average,okay product,Neutral,14,N,Bob, high
FB4404,C1242,07/08/2025,Fashion,Women,Website,West,4,Review,Highly recommend,Positive,4,YES,Esha,High
FB4405,C1122,2025/09/26,Fashion,Men,Social Media,South,1,Bad,app crash,Negative,11,N,Alice,High
FB4406,C1136,18-06-2025,Beauty,Skin,Email,West,2,Review,bad packaging,Negative,14,Y,Alice,Medium
FB4407,C1267,2025/11/05,Grocery,Food,Survey,North,1,Good,poor quality,Negative,2,YES,Chris,High
FB4408,C1139,28-12-2025,Grocery,Food,Social Media,West,2,Good,bad packaging,Negative,2,Y,Chris,Medium
FB4409,C1237,2025/05/22,Fashion,Women,Email,South,5,,Highly recommend,Positive,7,YES,Alice,Low
FB4410,C1045,25-05-2025,Electronics,Mobile,Survey,South,3,Good,average experience,Neutral,11,no,Esha,Low
FB4411,C1227,13-06-2025,Beauty,Skin,Mobile App, south ,1,,  app crash!!! ,Negative,15,YES,Chris,Low
FB4412,C1095,2025/07/29,Beauty,Hair,Social Media,North,2,Good,poor quality,Negative,13,N,Deepa, high
FB4413,C1195,32-13-2025,Home,Kitchen,Website,North,1,Bad,late delivery,Negative,7,N,Deepa,High
FB4414,C1227,2025/03/08,Electronics,Mobile,website,North,3,Review,nothing special,Neutral,7,No,Esha,Low
FB4415,C1271,12-04-2026,Electronics,Mobile,Social Media,West,1,,app crash,negative,5,Yes,Bob,Medium
FB4416,C1138,2026/02/09,Beauty,Hair,website,West,3,Average,nothing special,Neutral,12,Yes,Chris, high
FB4417,C1087,23-04-2025,Grocery,Beverage,Email,East,4,Review,Great support,Positive,2,Yes,Deepa,Low
FB4418,C1115,2026/05/15,Grocery,Beverage,Mobile App,East,3,Bad,average experience,Neutral,9,no,Esha, high
FB4419,C1176,21-10-2025,Beauty,Hair,Mobile App,South,4,Review,Highly recommend,Positive,2,no,Bob, high
FB4420,C1163,18-04-2025,Electronics,Laptop,Survey, south ,2,Review,late delivery,Negative,10,No,Esha, high
FB4421,C1036,2025/12/26,Electronics,Laptop,Website, south ,1,,poor quality,Negative,4,Y,Esha,Low
FB4422,C1241,12/04/2026,Fashion,Men,Email, south ,2,Average,poor quality,Negative,14,No,Deepa,High
FB4423,C1055,2025/01/01,Home,Kitchen,Social Media,South,4,Good,Loved it,Positive,12,no,Deepa,Medium
FB4424,C1290,23-10-2025,Beauty,Hair,website,South,2,,support not helpful,Negative,2,No,Alice, high
FB4425,C1114,10-01-2025,Beauty,Skin,Social Media,East,3,Good,average experience,Neutral,1,Y,Deepa, high
FB4426,C1114,15-10-2025,Fashion,Men,website,North,1,,support not helpful,Negative,9,N,Bob,High
FB4427,C1237,21-04-2026,Home,Furniture,Email,East,4,,Highly recommend,Positive,1,YES,Deepa,Low
FB4428,C1075,2025/03/24,Fashion,Women,Mobile App,South,4,Review,Excellent product,Positive,8,no,Alice,Medium
FB4429,C1024,08/07/2025,Fashion,Women,website,South,2,Average,poor quality,Negative,1,Yes,Deepa, high
FB4430,C1093,2025/01/01,Home,Furniture,Survey,East,4,Review,Excellent product,Positive,5,N,Bob, high
FB4431,C1061,23/04/2025,Beauty,Hair,Email,South,1,Review,app crash,Negative,2,N,Bob, high
FB4432,C1051,15/06/2025,Grocery,Food,Mobile App,West,5,Review,Highly recommend,Positive,11,No,Chris,High
FB4433,C1266,04-01-2025,Grocery,Beverage,Survey,South,4,Bad,Great support,Positive,2,N,Chris, high
FB4434,C1225,14/03/2026,Fashion,Men,Email,North,3,Good,acceptable,Neutral,7,N,Deepa, high
FB4435,C1283,13/10/2025,Fashion,Women,website,East,3,Average,okay product,Neutral,6,no,Esha,Low
FB4436,C1149,13-12-2025,Fashion,Women,Social Media,South,4,,Excellent product,Positive,10,no,Deepa,Medium
FB4437,C1021,15/01/2026,Electronics,Mobile,website,East,5,Good,Great support,Positive,8,Y,Esha,Low
FB4438,C1018,2025/10/14,Beauty,Skin,Social Media,South,4,,Loved it,Positive,11,Yes,Esha,Low
FB4439,C1162,2026/02/03,Electronics,Laptop,Social Media,East,1,Average,bad packaging,Negative,1,Y,Esha, high
FB4440,C1275,10/02/2026,Beauty,Hair,Website, south ,2,Bad,support not helpful,Negative,1,Y,Esha,Low
FB4441,C1225,2026/05/06,Fashion,Women,Survey, south ,1,Average,bad packaging,Negative,11,N,Alice,Low
FB4442,C1217,2025/05/12,Electronics,Laptop,Website,East,2,Average,app crash,Negative,6,YES,Alice, high
FB4443,C1212,20-06-2025,Home,Furniture,Survey, south ,4,,Fast delivery,Positive,9,YES,Chris,Low
FB4444,C1057,05-11-2025,Electronics,Laptop,Survey,West,1,Good,,Negative,11,YES,Bob,High
FB4445,C1141,2026/03/27,Electronics,Mobile,Website, south ,4,Bad,Great support,Positive,1,YES,Esha,High
FB4446,C1079,2025/04/27,Grocery,Food,Mobile App,East,5,Good,,Positive,8,YES,Deepa,Low
FB4447,C1057,24/10/2025,Beauty,Hair,Email,West,4,,Loved it,Positive,12,N,Deepa,High
FB4448,C1138,08-03-2026,Fashion,Women,Survey,West,4,Good,Excellent product,Positive,13,No,Alice, high
FB4449,C1105,2025/03/29,Grocery,Beverage,website,East,5,Average,Fast delivery,Positive,15,YES,Esha, high
FB4450,C1202,03-07-2025,Beauty,Hair,Survey,East,4,Review,Loved it,Positive,1,YES,Deepa,High
FB4451,C1228,2025/02/22,Beauty,Hair,Email,West,1,Average,app crash,Negative,12,N,Deepa,High
FB4452,C1083,22/10/2025,Home,Kitchen,Mobile App, south ,2,Review,bad packaging,Negative,7,Y,Chris,Low
FB4453,C1117,26/01/2025,Home,Furniture,Social Media,West,3,Average,acceptable,Neutral,10,Yes,Alice,Medium
FB4454,C1224,05/07/2025,Fashion,Women,Mobile App,West,1,Review,bad packaging,Negative,9,YES,Deepa, high
FB4455,C1268,2026/05/01,Grocery,Food,Survey,East,1,,late delivery,Negative,5,No,Chris,Medium
FB4456,C1049,01-04-2026,Fashion,Women,Email,West,1,Average,support not helpful,Negative,8,YES,Esha,Medium
FB4457,C1170,13/04/2026,Beauty,Hair,Website,North,3,Review,works fine,Neutral,2,No,Deepa,High
FB4458,C1167,28-02-2026,Grocery,Beverage,Mobile App, south ,1,Bad,poor quality,Negative,4,YES,Esha, high
FB4459,C1228,11/01/2026,Beauty,Skin,website,West,5,Average,Great support,Positive,12,N,Esha,Medium
FB4460,C1245,23-02-2025,Electronics,Mobile,website, south ,2,Review,support not helpful,Negative,3,Yes,Esha,Low
FB4461,C1079,03/04/2026,Electronics,Mobile,website, south ,3,,average experience,Neutral,12,No,Deepa,High
FB4462,C1172,05/03/2026,Grocery,Beverage,website,East,1,Review,bad packaging,Negative,3,No,Alice,Low
FB4463,C1234,10-12-2025,Grocery,Beverage,website,East,3,Average,,Neutral,14,YES,Bob,Medium
FB4464,C1029,2025/11/28,Home,Kitchen,Website,East,4,,Loved it,Positive,5,N,Bob,Medium
FB4465,C1222,11/04/2026,Beauty,Skin,Mobile App,South,1,Bad,  app crash!!! ,Negative,6,N,Esha,Medium
FB4466,C1083,16-02-2025,Fashion,Men,Website,North,2,Review,poor quality,Negative,14,Yes,Alice,Medium
FB4467,C1020,32-13-2025,Electronics,Mobile,Mobile App,East,2,Good,late delivery,Negative,13,No,Alice,Low
FB4468,C1116,2026/05/13,Home,Furniture,Email,West,4,Good,Excellent product,Positive,7,Yes,Chris, high
FB4469,C1098,22-02-2025,Electronics,Mobile,Mobile App, south ,2,Average,bad packaging,Negative,9,no,Deepa,Low
FB4470,C1292,06/10/2025,Home,Furniture,Mobile App, south ,2,Bad,late delivery,Negative,10,Yes,Deepa,High
FB4471,C1111,2026/03/05,Grocery,Beverage,Website,South,4,,Great support,Positive,13,Yes,Alice,Low
FB4472,C1019,16-02-2025,Electronics,Laptop,Survey,West,1,Good,support not helpful,Negative,3,N,Deepa, high
FB4473,C1020,2025/05/21,Beauty,Hair,website,West,3,Average,  okay product!!! ,neutral,7,no,Deepa,High
FB4474,C1083,20-01-2026,Home,Kitchen,Survey, south ,1,,poor quality,Negative,1,Yes,Esha,High
FB4475,C1053,2025/08/17,Beauty,Hair,website,East,2,Review,  late delivery!!! ,Negative,14,No,Chris, high
FB4476,C1190,03/05/2025,Fashion,Men,Social Media,West,1,Average,support not helpful,Negative,15,No,Chris,Low
FB4477,C1139,2025/06/18,Electronics,Mobile,Survey,West,5,Review,Excellent product,Positive,2,YES,Chris,Low
FB4478,C1188,03-10-2025,Electronics,Laptop,Website,East,4,Good,Fast delivery,Positive,15,N,Bob,Low
FB4479,C1294,29-06-2025,Electronics,Laptop,Email,East,5,Review,Loved it,Positive,14,no,Chris,High
FB4480,C1220,26-04-2026,Home,Furniture,Website,South,1,,late delivery,Negative,3,no,Deepa,Low
FB4481,C1201,22-04-2026,Grocery,Food,Mobile App,East,1,Review,poor quality,Negative,6,Y,Deepa,Low
FB4482,C1027,2025/03/11,Home,Kitchen,website,North,5,,Loved it,Positive,15,Y,Bob, high
FB4483,C1131,19-04-2025,Home,Furniture,Mobile App, south ,2,Review,support not helpful,Negative,1,Y,Chris, high
FB4484,C1174,29/04/2026,Grocery,Food,Mobile App,South,2,Average,app crash,Negative,9,no,Deepa, high
FB4485,C1129,26/01/2026,Home,Kitchen,website,West,2,Good,bad packaging,Negative,1,no,Deepa,Low
FB4486,C1077,06/02/2025,Home,Furniture,Email,West,2,Good,bad packaging,Negative,6,YES,Chris,Medium
FB4487,C1184,2025/06/02,Home,Kitchen,Email,East,2,Good,  poor quality!!! ,Negative,5,Y,Esha,Medium
FB4488,C1273,2025/03/25,Home,Furniture,Mobile App,North,3,,acceptable,Neutral,12,Yes,Esha,High
FB4489,C1185,2025/07/05,Grocery,Food,Social Media,North,3,Bad,works fine,Neutral,2,N,Chris,Medium
FB4490,C1264,2025/06/18,Grocery,Beverage,Mobile App,North,5,Review,Loved it,Positive,10,YES,Deepa, high
FB4491,C1276,2026/03/28,Beauty,Hair,Survey,North,3,Good,nothing special,Neutral,3,no,Bob,High
FB4492,C1281,18/05/2025,Fashion,Women,Social Media,North,2,,late delivery,Negative,14,Y,Deepa,High
FB4493,C1027,24-04-2025,Home,Furniture,Mobile App, south ,2,Review,bad packaging,Negative,15,Y,Chris,Low
FB4494,C1032,15-02-2025,Electronics,Mobile,website,South,1,Good,poor quality,Negative,6,no,Deepa,Medium
FB4495,C1265,2025/05/06,Fashion,Women,Website, south ,1,Review,,Negative,3,Y,Esha, high
FB4496,C1199,06/10/2025,Grocery,Food,Social Media,West,5,Average,Great support,Positive,10,Yes,Deepa, high
FB4497,C1277,13/03/2025,Home,Furniture,Mobile App,South,4,Average,Fast delivery,Positive,12,No,Alice, high
FB4498,C1280,2026/02/02,Fashion,Women,Social Media,East,1,Bad,late delivery,Negative,5,No,Chris,Low
FB4499,C1255,05-06-2025,Electronics,Mobile,Website, south ,5,,,Positive,13,No,Esha,High
FB4500,C1110,29-03-2026,Fashion,Men,Email,East,1,,poor quality,Negative,1,YES,Chris,Low
FB4501,C1000,19-02-2025,Home,Kitchen,Mobile App, south ,2,Review,poor quality,Negative,8,N,Bob,Medium
FB4502,C1273,17/07/2025,Grocery,Food,Social Media,West,3,Average,  acceptable!!! ,Neutral,10,no,Deepa,High
FB4503,C1216,29-01-2025,Home,Furniture,Social Media,South,2,Bad,late delivery,Negative,12,No,Esha,Medium
FB4504,C1213,01-12-2025,Home,Kitchen,Mobile App,South,4,Bad,Fast delivery,Positive,6,Yes,Bob,Medium
FB4505,C1165,01/09/2025,electronics,Laptop,Survey,East,3,,okay product,Neutral,1,N,Deepa,Low
FB4506,C1017,10/04/2025,Fashion,Men,Social Media,North,2,Bad,support not helpful,Negative,5,N,Alice,Low
FB4507,C1084,29-04-2025,Electronics,Mobile,Website,West,3,Good,okay product,Neutral,11,YES,Alice,High
FB4508,C1116,2025/01/18,Home,Furniture,Website,West,2,Average,support not helpful,Negative,3,Y,Esha,High
FB4509,C1169,23/08/2025,Electronics,Mobile,Website, south ,5,Average,Fast delivery,Positive,15,No,Chris,Low
FB4510,C1145,2025/02/13,Beauty,Hair,Email,West,1,Average,poor quality,Negative,8,YES,Alice,Medium
FB4511,C1220,01/03/2025,Electronics,Mobile,Social Media, south ,1,Good,bad packaging,Negative,11,YES,Chris,Low
FB4512,C1035,09/04/2026,Grocery,Food,Survey,West,4,Average,Loved it,Positive,1,no,Deepa,Medium
FB4513,C1127,13-02-2026,Fashion,Women,Mobile App,West,3,Average,works fine,neutral,7,No,Deepa,High
FB4514,C1152,03-05-2026,Beauty,Skin,Website,North,4,,Great support,Positive,14,Y,Chris,High
FB4515,C1293,2026/02/28,Fashion,Women,Email,North,5,Review,,Positive,8,No,Esha,Medium
FB4516,C1138,11/04/2026,Electronics,Laptop,Mobile App,North,5,Average,Great support,Positive,11,no,Chris,Medium
FB4517,C1192,2025/12/13,Grocery,Beverage,website, south ,3,Review,nothing special,Neutral,1,N,Chris, high
FB4518,C1207,2026/03/03,Home,Furniture,Mobile App,North,3,Bad,,Neutral,14,Y,Chris,Medium
FB4519,C1256,32-13-2025,Electronics,Laptop,Website,North,4,,Fast delivery,Positive,5,YES,Bob,High
FB4520,C1227,08-06-2025,Grocery,Beverage,Mobile App,North,4,Bad,Great support,Positive,1,N,Deepa, high
FB4521,C1250,22/09/2025,Fashion,Men,website, south ,1,Average,late delivery,Negative,10,Yes,Bob,Low
FB4522,C1102,17-06-2025,Beauty,Skin,Survey,East,5,,Fast delivery,Positive,10,no,Esha,Low
FB4523,C1075,2025/04/15,Grocery,Food,website,South,2,Review,bad packaging,Negative,2,Y,Bob,High
FB4524,C1099,32-13-2025,Beauty,Hair,Survey,East,5,Good,,Positive,4,no,Deepa,Low
FB4525,C1178,26/08/2025,Beauty,Skin,Mobile App,North,2,Bad,support not helpful,Negative,9,no,Chris, high
FB4526,C1158,03-11-2025,Electronics,Mobile,Survey, south ,5,Review,Great support,Positive,6,Yes,Chris, high
FB4527,C1081,2025/08/24,Fashion,Men,Email,East,1,Average,poor quality,Negative,2,Y,Deepa,Medium
FB4528,C1198,04-02-2026,Beauty,Skin,Website,West,1,Good,bad packaging,Negative,10,No,Deepa,High
FB4529,C1299,08/01/2026,Electronics,Mobile,website,South,1,Review,late delivery,Negative,11,No,Deepa,Low
FB4530,C1282,2025/02/27,Beauty,Skin,Website,East,4,Review,  Loved it!!! ,Positive,12,Y,Chris,Medium
FB4531,C1270,09/12/2025,electronics,Laptop,Email,North,4,Average,Loved it,Positive,2,Y,Deepa, high
FB4532,C1135,09/01/2026,Beauty,Hair,Social Media,South,1,Review,poor quality,Negative,12,no,Esha,Medium
FB4533,C1079,30-11-2025,Grocery,Beverage,Mobile App, south ,2,,bad packaging,Negative,3,No,Deepa,Medium
FB4534,C1155,2025/06/24,beauty,Hair,Mobile App,West,4,Bad,Fast delivery,Positive,1,N,Esha, high
FB4535,C1267,15/11/2025,Electronics,Mobile,Social Media,East,1,Good,bad packaging,Negative,1,Y,Chris,High
FB4536,C1019,03-03-2026,Electronics,Mobile,Mobile App,East,3,Bad,acceptable,Neutral,10,No,Bob,High
FB4537,C1252,06/07/2025,Beauty,Hair,Mobile App,North,2,Bad,app crash,Negative,11,Y,Chris, high
FB4538,C1052,05/05/2025,Electronics,Laptop,Mobile App,North,3,Review,average experience,Neutral,4,No,Deepa, high
FB4539,C1027,09-10-2025,Electronics,Mobile,website,South,3,,acceptable,Neutral,14,no,Bob,High
FB4540,C1183,24/04/2025,Grocery,Beverage,Email,West,1,Review,app crash,Negative,3,Y,Alice,High
FB4541,C1197,2025/05/13,Fashion,Women,Mobile App,North,3,Review,  average experience!!! ,Neutral,13,YES,Alice,High
FB4542,C1197,20-09-2025,Home,Kitchen,Email,North,5,Bad,Excellent product,Positive,2,N,Alice,High
FB4543,C1186,04-09-2025,Electronics,Mobile,Email,South,5,Good,Fast delivery,Positive,8,Y,Deepa,Low
FB4544,C1000,2025/09/09,Fashion,Men,website,North,3,Average,nothing special,Neutral,12,N,Chris,High
FB4545,C1007,28-12-2025,Beauty,Hair,Survey,North,4,,Excellent product,Positive,8,Y,Chris,Medium
FB4546,C1157,25/02/2025,Beauty,Skin,Mobile App,East,5,Bad,Excellent product,Positive,5,Y,Bob,Medium
FB4547,C1285,15/03/2026,Grocery,Beverage,Social Media,East,4,Bad,Great support,Positive,10,N,Deepa,Medium
FB4548,C1253,2026/03/08,Home,Furniture,website,South,2,,bad packaging,Negative,11,Yes,Chris,Low
FB4549,C1252,18/06/2025,Fashion,Men,Mobile App,West,4,Average,Highly recommend,positive,10,Yes,Esha,High
FB4550,C1211,14/03/2025,Electronics,Laptop,Mobile App, south ,1,Bad,bad packaging,Negative,1,Yes,Deepa,High
FB4551,C1145,2025/04/13,Fashion,Women,website,South,5,Bad,Great support,Positive,9,N,Bob,Low
FB4552,C1197,2025/11/02,Beauty,Hair,Website,West,2,Bad,late delivery,Negative,5,YES,Deepa,High
FB4553,C1094,24-11-2025,Grocery,Food,Mobile App,West,4,Average,Great support,Positive,13,YES,Esha,Medium
FB4554,C1244,25/04/2026,Electronics,Mobile,Mobile App,North,5,Review,Highly recommend,Positive,2,Y,Deepa,Low
FB4555,C1294,29-12-2025,Fashion,Women,Survey,East,5,,Great support,Positive,14,Yes,Bob, high
FB4556,C1236,2026/05/09,Home,Furniture,website,North,5,Average,Fast delivery,Positive,10,no,Alice,Medium
FB4557,C1063,28/02/2026,Electronics,Mobile,website,East,5,Good,Excellent product,Positive,15,no,Bob,Medium
FB4558,C1264,08/10/2025,Electronics,Mobile,website, south ,1,Bad,late delivery,Negative,13,No,Chris,High
FB4559,C1223,16-01-2025,Grocery,Food,Survey,North,1,Bad,,Negative,2,N,Esha, high
FB4560,C1245,2025/08/04,Home,Furniture,Social Media,West,1,Average,poor quality,Negative,5,no,Chris, high
FB4561,C1099,2025/10/25,Electronics,Mobile,Website,North,1,Good,poor quality,Negative,2,No,Bob,Medium
FB4562,C1198,22-03-2025,Beauty,Hair,Survey,North,5,Good,  Highly recommend!!! ,Positive,12,No,Deepa,Low
FB4563,C1107,10/03/2025,Grocery,Food,Social Media,East,2,Bad,bad packaging,Negative,7,no,Chris,High
FB4564,C1075,22/01/2026,Fashion,Men,Email,South,2,Good,poor quality,Negative,3,no,Deepa,Low
FB4565,C1268,2025/04/06,grocery,Food,website, south ,2,Average,app crash,Negative,10,Yes,Alice,High
FB4566,C1106,08-07-2025,Fashion,Women,Website,North,2,Good,  late delivery!!! ,Negative,2,YES,Esha, high
FB4567,C1289,07-12-2025,Home,Kitchen,website,West,5,Bad,Loved it,Positive,12,Yes,Chris,High
FB4568,C1235,32-13-2025,Beauty,Hair,Email,West,5,Review,  Highly recommend!!! ,Positive,7,Yes,Esha,Medium
FB4569,C1293,20/01/2026,Home,Kitchen,Survey,West,5,Good,Fast delivery,Positive,14,Yes,Alice,Medium
FB4570,C1264,06/03/2026,Fashion,Men,Website,West,3,Good,works fine,Neutral,6,Y,Bob,Low
FB4571,C1018,03-02-2026,Home,Kitchen,Mobile App,East,4,Average,Fast delivery,Positive,13,Yes,Chris, high
FB4572,C1273,2025/12/05,Fashion,Men,Email,East,1,,late delivery,Negative,5,YES,Alice, high
FB4573,C1039,2025/11/04,Electronics,Mobile,Mobile App,North,5,Good,Highly recommend,Positive,13,No,Esha,High
FB4574,C1293,28-04-2026,Beauty,Hair,Survey,North,4,Review,Fast delivery,Positive,15,YES,Esha,Low
FB4575,C1046,2026/03/17,Beauty,Skin,Email,West,4,Good,Excellent product,Positive,5,YES,Alice,Low
FB4576,C1097,22/08/2025,Beauty,Skin,Website,South,1,,app crash,Negative,6,Y,Alice, high
FB4577,C1223,22-12-2025,Beauty,Skin,Survey,East,1,Good,bad packaging,Negative,15,no,Esha, high
FB4578,C1245,2025/11/27,Fashion,Men,Email,West,2,,app crash,Negative,7,No,Deepa,High
FB4579,C1089,02-09-2025,Beauty,Hair,Website,North,3,Average,okay product,Neutral,12,N,Alice,Medium
FB4580,C1063,2026/04/30,Beauty,Skin,Social Media,North,3,Bad,works fine,Neutral,12,Y,Bob,Medium
FB4581,C1108,2025/01/23,Electronics,Mobile,Website,North,1,Review,late delivery,Negative,2,YES,Chris,Low
FB4582,C1033,2025/05/08,Fashion,Men,Website,South,2,Review,late delivery,negative,2,N,Bob,High
FB4583,C1205,03-02-2025,Home,Furniture,Survey,North,2,Bad,bad packaging,Negative,12,no,Bob,Medium
FB4584,C1223,32-13-2025,Fashion,Women,Email,South,2,Review,app crash,Negative,4,Yes,Bob,Medium
FB4585,C1001,2026/01/03,Fashion,Women,Website,North,1,Review,support not helpful,Negative,12,N,Chris,Low
FB4586,C1086,2025/06/05,Beauty,Hair,Survey, south ,4,Bad,,Positive,4,Yes,Deepa, high
FB4587,C1097,14-12-2025,Electronics,Mobile,Website,East,5,Review,Loved it,Positive,14,N,Deepa, high
FB4588,C1058,01-02-2026,Home,Kitchen,Email,South,4,Bad,Great support,Positive,9,Yes,Bob,Medium
FB4589,C1030,2025/10/15,Beauty,Skin,Social Media, south ,5,Average,Great support,Positive,12,Yes,Bob,Medium
FB4590,C1172,04-05-2025,Grocery,Food,Survey,West,1,Bad,  app crash!!! ,Negative,14,YES,Esha,Medium
FB4591,C1176,10-04-2026,grocery,Beverage,website,North,4,Bad,Excellent product,Positive,6,YES,Esha,High
FB4592,C1009,2025/05/01,Home,Furniture,Mobile App,South,1,Average,bad packaging,Negative,14,N,Chris,Low
FB4593,C1020,16-02-2025,Beauty,Skin,Mobile App,North,2,Good,poor quality,Negative,2,N,Deepa,Medium
FB4594,C1272,16/05/2025,Grocery,Beverage,Social Media,South,1,Average,,Negative,7,Y,Alice,Medium
FB4595,C1093,32-13-2025,Electronics,Mobile,Email,West,5,Bad,Great support,Positive,8,Y,Chris,High
FB4596,C1281,2025/05/17,Beauty,Skin,Social Media, south ,5,Bad,  Great support!!! ,Positive,13,No,Alice,Low
FB4597,C1145,02-05-2025,Fashion,Men,Website,East,5,Average,Highly recommend,Positive,13,Yes,Deepa,Low
FB4598,C1092,24/11/2025,Electronics,Mobile,Email, south ,5,Average,Highly recommend,Positive,1,N,Alice,Low
FB4599,C1124,16/03/2025,Electronics,Laptop,Mobile App,West,1,Review,support not helpful,Negative,8,Y,Deepa,Medium
FB4600,C1109,02-06-2025,Grocery,Beverage,Social Media,West,1,Review,support not helpful,Negative,15,Y,Deepa,High
FB4601,C1178,2025/11/01,Grocery,Beverage,Social Media,South,2,Average,bad packaging,Negative,5,N,Bob,Medium
FB4602,C1075,13-05-2025,Home,Kitchen,Website,North,3,Good,works fine,Neutral,13,no,Chris,High
FB4603,C1229,2025/04/06,Fashion,Women,Mobile App, south ,2,Average,late delivery,Negative,7,N,Chris,High
FB4604,C1131,2026/02/01,Beauty,Skin,Mobile App, south ,2,Good,  late delivery!!! ,Negative,3,Yes,Chris,High
FB4605,C1218,2025/10/06,Grocery,Beverage,website,West,1,Bad,late delivery,Negative,7,Yes,Bob,High
FB4606,C1109,23/04/2025,Home,Kitchen,Survey,East,1,Review,late delivery,Negative,9,N,Deepa, high
FB4607,C1124,29/12/2025,Fashion,Men,Social Media,East,1,Bad,late delivery,negative,4,No,Alice,High
FB4608,C1246,26/10/2025,Beauty,Skin,Survey,South,5,Average,Highly recommend,Positive,15,No,Alice,Medium
FB4609,C1051,30/04/2025,Grocery,Food,Mobile App,South,5,Review,Highly recommend,Positive,3,Yes,Chris,Medium
FB4610,C1278,25/05/2025,Fashion,Men,Website, south ,3,Bad,nothing special,Neutral,9,N,Alice,Medium
FB4611,C1214,26/01/2025,Electronics,Laptop,Website,East,1,Bad,late delivery,Negative,4,Y,Esha, high
FB4612,C1198,2025/05/10,Electronics,Mobile,website,South,4,Good,  Great support!!! ,Positive,4,N,Deepa,Medium
FB4613,C1183,16-02-2025,Fashion,Women,website,East,2,Review,  support not helpful!!! ,Negative,5,Y,Bob, high
FB4614,C1254,23/06/2025,Home,Furniture,Survey,South,4,Good,Highly recommend,Positive,2,Yes,Alice,Low
FB4615,C1131,2025/06/04,Fashion,Women,Website, south ,1,Good,app crash,Negative,10,N,Chris,Medium
FB4616,C1162,2025/10/29,Electronics,Mobile,Survey,East,4,Good,Fast delivery,Positive,10,No,Chris,High
FB4617,C1029,29-06-2025,Beauty,Skin,Survey,West,2,Bad,bad packaging,Negative,13,Y,Bob, high
FB4618,C1046,28/05/2025,Home,Furniture,Social Media, south ,2,Bad,app crash,Negative,10,No,Chris,Low
FB4619,C1114,2025/10/26,Beauty,Hair,website,West,4,Bad,Excellent product,Positive,12,N,Alice, high
FB4620,C1063,2025/12/18,Fashion,Men,Mobile App, south ,5,Review,Excellent product,Positive,1,No,Alice,High
FB4621,C1200,07-08-2025,Grocery,Beverage,Survey,West,2,Average,poor quality,Negative,5,no,Bob, high
FB4622,C1040,26/12/2025,Electronics,Laptop,Website,North,5,Review,Excellent product,Positive,2,No,Chris, high
FB4623,C1212,03-08-2025,Home,Kitchen,Survey,West,2,Good,poor quality,Negative,12,No,Bob,Low
FB4624,C1071,2025/05/02,Fashion,Women,Mobile App, south ,3,Good,nothing special,Neutral,10,Yes,Bob,High
FB4625,C1213,2025/01/02,Home,Furniture,Email,West,1,Average,late delivery,Negative,4,YES,Alice,Low
FB4626,C1093,07/04/2026,Electronics,Laptop,Mobile App,East,1,,poor quality,Negative,6,no,Alice,Medium
FB4627,C1289,05-02-2025,Grocery,Food,Social Media, south ,5,Review,Loved it,Positive,6,No,Bob, high
FB4628,C1180,12/01/2025,Home,Kitchen,Mobile App,North,2,,support not helpful,Negative,2,no,Alice,Low
FB4629,C1238,10/11/2025,Electronics,Mobile,website,North,5,Average,Loved it,Positive,10,no,Alice, high
FB4630,C1202,2025/08/29,Beauty,Hair,website,South,5,Average,Loved it,Positive,11,Y,Chris,Low
FB4631,C1149,2025/05/19,Fashion,Men,Mobile App,North,5,Review,Great support,Positive,15,Y,Chris,Low
FB4632,C1204,30-08-2025,Fashion,Women,Email,East,5,Good,Loved it,Positive,8,N,Chris, high
FB4633,C1127,2025/03/17,Home,Kitchen,Mobile App,East,1,Review,poor quality,Negative,8,Y,Alice, high
FB4634,C1120,07/09/2025,Fashion,Men,Email,East,3,Bad,,Neutral,8,Yes,Bob, high
FB4635,C1250,2025/04/30,Beauty,Hair,website,West,5,Average,Loved it,Positive,6,No,Alice,Medium
FB4636,C1282,2025/09/17,Electronics,Laptop,Website,South,2,Bad,late delivery,Negative,3,YES,Deepa,Medium
FB4637,C1145,02/01/2025,Grocery,Food,Website,North,1,Review,poor quality,Negative,12,Y,Bob,Low
FB4638,C1297,2026/03/22,Beauty,Skin,Mobile App, south ,1,Good,support not helpful,Negative,7,Yes,Bob,Low
FB4639,C1082,04-12-2025,Beauty,Hair,Website,East,5,Good,Highly recommend,Positive,13,No,Chris,Low
FB4640,C1029,2025/10/15,Fashion,Women,website,North,2,Good,bad packaging,Negative,1,Yes,Alice,Low
FB4641,C1088,11-01-2026,Electronics,Mobile,Social Media,South,4,Average,Excellent product,Positive,2,Yes,Bob,Medium
FB4642,C1117,29/08/2025,Grocery,Beverage,Website,North,2,Bad,support not helpful,Negative,1,YES,Bob, high
FB4643,C1010,07/02/2025,Beauty,Skin,Social Media,West,1,Average,app crash,Negative,2,Y,Alice,High
FB4644,C1115,12/10/2025,Grocery,Food,Social Media,East,2,Good,bad packaging,Negative,7,Y,Bob,Low
FB4645,C1227,14-09-2025,Grocery,Food,website,East,1,,bad packaging,Negative,5,Yes,Bob, high
FB4646,C1121,29/09/2025,Grocery,Food,Website,North,2,,app crash,Negative,1,No,Alice, high
FB4647,C1184,32-13-2025,Beauty,Hair,Email,North,2,Review,app crash,Negative,9,no,Esha,High
FB4648,C1263,11-01-2026,Electronics,Laptop,Survey, south ,1,Bad,  late delivery!!! ,Negative,8,N,Chris,Low
FB4649,C1172,23/10/2025,Grocery,Beverage,Survey,South,3,Good,nothing special,Neutral,10,Yes,Deepa,Low
FB4650,C1209,13-03-2025,Beauty,Skin,Website,South,1,Review,poor quality,Negative,7,Yes,Bob,Low
FB4651,C1092,2025/06/19,Fashion,Men,Social Media,North,3,Average,works fine,Neutral,8,No,Esha, high
FB4652,C1169,01-12-2025,Fashion,Women,Email,East,4,,Great support,Positive,2,no,Bob, high
FB4653,C1186,16-02-2026,Home,Kitchen,Survey,East,4,Bad,,Positive,15,YES,Deepa,Medium
FB4654,C1280,30-05-2025,Home,Kitchen,Website, south ,1,Average,support not helpful,Negative,1,YES,Esha,High
FB4655,C1274,11/12/2025,Home,Kitchen,Social Media,North,5,,Fast delivery,Positive,1,Yes,Bob,High
FB4656,C1119,24/04/2025,Electronics,Mobile,Mobile App,North,4,Good,Excellent product,Positive,12,Yes,Alice,Low
FB4657,C1151,2025/11/28,Electronics,Mobile,Survey, south ,2,Bad,support not helpful,Negative,3,Yes,Bob,High
FB4658,C1209,10-06-2025,Fashion,Women,Social Media,West,2,Good,late delivery,Negative,11,Yes,Esha,Medium
FB4659,C1205,21-03-2025,Home,Furniture,Social Media, south ,5,Bad,Fast delivery,Positive,4,No,Chris,Medium
FB4660,C1213,29-08-2025,Grocery,Beverage,Website,South,2,Average,bad packaging,Negative,3,YES,Alice, high
FB4661,C1224,2025/10/04,Home,Furniture,Website,West,5,Bad,Loved it,Positive,7,No,Chris, high
FB4662,C1019,25/05/2025,Grocery,Food,Social Media,East,4,Bad,  Excellent product!!! ,Positive,14,Yes,Esha, high
FB4663,C1034,2025/05/25,Grocery,Food,website,West,4,Bad,Loved it,Positive,14,no,Chris, high
FB4664,C1218,2026/03/06,Grocery,Food,Website,North,3,,works fine,Neutral,14,Y,Deepa,Medium
FB4665,C1123,02-10-2025,Beauty,Skin,website,West,1,Average,support not helpful,Negative,10,Yes,Deepa,High
FB4666,C1078,2025/06/19,Home,Kitchen,Mobile App,South,5,Average,Excellent product,Positive,6,N,Chris,High
FB4667,C1023,26-03-2026,Fashion,Women,Survey,East,3,Review,okay product,Neutral,6,YES,Esha, high
FB4668,C1015,01/08/2025,Fashion,Men,Email,East,5,Bad,Highly recommend,Positive,2,YES,Chris,High
FB4669,C1063,23/03/2025,Grocery,Beverage,Social Media,West,5,Good,Excellent product,Positive,11,N,Chris,High
FB4670,C1000,2025/06/17,Home,Kitchen,website,South,3,Average,acceptable,Neutral,1,no,Chris,High
FB4671,C1010,22/04/2026,Fashion,Women,Social Media,South,4,Bad,Loved it,Positive,14,YES,Deepa, high
FB4672,C1100,24/03/2025,Grocery,Food,website,North,4,Good,Excellent product,Positive,5,no,Alice, high
FB4673,C1138,26/05/2025,Grocery,Food,Website,West,2,,bad packaging,Negative,7,No,Bob, high
FB4674,C1133,27/08/2025,Home,Furniture,Email,West,3,Bad,acceptable,Neutral,10,no,Chris,Low
FB4675,C1240,04-10-2025,Electronics,Mobile,Social Media,West,2,Average,app crash,Negative,11,no,Chris,High
FB4676,C1238,25/07/2025,Beauty,Skin,Mobile App,South,5,,Fast delivery,Positive,3,N,Alice, high
FB4677,C1122,06/03/2025,Beauty,Skin,Survey,North,5,Average,,Positive,5,Yes,Alice,High
FB4678,C1010,2026/01/23,Electronics,Mobile,Email,North,4,Average,Excellent product,Positive,12,Y,Bob,Low
FB4679,C1290,29-04-2026,Fashion,Women,Survey,West,4,Review,Fast delivery,Positive,14,no,Bob,Medium
FB4680,C1207,2025/02/08,Home,Kitchen,Survey, south ,4,Review,Great support,Positive,15,YES,Alice,Low
FB4681,C1049,2025/04/07,Beauty,Skin,Survey,North,5,Good,Highly recommend,Positive,9,Y,Deepa,Medium
FB4682,C1041,07-06-2025,Grocery,Beverage,Survey,East,2,Bad,poor quality,Negative,14,YES,Deepa, high
FB4683,C1202,07/01/2026,Electronics,Laptop,Mobile App,East,2,Bad,support not helpful,Negative,3,YES,Bob,Low
FB4684,C1075,26/07/2025,Electronics,Laptop,Mobile App,North,2,Bad,  poor quality!!! ,Negative,14,No,Deepa,Medium
FB4685,C1032,30/04/2026,Home,Kitchen,website,North,4,,Highly recommend,Positive,3,no,Deepa,Low
FB4686,C1178,21/03/2026,Fashion,Men,website,North,2,Review,poor quality,Negative,2,Y,Esha, high
FB4687,C1187,2025/06/07,Electronics,Laptop,Email,West,2,,poor quality,Negative,11,N,Bob, high
FB4688,C1215,07-05-2025,home,Furniture,Survey,North,2,Average,app crash,Negative,2,no,Chris,Low
FB4689,C1094,07-10-2025,Home,Furniture,Website,North,3,,  acceptable!!! ,Neutral,4,N,Chris, high
FB4690,C1044,21-06-2025,Electronics,Mobile,website,West,1,Bad,late delivery,Negative,12,no,Alice, high
FB4691,C1154,22-11-2025,Beauty,Hair,Website,West,3,Good,okay product,Neutral,12,No,Esha, high
FB4692,C1241,23/01/2026,Fashion,Women,website,West,2,Bad,poor quality,Negative,7,No,Deepa,High
FB4693,C1259,16-12-2025,Fashion,Men,Survey,East,3,Review,nothing special,Neutral,9,N,Chris,Medium
FB4694,C1179,2025/11/09,Grocery,Beverage,Mobile App,West,5,Average,Great support,Positive,13,N,Chris,Medium
FB4695,C1121,05-08-2025,Fashion,Women,Social Media, south ,5,Bad,Excellent product,Positive,14,YES,Deepa,Medium
FB4696,C1044,07-05-2025,Electronics,Mobile,Survey,West,3,Bad,nothing special,Neutral,12,N,Esha,Low
FB4697,C1284,2025/07/13,Beauty,Skin,Email,West,4,,Loved it,Positive,15,YES,Bob,Medium
FB4698,C1225,2026/01/23,Electronics,Laptop,Survey,South,2,Average,support not helpful,Negative,7,YES,Chris, high
FB4699,C1159,21/10/2025,Fashion,Women,Email,South,3,,nothing special,Neutral,2,Y,Alice, high
FB4700,C1107,19/03/2026,Beauty,Skin,Mobile App,West,3,Review,nothing special,Neutral,10,no,Bob, high
FB4701,C1282,03/05/2026,Beauty,Skin,Email,West,1,Review,late delivery,Negative,9,YES,Chris,Medium
FB4702,C1076,03/05/2025,Electronics,Laptop,website,South,2,Bad,late delivery,Negative,13,N,Bob, high
FB4703,C1041,2025/08/20,Fashion,Women,Website,North,2,Bad,late delivery,Negative,6,Y,Esha,Medium
FB4704,C1056,05/01/2025,Fashion,Women,Email, south ,3,Bad,nothing special,Neutral,2,N,Chris, high
FB4705,C1273,2025/01/28,Home,Furniture,Survey,South,3,Good,works fine,Neutral,6,N,Chris,Low
FB4706,C1019,17/10/2025,Grocery,Food,Social Media,South,5,Bad,Fast delivery,Positive,2,Y,Deepa,Medium
FB4707,C1017,24-09-2025,Fashion,Men,website,South,1,Good,support not helpful,Negative,12,Y,Bob,Low
FB4708,C1193,05/01/2026,Home,Kitchen,website, south ,5,Review,Great support,Positive,4,No,Chris,Medium
FB4709,C1005,2025/01/30,Electronics,Laptop,Social Media,East,1,Review,late delivery,negative,10,Yes,Esha,Low
FB4710,C1268,28/02/2026,Grocery,Beverage,website,West,3,Bad,works fine,Neutral,7,no,Alice, high
FB4711,C1192,32-13-2025,Home,Kitchen,website, south ,1,Bad,bad packaging,Negative,15,No,Deepa,Low
FB4712,C1104,2025/12/19,Home,Kitchen,Survey,East,3,Review,acceptable,Neutral,15,Yes,Esha, high
FB4713,C1114,23-07-2025,Electronics,Mobile,Social Media, south ,5,Average,Loved it,Positive,14,Yes,Bob,Low
FB4714,C1176,2025/06/13,Beauty,Hair,website,North,2,,  late delivery!!! ,Negative,1,YES,Chris, high
FB4715,C1126,28-01-2026,Electronics,Mobile,Website,North,3,Review,okay product,Neutral,7,no,Chris,Medium
FB4716,C1176,06/12/2025,Home,Furniture,Email,North,1,Good,poor quality,Negative,15,Y,Alice, high
FB4717,C1032,24/04/2025,Beauty,Hair,website,West,3,Average,nothing special,Neutral,2,Yes,Alice, high
FB4718,C1263,20/02/2025,Beauty,Hair,Email,South,4,,Great support,Positive,5,No,Chris,Low
FB4719,C1061,11-06-2025,Fashion,Women,Website,West,1,,bad packaging,Negative,1,no,Bob,High
FB4720,C1001,25/10/2025,Electronics,Laptop,Mobile App,West,4,Average,Great support,Positive,7,N,Esha,Low
FB4721,C1185,30/04/2026,Grocery,Beverage,Email, south ,1,Review,app crash,Negative,8,Y,Bob,Medium
FB4722,C1002,2025/01/24,Grocery,Beverage,Mobile App,South,3,Review,okay product,Neutral,9,N,Bob, high
FB4723,C1022,2026/04/21,Electronics,Laptop,website,East,5,Good,Highly recommend,Positive,3,YES,Deepa,Medium
FB4724,C1294,2025/09/29,Beauty,Hair,Social Media,West,1,Bad,bad packaging,Negative,5,Yes,Chris,Low
FB4725,C1110,27/04/2026,Electronics,Mobile,Survey,North,3,Review,nothing special,Neutral,12,YES,Deepa,High
FB4726,C1187,2025/08/17,Electronics,Laptop,Survey,North,5,Average,Loved it,Positive,8,No,Chris, high
FB4727,C1120,19-02-2025,Grocery,Beverage,Mobile App, south ,2,Good,poor quality,Negative,6,no,Deepa,Low
FB4728,C1112,11-05-2026,Beauty,Hair,Website, south ,1,Average,bad packaging,Negative,7,YES,Bob,Low
FB4729,C1026,10/12/2025,Electronics,Mobile,Mobile App,East,2,Bad,support not helpful,Negative,2,No,Deepa,High
FB4730,C1072,15-03-2025,Grocery,Beverage,Website,East,4,Average,Fast delivery,Positive,12,YES,Deepa,Low
FB4731,C1049,2025/12/30,Beauty,Hair,Mobile App,West,2,Good,late delivery,Negative,13,YES,Chris,Medium
FB4732,C1012,09-11-2025,Grocery,Food,website, south ,1,Review,bad packaging,Negative,12,Y,Deepa,High
FB4733,C1219,2025/04/07,Home,Furniture,Mobile App, south ,2,Review,late delivery,Negative,15,Yes,Esha,Low
FB4734,C1071,2025/03/17,Beauty,Hair,Website, south ,1,Average,bad packaging,Negative,15,no,Alice, high
FB4735,C1099,30-01-2026,Fashion,Women,Social Media,North,4,Bad,Great support,Positive,15,N,Chris,High
FB4736,C1115,2025/06/23,Grocery,Food,website,South,1,,support not helpful,Negative,12,Y,Chris, high
FB4737,C1067,20-08-2025,Electronics,Laptop,Mobile App,South,4,Bad,Fast delivery,Positive,15,no,Bob, high
FB4738,C1270,16/04/2025,Electronics,Mobile,Social Media,North,4,Good,Highly recommend,Positive,3,N,Chris,Low
FB4739,C1138,2026/03/05,Home,Kitchen,Social Media, south ,2,,  poor quality!!! ,Negative,3,no,Esha,Low
FB4740,C1183,2026/05/13,Fashion,Women,Mobile App,East,3,,okay product,Neutral,2,Yes,Chris,High
FB4741,C1292,21/05/2025,Electronics,Mobile,Survey,South,2,Bad,poor quality,Negative,10,YES,Deepa,High
FB4742,C1047,15/03/2026,Home,Kitchen,Email,South,2,Average,bad packaging,Negative,4,YES,Chris,High
FB4743,C1111,2025/06/09,Fashion,Women,Website,West,2,Bad,late delivery,Negative,13,Y,Deepa, high
FB4744,C1205,2026/04/13,Electronics,Mobile,Mobile App,West,2,Average,support not helpful,Negative,10,YES,Alice,Low
FB4745,C1085,2025/08/22,Electronics,Mobile,Survey, south ,5,Average,Loved it,Positive,2,Yes,Chris, high
FB4746,C1097,16/12/2025,Grocery,Beverage,Website,North,3,Review,  nothing special!!! ,Neutral,6,no,Bob,High
FB4747,C1026,2025/11/20,Beauty,Hair,website,South,3,Review,acceptable,Neutral,9,No,Alice,High
FB4748,C1069,09-05-2025,Grocery,Food,Social Media,South,5,Bad,Excellent product,Positive,11,Y,Esha,High
FB4749,C1254,22/02/2025,Grocery,Food,website,East,5,Good,Loved it,Positive,2,Y,Bob,High
FB4750,C1206,04-06-2025,Beauty,Hair,Survey,East,4,Good,,Positive,11,N,Bob,Low
FB4751,C1293,2025/03/16,Grocery,Food,Social Media, south ,2,Bad,poor quality,Negative,5,YES,Deepa,Medium
FB4752,C1195,2025/03/07,Electronics,Laptop,Website,West,5,,Loved it,Positive,5,no,Chris, high
FB4753,C1254,22/01/2026,Fashion,Women,Social Media,South,1,Bad,poor quality,Negative,10,no,Deepa,Low
FB4754,C1021,19/04/2026,Fashion,Women,Email, south ,2,Bad,late delivery,Negative,14,Y,Alice,High
FB4755,C1023,19/09/2025,Electronics,Mobile,Website,North,2,Review,late delivery,Negative,9,no,Esha,Low
FB4756,C1157,19/04/2026,Beauty,Skin,website,South,5,Bad,Fast delivery,Positive,6,Y,Alice,Medium
FB4757,C1130,10-05-2026,Home,Kitchen,website,South,2,Average,app crash,Negative,1,no,Bob, high
FB4758,C1048,09/09/2025,Fashion,Men,Email,East,1,Bad,bad packaging,Negative,9,no,Deepa, high
FB4759,C1124,2026/02/18,Fashion,Men,Survey,South,5,Review,Highly recommend,Positive,6,Yes,Bob, high
FB4760,C1256,2025/04/13,Beauty,Hair,Social Media,West,2,Good,bad packaging,Negative,10,N,Deepa,Medium
FB4761,C1128,2025/11/02,Home,Kitchen,Social Media,North,1,,poor quality,Negative,3,Y,Deepa, high
FB4762,C1212,2025/04/21,Grocery,Food,website,South,4,Bad,Excellent product,Positive,4,N,Bob,High
FB4763,C1114,19/06/2025,Home,Furniture,Social Media,South,4,Average,Excellent product,Positive,9,No,Chris,Low
FB4764,C1010,2025/09/05,Home,Furniture,Social Media, south ,2,Average,poor quality,Negative,1,YES,Deepa,Low
FB4765,C1190,02/05/2025,Beauty,Skin,Email,West,2,Bad,poor quality,Negative,13,N,Bob,Medium
FB4766,C1104,24/03/2025,Home,Kitchen,Survey, south ,3,Bad,average experience,Neutral,14,No,Alice,Low
FB4767,C1241,08-12-2025,Grocery,Beverage,Survey,South,5,,Excellent product,Positive,11,N,Deepa,High
FB4768,C1190,26/12/2025,Grocery,Food,Social Media, south ,3,Bad,okay product,Neutral,2,N,Bob, high
FB4769,C1265,23-12-2025,Fashion,Men,website, south ,4,Bad,Fast delivery,Positive,8,Y,Alice,Medium
FB4770,C1238,27/07/2025,Fashion,Men,Email,West,4,Review,Fast delivery,Positive,7,Yes,Alice,High
FB4771,C1131,2026/03/29,Home,Furniture,Mobile App,North,2,Average,support not helpful,Negative,14,YES,Alice,Medium
FB4772,C1052,16/02/2026,Electronics,Laptop,Mobile App, south ,1,Bad,support not helpful,Negative,13,No,Deepa,Low
FB4773,C1012,28/10/2025,Electronics,Mobile,Social Media,East,1,Average,support not helpful,Negative,15,no,Chris,Medium
FB4774,C1159,09/05/2026,Beauty,Hair,Mobile App,North,1,Bad,late delivery,Negative,11,Yes,Deepa,Medium
FB4775,C1098,2025/04/06,Grocery,Food,Website, south ,4,Good,Fast delivery,Positive,6,Yes,Deepa,Low
FB4776,C1172,03-07-2025,fashion,Women,Social Media, south ,2,Good,poor quality,Negative,10,Y,Bob,High
FB4777,C1187,10/10/2025,Fashion,Women,Email,East,5,,,Positive,5,N,Bob, high
FB4778,C1223,24-11-2025,Home,Furniture,Survey, south ,4,Average,Great support,positive,5,YES,Esha, high
FB4779,C1254,31/01/2025,Fashion,Women,website,West,3,Average,acceptable,Neutral,15,YES,Bob,Medium
FB4780,C1106,26/03/2026,Beauty,Hair,website,South,2,Good,support not helpful,Negative,8,N,Alice, high
FB4781,C1278,07/03/2025,Grocery,Beverage,website,North,4,,Excellent product,Positive,13,No,Bob, high
FB4782,C1013,31/03/2026,Fashion,Women,Social Media, south ,3,Bad,works fine,Neutral,1,Y,Chris,Low
FB4783,C1075,2025/08/02,Fashion,Women,website,East,1,Bad,bad packaging,Negative,6,YES,Deepa,High
FB4784,C1032,11/05/2026,Electronics,Laptop,Survey,South,1,Average,,Negative,8,Yes,Esha,Low
FB4785,C1147,05-01-2025,Beauty,Skin,Email,West,3,,average experience,Neutral,14,no,Deepa,Low
FB4786,C1068,26-06-2025,Home,Furniture,Survey,North,1,Bad,late delivery,Negative,14,Y,Alice,Low
FB4787,C1293,32-13-2025,Beauty,Hair,Email, south ,1,Good,support not helpful,Negative,13,Y,Alice,Medium
FB4788,C1101,12-06-2025,Grocery,Beverage,Website, south ,2,Good,poor quality,Negative,15,no,Esha,High
FB4789,C1041,2025/07/06,fashion,Men,Website,North,2,Bad,,Negative,1,N,Chris, high
FB4790,C1105,21/07/2025,home,Furniture,website, south ,2,Average,bad packaging,Negative,9,Yes,Deepa,Low
FB4791,C1230,2025/08/04,Electronics,Mobile,Social Media, south ,1,Average,late delivery,Negative,1,Yes,Chris,Low
FB4792,C1169,14-03-2026,Beauty,Skin,Social Media,West,3,Bad,nothing special,Neutral,10,no,Chris, high
FB4793,C1121,20-02-2025,Beauty,Hair,website,East,4,Good,Excellent product,Positive,12,Yes,Esha,Low
FB4794,C1251,01/02/2026,Beauty,Skin,Social Media,West,5,Average,Excellent product,Positive,9,No,Chris, high
FB4795,C1100,14-03-2026,Beauty,Skin,website,West,2,Bad,poor quality,Negative,7,no,Alice, high
FB4796,C1093,2025/12/27,Fashion,Women,Website, south ,5,,Great support,Positive,5,N,Esha,Low
FB4797,C1254,32-13-2025,Fashion,Men,Website,West,3,Bad,okay product,Neutral,1,Yes,Esha,High
FB4798,C1192,07-09-2025,Electronics,Mobile,Website,South,1,Average,app crash,Negative,3,No,Esha,Low
FB4799,C1183,01/09/2025,Grocery,Food,Social Media, south ,4,Good,Loved it,Positive,8,Yes,Esha,Low
FB4800,C1104,2025/02/15,Home,Furniture,Survey, south ,1,Review,bad packaging,Negative,6,No,Esha,High
FB4801,C1207,13-02-2026,Home,Kitchen,Email,South,3,Bad,works fine,Neutral,1,Y,Deepa,High
FB4802,C1122,15-09-2025,Electronics,Laptop,Survey,North,4,Review,Excellent product,Positive,11,Yes,Esha,High
FB4803,C1176,23/03/2026,Electronics,Laptop,Email,North,3,Average,works fine,Neutral,14,no,Chris,Medium
FB4804,C1253,19/08/2025,Home,Kitchen,Email,East,1,Average,bad packaging,negative,13,N,Deepa,Medium
FB4805,C1130,2026/01/08,Home,Furniture,Social Media,West,2,Review,support not helpful,Negative,10,no,Alice,Low
FB4806,C1295,2025/07/03,Home,Kitchen,Email,West,5,Bad,  Highly recommend!!! ,Positive,13,YES,Esha,Medium
FB4807,C1053,2025/03/20,Fashion,Women,Website,North,4,Average,,Positive,10,Yes,Deepa,Low
FB4808,C1267,16/02/2025,Beauty,Hair,Website,South,4,Good,Great support,Positive,9,Yes,Deepa,High
FB4809,C1209,2025/07/16,Fashion,Men,Website,East,3,Review,okay product,Neutral,13,no,Alice,Medium
FB4810,C1037,2025/04/03,Grocery,Food,Survey, south ,4,Good,Great support,Positive,12,Y,Bob,Low
FB4811,C1149,15-11-2025,Home,Kitchen,Social Media,East,5,Good,Excellent product,Positive,5,no,Esha,Medium
FB4812,C1127,2025/11/04,Electronics,Mobile,Survey,South,1,,bad packaging,Negative,5,Yes,Bob,High
FB4813,C1011,2025/06/29,Electronics,Laptop,Mobile App,West,2,,bad packaging,Negative,8,N,Esha, high
FB4814,C1144,24/04/2025,Grocery,Food,Email, south ,3,,okay product,Neutral,13,N,Chris,High
FB4815,C1289,12/04/2026,Grocery,Beverage,Survey, south ,3,,okay product,Neutral,13,N,Alice,Low
FB4816,C1276,23/09/2025,Electronics,Laptop,Website,East,3,Review,acceptable,Neutral,3,Yes,Chris,Medium
FB4817,C1196,2025/09/07,Grocery,Beverage,website,South,5,,Loved it,Positive,3,No,Alice, high
FB4818,C1233,05/05/2025,Beauty,Hair,website, south ,2,Review,poor quality,Negative,6,No,Esha,Low
FB4819,C1180,04/04/2025,Home,Furniture,Social Media,East,4,Average,Highly recommend,Positive,5,no,Bob, high
FB4820,C1239,24-05-2025,Electronics,Mobile,Email,North,4,,Highly recommend,Positive,6,Y,Esha, high
FB4821,C1233,24-03-2025,Fashion,Women,Email,West,1,Good,support not helpful,Negative,13,N,Esha,Low
FB4822,C1293,04-06-2025,Electronics,Laptop,website,East,1,Review,,Negative,6,No,Alice, high
FB4823,C1096,14/10/2025,Home,Kitchen,Website,North,2,Bad,bad packaging,Negative,9,N,Chris, high
FB4824,C1094,30/07/2025,Fashion,Women,Email,East,4,,Excellent product,Positive,8,Yes,Deepa,High
FB4825,C1263,2026/05/13,Home,Kitchen,Social Media,West,1,Bad,late delivery,Negative,9,Yes,Deepa,Low
FB4826,C1158,22/12/2025,Home,Kitchen,Website,South,3,Good,nothing special,Neutral,13,YES,Chris,High
FB4827,C1076,14-03-2025,Electronics,Laptop,Email,North,2,Bad,bad packaging,Negative,14,No,Esha, high
FB4828,C1273,2026/03/14,Grocery,Beverage,Website, south ,2,Good,late delivery,Negative,2,Yes,Chris, high
FB4829,C1108,27-10-2025,Fashion,Men,Website,South,3,Good,nothing special,Neutral,8,Yes,Alice,Low
FB4830,C1257,2025/10/22,Beauty,Skin,website,North,1,Good,late delivery,Negative,2,N,Chris, high
FB4831,C1272,19-10-2025,Electronics,Mobile,website, south ,5,Review,Great support,Positive,4,N,Chris,High
FB4832,C1267,01/11/2025,Grocery,Beverage,Website,North,3,Average,nothing special,Neutral,14,no,Chris,High
FB4833,C1077,2025/07/17,Electronics,Mobile,Email,East,4,,Great support,Positive,7,YES,Bob, high
FB4834,C1207,2025/03/06,Electronics,Mobile,Survey,East,3,Average,nothing special,Neutral,7,Yes,Alice,High
FB4835,C1164,25-04-2025,Home,Kitchen,Mobile App,East,3,,okay product,Neutral,4,N,Chris,High
FB4836,C1051,08/03/2026,Fashion,Women,Survey,East,2,Review,poor quality,negative,1,Y,Esha,High
FB4837,C1103,2025/09/22,Grocery,Beverage,Website,North,3,Average,works fine,Neutral,9,Yes,Bob,Medium
FB4838,C1228,2025/11/24,Fashion,Men,Email,East,4,Review,,Positive,13,N,Bob,Low
FB4839,C1093,30-07-2025,Fashion,Women,website,West,5,Bad,Loved it,Positive,5,no,Esha, high
FB4840,C1110,07-06-2025,Electronics,Laptop,Mobile App,North,1,Review,  bad packaging!!! ,Negative,5,Y,Alice,Medium
FB4841,C1173,2025/07/05,Fashion,Women,Mobile App,East,2,Average,late delivery,Negative,12,YES,Esha,Medium
FB4842,C1049,16/08/2025,Electronics,Laptop,website,North,2,Bad,late delivery,Negative,12,YES,Bob,Low
FB4843,C1145,09/08/2025,Fashion,Women,Survey,North,1,Review,,Negative,5,YES,Alice,Low
FB4844,C1203,2025/01/21,Fashion,Women,Survey,South,4,Average,Highly recommend,Positive,1,Yes,Deepa,High
FB4845,C1246,24/01/2025,Home,Furniture,Mobile App, south ,4,,Fast delivery,Positive,15,no,Alice,Low
FB4846,C1061,07-10-2025,Beauty,Hair,Survey,East,5,Average,Great support,Positive,14,N,Alice,High
FB4847,C1036,21-04-2026,Electronics,Mobile,Mobile App,East,5,Good,Excellent product,Positive,12,YES,Alice,Low
FB4848,C1187,2025/04/12,Home,Furniture,Survey,North,4,Review,Highly recommend,Positive,15,N,Esha, high
FB4849,C1141,2025/08/23,Home,Furniture,Email,West,2,Good,bad packaging,Negative,11,no,Esha,High
FB4850,C1063,16-03-2025,Fashion,Women,website, south ,4,Review,Loved it,Positive,3,Yes,Deepa,High
FB4851,C1076,02-02-2025,Home,Furniture,Mobile App,North,4,Good,Highly recommend,Positive,5,Yes,Alice, high
FB4852,C1113,01-02-2026,Electronics,Mobile,Survey,West,5,Good,Excellent product,Positive,7,no,Chris,Low
FB4853,C1153,2025/03/17,Beauty,Hair,Social Media, south ,1,,,Negative,2,Yes,Chris, high
FB4854,C1085,19-11-2025,Grocery,Beverage,website, south ,4,Review,  Excellent product!!! ,Positive,4,Yes,Deepa,High
FB4855,C1281,01/10/2025,Grocery,Beverage,Website,South,4,Good,Highly recommend,Positive,12,Yes,Deepa,Medium
FB4856,C1162,11-04-2025,Beauty,Hair,Mobile App,East,5,Average,Loved it,Positive,9,Y,Esha,High
FB4857,C1160,2026/01/24,Grocery,Food,Survey, south ,3,Good,acceptable,Neutral,6,Y,Alice,Medium
FB4858,C1163,25-11-2025,Electronics,Mobile,Website,South,2,Good,late delivery,Negative,4,YES,Chris,Low
FB4859,C1285,23-04-2026,Electronics,Laptop,Website, south ,3,Good,average experience,Neutral,9,Yes,Alice,High
FB4860,C1091,19/01/2026,Home,Furniture,Mobile App,North,4,Good,Excellent product,Positive,1,Yes,Esha,Low
FB4861,C1294,2025/11/05,Grocery,Food,Mobile App, south ,2,,support not helpful,Negative,4,no,Bob,Medium
FB4862,C1018,2025/11/16,Grocery,Beverage,Email, south ,3,Review,nothing special,Neutral,4,N,Bob,Low
FB4863,C1158,15/05/2025,Fashion,Women,Social Media, south ,2,Good,bad packaging,Negative,4,No,Chris, high
FB4864,C1253,2025/07/12,Home,Furniture,website,East,2,Good,poor quality,Negative,1,N,Alice,Low
FB4865,C1094,17/04/2026,Fashion,Men,Social Media,East,3,Bad,acceptable,Neutral,6,no,Alice,Low
FB4866,C1223,27/02/2025,Home,Kitchen,Mobile App,South,2,Review,poor quality,Negative,12,N,Alice,High
FB4867,C1245,31-12-2025,Grocery,Food,Mobile App, south ,1,Average,app crash,Negative,14,No,Alice,Low
FB4868,C1021,2025/04/22,Electronics,Mobile,Social Media, south ,3,Good,average experience,Neutral,10,Y,Chris,High
FB4869,C1208,09-10-2025,Beauty,Skin,Mobile App,South,3,,nothing special,Neutral,3,Yes,Deepa,High
FB4870,C1283,25-11-2025,Home,Kitchen,Survey,West,1,Average,app crash,Negative,7,Y,Alice,Low
FB4871,C1246,21-12-2025,Fashion,Men,Mobile App, south ,3,Review,  works fine!!! ,Neutral,15,no,Bob,Low
FB4872,C1249,03/06/2025,Grocery,Beverage,Website,South,1,,support not helpful,Negative,8,N,Esha,Low
FB4873,C1290,2025/04/19,Grocery,Food,website, south ,4,Review,Loved it,Positive,15,Y,Alice,High
FB4874,C1003,17/04/2026,Home,Furniture,website,East,4,Review,  Excellent product!!! ,Positive,6,Y,Chris,High
FB4875,C1217,22-04-2025,Grocery,Beverage,Website, south ,1,Good,poor quality,Negative,6,N,Chris,High
FB4876,C1045,14-03-2025,Electronics,Laptop,Website,East,1,Bad,late delivery,Negative,14,Y,Esha,High
FB4877,C1169,2025/02/20,Electronics,Mobile,Website,North,1,Average,poor quality,Negative,7,no,Chris,Low
FB4878,C1291,18/01/2025,Beauty,Hair,Website,East,3,Review,average experience,Neutral,13,N,Esha, high
FB4879,C1033,20-02-2026,Home,Kitchen,Social Media,North,2,Average,late delivery,Negative,3,Yes,Chris,Low
FB4880,C1152,07-01-2025,Grocery,Food,Survey,East,5,Review,Highly recommend,Positive,4,Yes,Bob, high
FB4881,C1096,04/05/2026,Grocery,Food,Email, south ,3,Bad,acceptable,Neutral,2,YES,Chris, high
FB4882,C1172,20-11-2025,Fashion,Men,Social Media,West,4,Good,Great support,Positive,3,No,Esha,Medium
FB4883,C1009,03-02-2026,Fashion,Women,Email,North,5,,Fast delivery,Positive,12,N,Esha, high
FB4884,C1222,03/10/2025,Beauty,Hair,website,North,2,Good,late delivery,Negative,2,no,Deepa,Medium
FB4885,C1034,2025/02/04,home,Furniture,website,East,3,Review,works fine,Neutral,7,No,Chris,Medium
FB4886,C1097,04-01-2026,Home,Kitchen,Social Media, south ,4,Bad,Fast delivery,Positive,4,Y,Alice,High
FB4887,C1223,2025/09/07,Fashion,Men,website,West,4,Good,,Positive,7,No,Alice,High
FB4888,C1245,22/11/2025,Grocery,Food,website, south ,3,Review,acceptable,Neutral,9,No,Esha,Medium
FB4889,C1179,2025/06/24,Home,Kitchen,website,South,3,,okay product,Neutral,9,N,Esha, high
FB4890,C1156,18/11/2025,Home,Furniture,Social Media,North,4,Good,Fast delivery,Positive,11,No,Alice,Low
FB4891,C1051,2025/05/29,Fashion,Men,Social Media, south ,1,Review,bad packaging,Negative,5,YES,Bob, high
FB4892,C1019,2026/04/23,Fashion,Men,website, south ,5,Bad,Loved it,Positive,8,Y,Deepa, high
FB4893,C1011,31/03/2026,Electronics,Laptop,Social Media,North,2,Bad,app crash,Negative,15,YES,Chris, high
FB4894,C1052,09/11/2025,Grocery,Food,Mobile App,West,4,Average,Great support,Positive,6,YES,Alice,Medium
FB4895,C1064,29-06-2025,Fashion,Women,Email, south ,4,Review,,Positive,10,No,Alice,High
FB4896,C1122,25/01/2026,Home,Kitchen,website,East,3,Bad,acceptable,Neutral,2,no,Bob, high
FB4897,C1233,21/01/2026,Beauty,Skin,website,North,2,Average,bad packaging,Negative,5,N,Bob,Low
FB4898,C1176,15/03/2025,Electronics,Laptop,website,East,2,Review,  poor quality!!! ,Negative,7,YES,Alice,High
FB4899,C1036,32-13-2025,Home,Kitchen,Survey,West,5,Bad,Fast delivery,Positive,14,Y,Esha,Low
FB4900,C1208,08-03-2025,Beauty,Hair,website, south ,3,Average,acceptable,Neutral,4,YES,Esha,Low
FB4901,C1150,14/05/2026,Grocery,Beverage,Survey,West,5,,,positive,1,N,Deepa,Low
FB4902,C1026,2025/09/10,Fashion,Women,Social Media,North,4,Bad,Excellent product,Positive,3,No,Alice,Medium
FB4903,C1193,26/07/2025,Electronics,Laptop,Mobile App,West,3,Average,works fine,Neutral,8,no,Deepa,Medium
FB4904,C1172,13/03/2025,Beauty,Hair,Email,South,4,,Loved it,Positive,3,No,Chris,High
FB4905,C1036,01-04-2026,Grocery,Beverage,Website,North,4,Bad,Great support,Positive,9,No,Bob,Medium
FB4906,C1040,06/09/2025,Electronics,Laptop,Social Media, south ,2,,late delivery,Negative,13,No,Chris, high
FB4907,C1075,18-02-2026,Electronics,Laptop,website,West,4,Review,Fast delivery,Positive,5,N,Chris,Low
FB4908,C1066,09/03/2026,Grocery,Beverage,Website,South,2,Review,  app crash!!! ,Negative,13,no,Chris, high
FB4909,C1252,2025/11/18,Home,Furniture,Survey,South,5,Good,Fast delivery,Positive,3,N,Chris,High
FB4910,C1248,12/10/2025,Grocery,Food,Email,South,2,,poor quality,Negative,13,No,Deepa,Low
FB4911,C1073,19/01/2025,Electronics,Laptop,website, south ,3,,nothing special,Neutral,11,N,Esha,Medium
FB4912,C1057,22-06-2025,Beauty,Skin,Social Media,East,2,Review,support not helpful,Negative,8,Yes,Chris,High
FB4913,C1029,2026/04/27,Beauty,Hair,website, south ,4,Review,  late delivery!!! ,Positive,6,YES,Alice,Medium
FB4914,C1249,14-01-2026,Fashion,Women,Mobile App,South,4,Review,Loved it,Positive,15,no,Deepa,Low
FB4915,C1141,11/02/2025,Fashion,Women,Mobile App,East,3,Good,acceptable,neutral,4,N,Bob, high
FB4916,C1163,02-02-2025,Beauty,Skin,website,South,2,Bad,late delivery,Negative,2,N,Chris,High
FB4917,C1123,16-03-2026,Grocery,Beverage,Email,North,3,Bad,works fine,Neutral,15,no,Bob, high
FB4918,C1239,30-01-2026,Electronics,Laptop,Survey,North,3,Average,nothing special,Neutral,6,YES,Alice, high
FB4919,C1220,24-10-2025,Fashion,Men,Survey, south ,2,Bad,bad packaging,Negative,3,Yes,Alice,Medium
FB4920,C1197,2025/10/03,Beauty,Skin,Social Media,West,1,Review,late delivery,Negative,11,no,Esha,Low
FB4921,C1123,2026/03/19,Home,Furniture,Social Media,North,2,Bad,,Negative,1,Y,Bob,High
FB4922,C1260,05/03/2025,Electronics,Mobile,website,North,5,Bad,Highly recommend,Positive,7,Yes,Esha,Low
FB4923,C1100,15-03-2025,Home,Kitchen,Website, south ,5,,Highly recommend,Positive,8,no,Esha, high
FB4924,C1276,13/07/2025,Grocery,Food,Mobile App,West,5,Average,,Positive,6,no,Esha, high
FB4925,C1090,2026/02/23,Electronics,Mobile,website,South,5,Good,Fast delivery,Positive,4,Y,Esha,High
FB4926,C1148,2026/05/05,Beauty,Skin,Mobile App,West,5,Review,Great support,Positive,11,YES,Alice,High
FB4927,C1094,2025/01/20,Fashion,Men,Website, south ,5,Bad,Excellent product,Positive,3,N,Alice,High
FB4928,C1152,22/07/2025,Grocery,Beverage,Mobile App,South,3,,works fine,Neutral,9,No,Bob, high
FB4929,C1253,09/04/2026,Electronics,Laptop,website, south ,3,Average,nothing special,Neutral,11,Yes,Chris, high
FB4930,C1251,18-04-2026,Home,Kitchen,Email,East,1,Average,late delivery,Negative,6,N,Chris,Low
FB4931,C1177,2025/11/13,Fashion,Women,Survey,North,1,Bad,  support not helpful!!! ,negative,6,Y,Alice,Medium
FB4932,C1054,2025/12/16,Fashion,Men,Mobile App,North,2,Bad,poor quality,Negative,1,Y,Bob,Low
FB4933,C1245,2026/04/17,Grocery,Beverage,Website,South,3,Good,average experience,Neutral,13,YES,Chris,High
FB4934,C1264,2025/08/13,Beauty,Hair,Mobile App,West,5,Bad,Great support,Positive,11,Yes,Chris,Medium
FB4935,C1136,2025/08/18,Beauty,Skin,Email,South,3,Average,acceptable,Neutral,12,no,Deepa,High
FB4936,C1293,2026/01/18,Electronics,Laptop,Social Media,East,2,,,Negative,12,Y,Bob,Medium
FB4937,C1005,20/02/2026,Fashion,Women,Email,North,1,Review,poor quality,Negative,6,no,Deepa,Low
FB4938,C1047,2026/04/06,Grocery,Beverage,Email, south ,3,,nothing special,Neutral,3,N,Chris,High
FB4939,C1043,26-07-2025,Electronics,Mobile,website,South,1,Bad,app crash,Negative,3,Yes,Alice,Medium
FB4940,C1086,29/03/2025,Grocery,Beverage,Website, south ,5,Bad,Fast delivery,Positive,15,YES,Alice,Low
FB4941,C1149,14/04/2025,Home,Kitchen,Website,East,2,Bad,app crash,Negative,1,No,Bob,Low
FB4942,C1065,2025/05/18,Beauty,Hair,Mobile App,North,1,Good,support not helpful,Negative,8,no,Esha,High
FB4943,C1166,2025/07/22,Electronics,Mobile,Website,North,1,Review,support not helpful,Negative,14,Yes,Esha,High
FB4944,C1072,2026/04/23,Grocery,Beverage,Email,South,2,,late delivery,Negative,15,YES,Deepa,High
FB4945,C1277,24-03-2025,Grocery,Beverage,Mobile App, south ,2,Average,poor quality,Negative,11,Y,Deepa,Low
FB4946,C1081,15-03-2026,Beauty,Skin,Website, south ,3,Good,average experience,Neutral,10,YES,Alice,Low
FB4947,C1014,26-05-2025,Beauty,Hair,website,East,1,Bad,  app crash!!! ,Negative,3,YES,Chris,Low
FB4948,C1027,2025/12/03,Home,Furniture,Website, south ,1,Bad,  late delivery!!! ,Negative,9,No,Bob, high
FB4949,C1151,2025/06/26,Home,Furniture,Mobile App,South,5,Good,Fast delivery,Positive,12,N,Chris,High
FB4950,C1030,20-02-2026,Beauty,Hair,website,East,4,Review,Loved it,Positive,14,no,Esha,High
FB4951,C1203,2025/12/12,electronics,Laptop,Survey,East,1,Bad,support not helpful,Negative,5,N,Alice,High
FB4952,C1054,20-03-2026,Home,Kitchen,Website,West,1,Bad,app crash,Negative,15,YES,Alice,Low
FB4953,C1158,16/09/2025,Grocery,Beverage,Email,East,5,Bad,Loved it,Positive,11,N,Esha,Low
FB4954,C1074,2025/09/02,Grocery,Food,Social Media,North,1,,support not helpful,Negative,12,No,Deepa,Low
FB4955,C1081,31/05/2025,Electronics,Mobile,website,South,3,Bad,nothing special,Neutral,6,N,Chris, high
FB4956,C1218,29-04-2026,Beauty,Hair,Website,West,1,Bad,support not helpful,Negative,2,N,Alice,High
FB4957,C1233,22-12-2025,Electronics,Mobile,Email,North,4,Good,Highly recommend,Positive,7,Yes,Chris, high
FB4958,C1085,27-08-2025,Beauty,Hair,Website, south ,2,,bad packaging,Negative,14,YES,Chris,Medium
FB4959,C1124,2025/08/25,Grocery,Food,Survey,North,3,Average,works fine,neutral,9,YES,Chris,Medium
FB4960,C1045,2025/08/05,Beauty,Hair,Email,West,3,Review,  nothing special!!! ,Neutral,1,No,Chris, high
FB4961,C1116,24-03-2025,Beauty,Hair,Email, south ,5,Bad,Loved it,Positive,12,YES,Alice,Medium
FB4962,C1215,11-01-2026,Fashion,Women,Survey, south ,2,Good,support not helpful,Negative,7,YES,Bob,High
FB4963,C1145,2025/07/30,Electronics,Mobile,Email,West,1,Bad,app crash,Negative,13,No,Alice,Medium
FB4964,C1108,14/04/2026,Fashion,Women,website,West,3,Average,acceptable,Neutral,8,no,Deepa,Low
FB4965,C1053,14/07/2025,Fashion,Women,Survey,North,3,,average experience,Neutral,8,YES,Alice, high
FB4966,C1245,13-01-2025,Grocery,Food,Survey,South,2,Bad,app crash,Negative,11,No,Bob, high
FB4967,C1174,2026/01/01,Beauty,Skin,website,East,3,Good,okay product,Neutral,5,no,Bob,High
FB4968,C1046,23/01/2026,Fashion,Men,Mobile App,South,2,Good,poor quality,Negative,11,no,Deepa,High
FB4969,C1003,19/08/2025,Beauty,Hair,Mobile App,North,4,Bad,Loved it,Positive,9,Yes,Esha, high
FB4970,C1228,27/04/2025,Beauty,Hair,Website, south ,2,,support not helpful,negative,10,no,Chris, high
FB4971,C1066,32-13-2025,beauty,Skin,Social Media,West,1,Review,  bad packaging!!! ,Negative,5,no,Esha,Low
FB4972,C1246,11/09/2025,Electronics,Mobile,Mobile App,West,4,,Great support,Positive,13,YES,Chris,Medium
FB4973,C1272,09-04-2025,Grocery,Food,Social Media,East,5,,Fast delivery,Positive,7,no,Esha,Medium
FB4974,C1043,28/10/2025,Beauty,Skin,Mobile App,South,4,Average,  Excellent product!!! ,Positive,7,No,Bob,Medium
FB4975,C1273,01/10/2025,Beauty,Skin,Website,West,4,Review,Great support,Positive,6,no,Alice,Medium
FB4976,C1182,23/04/2025,Beauty,Skin,Email,North,5,Review,Excellent product,Positive,13,YES,Alice,Medium
FB4977,C1222,2025/10/03,Grocery,Food,website,West,3,,average experience,Neutral,10,Yes,Deepa, high
FB4978,C1086,2026/01/16,Home,Furniture,website, south ,4,Review,Highly recommend,Positive,4,Y,Chris, high
FB4979,C1029,2025/02/07,Home,Kitchen,Website,West,5,Bad,Great support,Positive,3,Yes,Esha,High
FB4980,C1041,2026/04/02,Grocery,Beverage,website,West,1,Good,late delivery,Negative,9,No,Esha,High
FB4981,C1248,19/01/2025,Home,Furniture,website,East,3,Bad,acceptable,Neutral,3,No,Chris,High
FB4982,C1018,03-11-2025,Beauty,Skin,Website,North,5,Review,Highly recommend,Positive,7,Y,Bob,Low
FB4983,C1261,07-02-2025,Fashion,Women,Mobile App,West,3,,acceptable,Neutral,2,No,Esha,High
FB4984,C1167,15/05/2025,Electronics,Mobile,Email,North,1,Average,poor quality,Negative,8,YES,Alice,Medium
FB4985,C1254,2025/04/03,Home,Furniture,Website, south ,5,Bad,Excellent product,Positive,13,N,Chris, high
FB4986,C1050,10/02/2026,Fashion,Women,Survey,North,4,Review,Highly recommend,Positive,5,no,Esha,Medium
FB4987,C1031,2025/04/25,Fashion,Women,Mobile App,East,4,Bad,Excellent product,Positive,13,YES,Bob,Low
FB4988,C1209,2025/09/04,Electronics,Mobile,Social Media,West,1,Good,bad packaging,negative,6,Y,Esha, high
FB4989,C1172,18/10/2025,Electronics,Laptop,Survey,South,5,Average,Excellent product,Positive,4,N,Bob,High
FB4990,C1064,17-03-2025,Beauty,Skin,Email,South,3,,works fine,Neutral,14,Yes,Bob,High
FB4991,C1083,28/02/2025,Beauty,Skin,Social Media,North,1,Review,poor quality,Negative,4,Y,Alice, high
FB4992,C1201,22-01-2026,Electronics,Laptop,Mobile App,South,3,Good,acceptable,Neutral,5,no,Alice,Low
FB4993,C1082,2025/12/10,Grocery,Food,Mobile App,West,5,Good,Loved it,Positive,7,no,Bob,Medium
FB4994,C1128,2025/06/19,Beauty,Skin,Website,North,3,,nothing special,Neutral,7,no,Deepa, high
FB4995,C1228,05/02/2025,Home,Kitchen,website, south ,2,Review,bad packaging,Negative,5,YES,Esha, high
FB4996,C1279,29/04/2025,fashion,Men,Mobile App,North,5,,Excellent product,Positive,4,No,Esha,High
FB4997,C1081,14-06-2025,Electronics,Laptop,website,South,3,Average,okay product,Neutral,8,Yes,Deepa,High
FB4998,C1200,32-13-2025,Electronics,Laptop,Website,East,2,,late delivery,Negative,6,Y,Deepa, high
FB4999,C1091,04-08-2025,Home,Kitchen,website,East,3,Average,nothing special,Neutral,1,YES,Alice,Low
FB5000,C1279,05-01-2025,Grocery,Beverage,Website,North,3,Good,works fine,Neutral,10,N,Esha,Low
FB1,C1171,30/05/2025,Home,Furniture,Email, south ,5,Good,Excellent product,Positive,11,N,Chris,High
FB2,C1274,05/05/2025,Beauty,Skin,Mobile App, south ,1,Good,poor quality,Negative,10,no,Bob,High
FB3,C1063,07/09/2025,Grocery,Food,Email,West,4,Average,Great support,Positive,8,N,Chris, high
FB4,C1123,32-13-2025,Electronics,Laptop,Website, south ,3,Bad,acceptable,Neutral,9,No,Deepa,Low
FB5,C1085,24/11/2025,Grocery,Beverage,Social Media,West,2,Good,app crash,Negative,8,No,Chris,Medium
FB6,C1249,22-09-2025,Grocery,Food,Social Media,West,3,Review,average experience,Neutral,3,No,Alice,High
FB7,C1177,2025/07/20,Electronics,Laptop,Mobile App,East,1,,bad packaging,Negative,4,Yes,Deepa,High
FB8,C1077,15/09/2025,Electronics,Mobile,website,South,2,Good,support not helpful,Negative,12,N,Bob,Medium
FB9,C1168,09/09/2025,Electronics,Laptop,Social Media, south ,5,Good,Great support,Positive,4,Yes,Bob, high
FB10,C1091,2025/06/24,Fashion,Women,Email,East,2,Average,app crash,Negative,1,N,Bob,Medium
FB11,C1182,03/03/2026,fashion,Women,Mobile App,North,4,Average,Great support,Positive,11,Yes,Bob, high
FB12,C1123,2025/09/18,Electronics,Mobile,Email,West,1,Review,poor quality,Negative,3,No,Alice,Low
FB13,C1232,05/10/2025,Fashion,Women,Survey,South,5,Good,Excellent product,Positive,12,no,Alice, high
FB14,C1245,26/03/2026,Grocery,Food,Mobile App, south ,2,Good,poor quality,Negative,8,Y,Esha,Medium
FB15,C1245,2025/10/11,Grocery,Beverage,Mobile App,East,4,Good,Highly recommend,Positive,6,Yes,Alice,High
FB16,C1280,28-03-2026,Electronics,Laptop,Website, south ,2,,bad packaging,Negative,15,Yes,Chris, high
FB17,C1124,21-03-2026,Home,Kitchen,Email, south ,2,,late delivery,Negative,14,Yes,Bob,Low
FB18,C1276,2025/02/06,Electronics,Laptop,Mobile App, south ,1,Average,app crash,Negative,14,N,Deepa,Low
FB19,C1027,08-03-2025,Beauty,Hair,Mobile App,East,1,Average,app crash,Negative,5,Yes,Esha,Medium
FB20,C1080,16/08/2025,Electronics,Laptop,Email,North,3,Good,acceptable,Neutral,14,N,Bob,Low
